episode,reward,tcr,dd,epsilon,loss,completed,missed
1,-111.0,0.10526315789473684,156.0,0.9997720273578113,0.0,6,13
2,-100.0,0.1875,159.57142857142858,0.9994301709658051,0.0,7,9
3,-92.0,0.23529411764705882,240.125,0.9988227300582114,0.0,8,9
4,-44.0,0.09090909090909091,206.33333333333334,0.9986709305656853,6.9544879368373325,3,8
5,-74.0,0.3333333333333333,131.57142857142858,0.9984622459171139,6.8060347768995495,7,2
6,7.0,0.6666666666666666,204.0,0.9983484372762589,6.681453188260396,6,0
7,-136.0,0.23529411764705882,121.66666666666667,0.9980070932844445,6.357269309815907,9,8
8,-103.0,0.21428571428571427,123.6,0.9977227338125126,6.1719740566454435,5,9
9,7.0,0.75,166.33333333333334,0.9970974431768043,5.502982062763638,3,1
10,-48.0,0.1111111111111111,144.25,0.9969837983024519,5.390807189047337,4,14
11,-119.0,0.3125,162.77777777777777,0.9965672170857873,4.70949325799942,9,7
12,12.0,0.6666666666666666,145.0,0.9964536358347483,4.495283746719361,6,0
13,-39.0,0.3333333333333333,179.33333333333334,0.9963400682126419,4.351151716709137,6,0
14,-129.0,0.3125,128.14285714285714,0.9960372878382574,3.9225526213645936,7,9
15,-56.0,0.16666666666666666,314.5,0.9958102661328705,3.6618299007415773,6,6
16,-38.0,0.2222222222222222,218.66666666666666,0.9955265656102368,3.4373844909667968,6,12
17,-42.0,0.4444444444444444,248.22222222222223,0.9953563861450383,3.363828480243683,9,0
18,-130.0,0.23076923076923078,274.0,0.9950728217659784,3.303849945068359,10,3
19,-180.0,0.21052631578947367,169.4,0.9946381882413408,3.2151278972625734,10,9
20,4.0,0.23076923076923078,159.75,0.9944870582219462,3.223604829311371,4,9
21,-143.0,0.21052631578947367,164.28571428571428,0.9941093389475485,3.1675572896003725,7,12
22,-6.0,0.15789473684210525,188.6,0.9940149327340431,3.160697717666626,5,14
23,-18.0,0.5,116.0,0.9939016577387506,3.107617235183716,6,0
24,-74.0,0.2631578947368421,208.14285714285714,0.9934675628256754,2.970158029794693,7,12
25,-42.0,0.16666666666666666,217.0,0.9933354866124304,2.924690181016922,7,11
26,-47.0,0.23529411764705882,218.71428571428572,0.9930336675503398,2.8277369153499605,7,10
27,-169.0,0.06666666666666667,168.8,0.9927130906045418,2.7823231410980225,5,10
28,-140.0,0.21428571428571427,215.25,0.9922041629584467,2.628078269958496,8,6
29,-89.0,0.2222222222222222,66.25,0.9920157409686821,2.583387656211853,4,5
30,-17.0,0.5,208.33333333333334,0.9918838679962698,2.519988033771515,6,0
31,-48.0,0.25,165.66666666666666,0.9916955100590922,2.4603278744220733,6,10
32,-11.0,0.2727272727272727,211.4,0.9915448508305424,2.459686349630356,5,6
33,-1.0,0.6,172.2,0.9913565606900181,2.448013161420822,5,0
34,-101.0,0.05263157894736842,148.0,0.9911306622243526,2.4243081116676333,4,15
35,-106.0,0.16666666666666666,120.8,0.9907354703423229,2.3824213695526124,5,7
36,-47.0,0.375,239.375,0.9905849647078401,2.389389100074768,8,0
37,-3.0,0.625,150.57142857142858,0.9903028315405188,2.3740698099136353,7,1
38,-153.0,0.2631578947368421,165.22222222222223,0.9898327976430152,2.4394406604766847,9,10
39,-52.0,0.16666666666666666,118.5,0.989362998703716,2.3772991502285006,4,8
40,-53.0,0.1111111111111111,275.1666666666667,0.9892314970892253,2.378742616176605,6,12
41,-86.0,0.3076923076923077,231.66666666666666,0.9887995499560216,2.3978239810466766,6,7
42,-26.0,0.08333333333333333,134.0,0.9887432236728296,2.4020243656635283,3,9
43,-63.0,0.3333333333333333,233.71428571428572,0.9883678014728061,2.3831463086605074,7,2
44,-64.0,0.2857142857142857,199.5,0.9880488106518179,2.4007498455047607,12,9
45,-27.0,0.3,172.0,0.987936251548221,2.407663358449936,6,4
46,-102.0,0.25,94.42857142857143,0.9875611520724982,2.4395467936992645,7,5
47,-157.0,0.05555555555555555,164.66666666666666,0.987242435465687,2.4324712073802948,6,12
48,-187.0,0.125,176.55555555555554,0.9868863510005432,2.434377212524414,9,7
49,-57.0,0.4666666666666667,79.33333333333333,0.9865678637870975,2.4466659772396087,12,3
50,0.0,0.6666666666666666,225.83333333333334,0.9864554823864619,2.4544624710083007,6,0
51,-77.0,0.3333333333333333,154.0,0.9860996969066775,2.4187795341014864,8,4
52,-28.0,0.42857142857142855,119.5,0.9858376256832271,2.3848532223701477,6,1
53,-97.0,0.21052631578947367,261.22222222222223,0.9854259477037237,2.3930640864372252,9,10
54,-31.0,0.4,156.4,0.9853324097859271,2.4141548609733583,5,0
55,-40.0,0.25,178.66666666666666,0.9851266592891588,2.4046230936050415,6,6
56,-10.0,0.5714285714285714,303.2857142857143,0.9849022558204228,2.3865561151504515,7,0
57,-114.0,0.29411764705882354,197.0,0.9845844430846705,2.339708709716797,9,8
58,-38.0,0.2631578947368421,221.83333333333334,0.9842667383868808,2.359576278924942,6,13
59,-60.0,0.25,266.0,0.984061222312033,2.3444938015937806,7,5
60,-46.0,0.3333333333333333,129.5,0.9836689989713291,2.379033319950104,4,2
61,-42.0,0.36363636363636365,142.85714285714286,0.9832769403298391,2.300265337228775,7,4
62,14.0,0.7142857142857143,194.14285714285714,0.983127627964694,2.308479663133621,7,0
63,-44.0,0.21428571428571427,169.4,0.982810418499851,2.3182199478149412,5,9
64,-57.0,0.375,212.625,0.9826611807722274,2.3342922723293302,8,0
65,-93.0,0.3333333333333333,194.3,0.9824000721985175,2.301588929891586,10,2
66,-37.0,0.3076923076923077,111.4,0.982064468584801,2.286077091693878,5,8
67,-69.0,0.19047619047619047,174.1,0.9817848911829327,2.2839964032173157,10,11
68,-26.0,0.5,129.4,0.9816358175265539,2.28523286819458,5,3
69,23.0,0.75,163.25,0.9815053976417052,2.2636429250240324,4,0
70,-132.0,0.13333333333333333,231.125,0.9812818631714806,2.2552022540569308,8,7
71,-55.0,0.375,119.75,0.9810956254232419,2.230474928617477,4,4
72,-35.0,0.5,174.0,0.9808535720289367,2.2135024642944336,10,0
73,-36.0,0.42857142857142855,140.0,0.9807232616507919,2.2244290959835054,6,1
74,-190.0,0.13333333333333333,227.375,0.9804254778550121,2.188541343212128,8,7
75,-54.0,0.2,94.5,0.980313833496465,2.199160717725754,4,1
76,-114.0,0.10526315789473684,227.4,0.9799417823782508,2.1684769916534425,5,14
77,-77.0,0.3157894736842105,220.71428571428572,0.9795698800507237,2.2464408147335053,7,12
78,-102.0,0.1111111111111111,207.0,0.9792538800145566,2.2072593712806703,6,12
79,-53.0,0.4,182.0909090909091,0.9789008306237837,2.2237768530845643,11,4
80,-36.0,0.16666666666666666,207.0,0.9787336435215621,2.22338707447052,4,8
81,-35.0,0.42857142857142855,198.4,0.9783807917831001,2.2081478226184843,5,2
82,-48.0,0.36363636363636365,226.85714285714286,0.9781208815505316,2.2080894112586975,7,4
83,-78.0,0.21052631578947367,200.42857142857142,0.97778681816819,2.142491180896759,7,12
84,-154.0,0.1,204.57142857142858,0.9773230407131318,2.098621197938919,7,13
85,-3.0,0.6,140.5,0.9772303130455211,2.1122625780105593,4,1
86,-220.0,0.15789473684210525,263.14285714285717,0.9768780324641133,2.098134518861771,7,12
87,-140.0,0.29411764705882354,145.84615384615384,0.9765629475005547,2.087499006986618,13,4
88,-20.0,0.5,199.25,0.9764147092883279,2.106342122554779,8,0
89,-172.0,0.13333333333333333,214.55555555555554,0.976081260017454,2.1370954608917234,9,6
90,-78.0,0.2222222222222222,146.33333333333334,0.9758219935636465,2.1553622686862948,6,3
91,14.0,0.7142857142857143,188.0,0.9756923875571798,2.152827607393265,6,1
92,2.0,0.625,205.33333333333334,0.9750631307052179,2.0540674233436587,6,2
93,-82.0,0.15384615384615385,247.85714285714286,0.974804149287711,2.0229418683052063,7,6
94,-126.0,0.2,126.75,0.9745637314645674,2.004397975206375,8,7
95,-25.0,0.2727272727272727,100.4,0.9744527904733843,1.985012753009796,5,6
96,-70.0,0.09090909090909091,169.16666666666666,0.9742494332295972,1.9261366629600525,6,16
97,-103.0,0.16666666666666666,73.4,0.9739167633178115,1.8692299699783326,5,7
98,-89.0,0.3,145.14285714285714,0.9737319984422514,1.8697752606868745,7,3
99,62.0,1.0,209.16666666666666,0.9736026850146207,1.842744368314743,6,0
100,44.0,1.0,242.2,0.9735103293639787,1.8551975786685944,5,0
101,-100.0,0.2727272727272727,284.0,0.9733071794388298,2.263558485507965,6,5
102,-43.0,0.2,197.5,0.9730302288296666,2.6034263241291047,8,12
103,-16.0,0.5,202.6,0.9729194718477588,2.6811256504058836,5,1
104,21.0,0.7142857142857143,175.28571428571428,0.9727718165450024,2.7744585502147676,7,0
105,-22.0,0.5,147.375,0.972568829074803,2.9228470051288604,8,0
106,-76.0,0.1875,188.16666666666666,0.972310545963985,3.053129433393478,6,10
107,-33.0,0.4444444444444444,243.4,0.9720523351623143,3.1846990168094633,5,4
108,-74.0,0.25,176.5,0.9718863806783367,3.281198227405548,8,0
109,0.0,0.6666666666666666,82.0,0.9717388906569445,3.3356265103816987,5,1
110,19.0,0.7142857142857143,180.71428571428572,0.971554561312362,3.1544691348075866,7,0
111,-96.0,0.3333333333333333,146.77777777777777,0.971167589666345,2.8137144088745116,9,12
112,37.0,0.8333333333333334,215.16666666666666,0.9710202146423147,2.7746102714538576,6,0
113,-99.0,0.4117647058823529,246.08333333333334,0.9706702934499879,2.7329024040699004,12,5
114,-44.0,0.4444444444444444,135.77777777777777,0.9705045877111308,2.705053664445877,9,0
115,-54.0,0.23529411764705882,254.0,0.9702836931184915,2.6921541655063628,7,10
116,-112.0,0.0625,207.5,0.9699156532541242,2.6795530319213867,6,10
117,-55.0,0.21052631578947367,133.42857142857142,0.9696213273397407,2.6866666328907014,7,12
118,-69.0,0.15384615384615385,183.25,0.9693638694138772,2.6477245092391968,4,9
119,-63.0,0.2857142857142857,155.2,0.9692351674815048,2.656582386493683,5,2
120,6.0,0.625,182.625,0.9690145775131643,2.6213515496253965,8,0
121,-208.0,0.06666666666666667,224.8,0.9687389144914311,2.581763905286789,5,10
122,-24.0,0.375,189.5,0.9685919280243435,2.5627599799633027,4,4
123,-75.0,0.36363636363636365,280.125,0.9683714924149487,2.538019152879715,8,3
124,-59.0,0.25,206.5,0.9681878364826711,2.537404193878174,8,8
125,-65.0,0.2777777777777778,232.75,0.967949138677245,2.5237085998058317,8,10
126,-23.0,0.21428571428571427,195.5,0.967783922702167,2.47785751581192,6,8
127,-47.0,0.4444444444444444,202.42857142857142,0.9676187364632882,2.449683381319046,7,2
128,-163.0,0.11764705882352941,172.875,0.9672517623684148,2.4287833976745605,8,9
129,9.0,0.5714285714285714,200.14285714285714,0.9670133079106218,2.437189487218857,7,0
130,-40.0,0.375,194.625,0.9668299235880833,2.43933895945549,8,0
131,-41.0,0.21428571428571427,181.5,0.9665915787941163,2.4292633855342864,4,10
132,-44.0,0.375,190.14285714285714,0.9664632649552634,2.4078605222702025,7,1
133,-66.0,0.2,182.0,0.9661517204107523,2.4070158231258394,5,15
134,-217.0,0.16666666666666666,194.54545454545453,0.9658219651509126,2.517210236787796,11,7
135,22.0,0.75,163.0,0.9650529977117255,2.5363965833187105,6,2
136,-75.0,0.05555555555555555,177.2,0.9649431979401182,2.5321634578704835,5,13
137,-102.0,0.2727272727272727,242.0,0.964613877670065,2.5285159170627596,9,2
138,7.0,0.6666666666666666,147.66666666666666,0.9645041305897011,2.4939398074150088,6,0
139,-94.0,0.2,121.5,0.9640469928183728,2.399589092731476,6,4
140,-84.0,0.3,145.66666666666666,0.9638459245982679,2.293485243320465,6,4
141,-98.0,0.2727272727272727,242.57142857142858,0.9635900835587975,2.2568974471092225,7,4
142,-3.0,0.3076923076923077,249.6,0.9634073838126693,2.259795904159546,5,8
143,-66.0,0.3333333333333333,141.33333333333334,0.9632429852798948,2.2511611926555632,6,3
144,-86.0,0.3333333333333333,158.0,0.9630238332627217,2.2468907046318054,10,2
145,-124.0,0.23076923076923078,168.83333333333334,0.9627499671947071,2.2424786043167115,6,7
146,-87.0,0.2857142857142857,161.875,0.9622572152674161,2.2447394585609435,8,6
147,-116.0,0.25,170.625,0.962038299806658,2.291413732767105,8,4
148,-38.0,0.42857142857142855,227.33333333333334,0.9618194368793063,2.2638133192062377,6,1
149,-35.0,0.5384615384615384,239.66666666666666,0.9615459320760142,2.2566067922115325,9,4
150,-85.0,0.058823529411764705,216.75,0.9613636411193024,2.25229332447052,4,13
151,-6.0,0.6,186.2,0.9612725093118568,2.243180613517761,5,0
152,-66.0,0.3333333333333333,202.66666666666666,0.9610902730342297,2.229562337398529,6,3
153,-114.0,0.15789473684210525,124.42857142857143,0.9606894814946993,2.2347532725334167,7,12
154,41.0,1.0,120.5,0.9606166292503083,2.229826114177704,4,0
155,-125.0,0.16666666666666666,236.14285714285714,0.9602706606693868,2.2371086466312406,7,11
156,-71.0,0.16666666666666666,247.16666666666666,0.9601432316971293,2.2353305125236513,6,0
157,-66.0,0.2857142857142857,251.8,0.9599248235315502,2.2850010633468627,5,2
158,-9.0,0.75,179.33333333333334,0.959251728238111,2.3228704965114595,3,1
159,-136.0,0.25,241.2,0.9588153921375985,2.254533904790878,10,6
160,-43.0,0.3333333333333333,191.16666666666666,0.9587063408337511,2.2350237095355987,6,0
161,-9.0,0.5714285714285714,200.0,0.9585609594500385,2.2078408682346344,7,0
162,-61.0,0.10526315789473684,152.83333333333334,0.9583065979936582,2.17672665476799,6,13
163,-150.0,0.13333333333333333,232.33333333333334,0.958015986382638,2.126502603292465,9,6
164,-67.0,0.25,283.6,0.9578162448380092,2.136436107158661,5,7
165,-104.0,0.2727272727272727,201.125,0.9576165472316871,2.1694860911369322,8,3
166,-8.0,0.5,125.0,0.9575257901148952,2.1735173690319063,4,0
167,-69.0,0.21052631578947367,170.83333333333334,0.9571628523912333,2.222474448680878,6,13
168,34.0,1.0,272.75,0.9570902822658857,2.2308580231666566,4,0
169,-40.0,0.4444444444444444,221.75,0.9568363325414718,2.24343084692955,8,1
170,-52.0,0.15789473684210525,192.75,0.9564374123240372,2.299930205345154,4,15
171,-166.0,0.08333333333333333,201.83333333333334,0.9562017692317625,2.3509048330783844,6,6
172,-187.0,0.13333333333333333,163.2,0.9558937130027503,2.3281257367134094,5,10
173,-13.0,0.4666666666666667,163.7,0.9555133175319298,2.3164555621147156,10,5
174,-34.0,0.3333333333333333,251.0,0.9551873914078406,2.30968852519989,4,5
175,-90.0,0.3076923076923077,234.0,0.9548977777832415,2.3048720133304594,8,5
176,-122.0,0.125,199.16666666666666,0.9546444418741445,2.2912395799160006,6,10
177,-27.0,0.21428571428571427,193.6,0.9544454419877223,2.2494096207618712,5,9
178,-124.0,0.15789473684210525,171.75,0.9541379828084688,2.215168068408966,8,11
179,-98.0,0.2857142857142857,196.57142857142858,0.9538306281475671,2.2199440681934357,7,7
180,-31.0,0.42857142857142855,124.0,0.9537041007167534,2.2130465650558473,6,1
181,-55.0,0.2,139.66666666666666,0.9535233779694872,2.212227431535721,9,6
182,-80.0,0.29411764705882354,247.125,0.9530897908173032,2.2893616259098053,8,9
183,-54.0,0.2727272727272727,192.75,0.9529091909197315,2.310526614189148,8,3
184,-158.0,0.1111111111111111,126.16666666666667,0.9526022539770559,2.3684577465057375,6,12
185,-74.0,0.3,203.16666666666666,0.9523134674640896,2.318870908021927,6,4
186,-20.0,0.5,245.33333333333334,0.9522051963443909,2.3604929411411284,6,0
187,0.0,0.6,111.0,0.9520428140238963,2.3610545241832734,4,1
188,17.0,0.8,311.2,0.9519526142525576,2.366308890581131,5,0
189,-85.0,0.2857142857142857,202.6,0.9516099373718725,2.412241600751877,10,4
190,-65.0,0.16666666666666666,282.75,0.9513935769511922,2.4042278826236725,4,8
191,8.0,0.6363636363636364,200.5,0.9511412220809765,2.3499444723129272,10,1
192,-152.0,0.10526315789473684,205.55555555555554,0.950834886145529,2.3455895805358886,9,10
193,21.0,0.8,275.2,0.9507448071609388,2.374249566793442,5,0
194,-136.0,0.2,152.5,0.9504386059836539,2.4184950971603394,10,5
195,-116.0,0.058823529411764705,97.33333333333333,0.9501145064269203,2.39310772895813,6,11
196,-21.0,0.5,95.0,0.9500064991667143,2.3710932528972624,6,0
197,-72.0,0.3125,230.71428571428572,0.9497185431623988,2.367201656103134,7,9
198,-22.0,0.5,298.0,0.9495386174469377,2.3485026073455813,6,0
199,-107.0,0.3333333333333333,215.875,0.9490709789624087,2.3398393857479096,8,7
200,-178.0,0.11764705882352941,250.33333333333334,0.948711422486913,2.288216598033905,9,8
201,-74.0,0.25,165.0,0.9485137277211874,2.5430507504940034,7,1
202,-6.0,0.6,250.4,0.9484238808408342,2.60282777428627,5,0
203,-122.0,0.18181818181818182,162.33333333333334,0.9481903209959112,2.6699862670898438,6,5
204,-55.0,0.3,227.9,0.9478670306761017,2.7589599359035493,10,10
205,-65.0,0.3,174.71428571428572,0.9474720560833869,2.807471858263016,7,3
206,-57.0,0.3,206.85714285714286,0.9472746339482796,2.8551801371574403,7,3
207,-149.0,0.17647058823529413,307.0,0.9469696124293339,2.902115249633789,7,10
208,-122.0,0.125,239.5,0.9465571012924517,2.59752188205719,6,10
209,-53.0,0.15789473684210525,336.3333333333333,0.9463419534069205,2.530716233253479,6,13
210,-177.0,0.13333333333333333,262.1111111111111,0.9460193283796833,2.452632814645767,9,6
211,-61.0,0.2857142857142857,287.25,0.9458938944542898,2.4554015719890594,4,3
212,-35.0,0.42857142857142855,188.42857142857142,0.9457684780884167,2.4413406538963316,7,0
213,-55.0,0.375,169.625,0.9456072542729395,2.4223868358135223,8,0
214,-58.0,0.375,151.5,0.9449805485675357,2.353347933292389,6,2
215,-44.0,0.36363636363636365,201.0,0.9446047356633717,2.3484460949897765,7,4
216,-85.0,0.35714285714285715,152.625,0.9442469653279437,2.3174187004566194,8,6
217,6.0,0.6666666666666666,288.6666666666667,0.9441217795160092,2.29400182723999,6,0
218,-73.0,0.3,197.28571428571428,0.9438893380720321,2.308132884502411,7,3
219,-44.0,0.3333333333333333,138.0,0.9433352984524572,2.2311261892318726,4,2
220,7.0,0.6666666666666666,107.83333333333333,0.9431923762387869,2.2015822458267214,6,0
221,-31.0,0.45454545454545453,185.33333333333334,0.9428530276161379,2.1770490264892577,6,5
222,-61.0,0.16666666666666666,126.625,0.9426566215555212,2.178396954536438,8,10
223,-34.0,0.2857142857142857,114.85714285714286,0.9424245610030958,2.1739130353927614,7,7
224,-48.0,0.25,176.0,0.9416752391310996,2.1616609942913056,2,2
225,-16.0,0.16666666666666666,115.0,0.9416039079652538,2.159813734292984,3,9
226,-9.0,0.35294117647058826,242.375,0.9413542938186348,2.1576431965827942,8,9
227,2.0,0.6666666666666666,250.83333333333334,0.9412473377208708,2.112857996225357,6,0
228,-81.0,0.16666666666666666,290.4,0.9410334640256878,2.100338968038559,5,7
229,-41.0,0.375,193.125,0.9408730924360392,2.1085304915905,8,0
230,-17.0,0.5,137.33333333333334,0.9403921508320439,2.1089532005786897,3,1
231,-36.0,0.4444444444444444,136.33333333333334,0.9402140902085333,2.090343006849289,9,0
232,-1.0,0.75,90.33333333333333,0.939626742754976,2.0576203155517576,3,1
233,-38.0,0.42857142857142855,189.0,0.9395022037289256,2.089340124130249,6,1
234,-107.0,0.29411764705882354,253.5,0.9391286912464714,2.0728210413455965,10,7
235,-38.0,0.42857142857142855,223.16666666666666,0.93891532596543,2.050528407096863,6,1
236,-8.0,0.5714285714285714,176.14285714285714,0.9387020118859118,2.019054148197174,7,0
237,8.0,0.625,191.5,0.9383466021678399,1.9986201465129851,6,2
238,-128.0,0.25,265.6666666666667,0.9378670245002932,1.9267356622219085,9,7
239,-108.0,0.16666666666666666,219.25,0.9374941986489124,1.8748596656322478,8,10
240,-102.0,0.09090909090909091,110.25,0.9371215293515105,1.8628302884101868,4,18
241,-34.0,0.36363636363636365,203.6,0.9368909077359884,1.8807000458240508,5,6
242,-87.0,0.1111111111111111,108.71428571428571,0.9366071480494841,1.8937295627593995,7,11
243,-120.0,0.2857142857142857,184.7,0.9363234791515526,1.9564205765724183,10,4
244,-152.0,0.25,181.66666666666666,0.9360399010131462,1.9731064915657044,6,10
245,-22.0,0.5454545454545454,149.3,0.9358272769528108,1.9866750609874726,10,1
246,-116.0,0.16666666666666666,283.3,0.9355969917991703,2.0328288674354553,10,2
247,-69.0,0.16666666666666666,133.5,0.9352251191613351,2.0410640943050384,6,12
248,-72.0,0.16666666666666666,140.16666666666666,0.9349595914567338,2.054559055566788,6,12
249,24.0,0.8571428571428571,274.1666666666667,0.9341281202934353,1.989922115802765,6,1
250,-32.0,0.05263157894736842,65.0,0.9339689915537988,1.9851768660545348,3,16
251,-60.0,0.2857142857142857,123.2,0.9338098914547575,1.9520518910884856,5,2
252,-40.0,0.42857142857142855,236.66666666666666,0.9336861667308866,1.9503009390830994,6,1
253,-104.0,0.2777777777777778,182.0909090909091,0.9333150964710689,1.9634861505031587,11,7
254,-53.0,0.3333333333333333,202.71428571428572,0.9330501416873324,1.9171474039554597,7,2
255,-86.0,0.3333333333333333,144.57142857142858,0.9327676108493373,1.905556664466858,7,5
256,-110.0,0.2,206.14285714285714,0.9325734233363602,1.8915729570388793,7,3
257,-26.0,0.4444444444444444,280.42857142857144,0.9323439840746892,1.8906176912784576,7,2
258,-33.0,0.2727272727272727,252.0,0.9321675329235776,1.8853108644485475,5,6
259,-202.0,0.15,205.0,0.9317089250548372,1.8686396980285644,7,13
260,-81.0,0.13333333333333333,238.6,0.9314973403040098,1.8307299292087555,5,10
261,-52.0,0.375,191.33333333333334,0.9313034322198142,1.880941972732544,6,2
262,-114.0,0.15384615384615385,176.0,0.9310743231129116,1.9111040258407592,7,6
263,-26.0,0.23076923076923078,143.0,0.9306515089213414,1.9629630064964294,4,9
264,-61.0,0.4117647058823529,156.66666666666666,0.9302817129501844,1.937194983959198,12,5
265,50.0,1.0,243.8,0.9301760854824052,1.9237788307666779,5,0
266,10.0,0.6666666666666666,100.11111111111111,0.9300176680450154,1.9010529112815857,9,0
267,-168.0,0.1111111111111111,141.5,0.9297009187028217,1.8994817280769347,6,12
268,-90.0,0.2,81.33333333333333,0.9293666958600766,1.8565970194339751,6,9
269,-26.0,0.42857142857142855,135.14285714285714,0.9292435931400476,1.8864421510696412,7,0
270,-21.0,0.23529411764705882,164.4,0.9289974393971006,1.8987857353687287,5,12
271,-118.0,0.15384615384615385,242.16666666666666,0.928663483825707,1.9226028621196747,6,7
272,5.0,0.625,226.14285714285714,0.9285229089145876,1.9418651735782624,7,1
273,-37.0,0.5,191.5,0.9280310738122773,1.9791449189186097,8,2
274,-99.0,0.2857142857142857,124.75,0.9277150395152914,2.013527113199234,8,6
275,-111.0,0.29411764705882354,154.45454545454547,0.9273289298482608,1.9902357137203217,11,6
276,-66.0,0.3333333333333333,102.83333333333333,0.9269780684532786,2.0294094026088714,6,3
277,-13.0,0.1875,248.0,0.9268202266071494,2.0231629467010497,5,11
278,-32.0,0.14285714285714285,131.66666666666666,0.9266448800970634,2.037037832736969,3,4
279,-110.0,0.35294117647058826,169.5,0.9263468715021624,2.015289285182953,12,5
280,2.0,0.6666666666666666,59.333333333333336,0.9262417161870272,2.00648687005043,6,0
281,-50.0,0.14285714285714285,151.75,0.9260840068723777,2.017650465965271,4,10
282,-23.0,0.5,91.66666666666667,0.9259788830991056,2.0083679831027985,6,0
283,-28.0,0.3333333333333333,333.0,0.9258562546396641,1.999930177927017,7,2
284,-62.0,0.36363636363636365,157.57142857142858,0.9255410031366691,1.9754253542423248,7,4
285,-39.0,0.16666666666666666,296.85714285714283,0.9252783802311336,1.9682030594348907,7,11
286,27.0,0.8333333333333334,247.66666666666666,0.9251733531272581,1.965766850709915,6,0
287,-38.0,0.23529411764705882,266.0,0.9249108405001829,1.9865768957138061,7,10
288,-13.0,0.17647058823529413,241.8,0.9247708659639643,1.9807356309890747,5,12
289,-80.0,0.15,294.6666666666667,0.9244560051305678,1.9702975618839265,6,14
290,-28.0,0.5,180.0,0.9238790545818061,2.0671383476257326,3,1
291,-30.0,0.4,208.0,0.9236693487744099,2.065516722202301,5,0
292,-40.0,0.2857142857142857,167.0,0.9234596932903685,2.0802324199676514,9,5
293,-36.0,0.5,150.11111111111111,0.9232850188197397,2.1021315133571625,9,1
294,-69.0,0.3333333333333333,186.0,0.9231103792805119,2.1078721332550048,6,3
295,12.0,0.3125,157.83333333333334,0.9229357746656992,2.1187450766563414,6,10
296,-9.0,0.5,179.0,0.9224121702979182,2.0885951602458954,2,2
297,-120.0,0.3333333333333333,195.9,0.9220109529866376,2.0671318578720093,10,8
298,-30.0,0.23529411764705882,246.33333333333334,0.9218016954698272,2.0644934797286987,6,11
299,-80.0,0.25,178.8,0.9216622183570187,2.0535841584205627,5,3
300,-144.0,0.19047619047619047,193.25,0.9211568008556155,2.04789870262146,8,13
301,-84.0,0.09523809523809523,198.66666666666666,0.9209651674398759,2.2691650664806366,6,15
302,-52.0,0.375,151.85714285714286,0.9207909918245302,2.3791098833084106,7,1
303,-43.0,0.1875,133.6,0.920616851040824,2.434457631111145,5,11
304,-87.0,0.2631578947368421,162.9,0.9203382982193193,2.5134820091724395,10,9
305,-53.0,0.375,177.0,0.9201990552313404,2.548744546175003,4,4
306,-19.0,0.45454545454545453,195.16666666666666,0.9199902325178129,2.6185523784160614,6,5
307,-58.0,0.15789473684210525,241.8,0.9196944861184937,2.7114449453353884,5,14
308,1.0,0.6,230.6,0.9195901290417092,2.7364191889762877,5,0
309,-93.0,0.2,165.8,0.9193814524529317,2.7593157279491423,5,5
310,-114.0,0.2222222222222222,83.125,0.9190859130036511,2.5836153745651247,8,10
311,-32.0,0.25,261.5,0.9188773574122021,2.5520680701732634,4,4
312,-69.0,0.38461538461538464,196.875,0.9184951354699347,2.5100432550907135,8,5
313,-44.0,0.45454545454545453,171.14285714285714,0.9181478068860945,2.4984002888202665,7,4
314,-15.0,0.5714285714285714,132.57142857142858,0.9180262747005818,2.486336307525635,7,0
315,-133.0,0.13333333333333333,170.28571428571428,0.9176617802144077,2.4364708185195925,7,8
316,-239.0,0.19047619047619047,159.36363636363637,0.9172627475800513,2.4041495609283445,11,10
317,-93.0,0.2,212.42857142857142,0.9170546294958012,2.3807928121089934,7,3
318,-45.0,0.17647058823529413,210.0,0.9168292245960391,2.362656363248825,5,12
319,-21.0,0.375,260.6,0.9165345527567277,2.373718020915985,5,3
320,-66.0,0.3333333333333333,233.28571428571428,0.9163785905742491,2.347591437101364,7,2
321,-29.0,0.3076923076923077,276.85714285714283,0.9161880082491471,2.33252604842186,7,6
322,-23.0,0.5,172.0,0.9160147879701026,2.3278575360774996,7,3
323,-185.0,0.21052631578947367,215.6,0.9155645773452654,2.346153005361557,10,9
324,44.0,1.0,142.0,0.9154780252152095,2.3382963228225706,5,0
325,-107.0,0.2,188.83333333333334,0.9152357252917216,2.325542365312576,6,4
326,-96.0,0.06666666666666667,228.57142857142858,0.9149761935058484,2.314891129732132,7,8
327,-34.0,0.4444444444444444,237.57142857142858,0.9146648581199182,2.317542312145233,7,2
328,-16.0,0.4,151.33333333333334,0.9144573634543253,2.2947605454921725,6,4
329,-150.0,0.15789473684210525,199.71428571428572,0.9141807813535161,2.246554913520813,7,12
330,44.0,1.0,186.0,0.9140943675961407,2.2142911624908446,5,0
331,-81.0,0.125,188.75,0.9138524550425517,2.2688834261894226,4,12
332,-118.0,0.15384615384615385,93.16666666666667,0.9134379053640136,2.270943892002106,6,7
333,-25.0,0.42857142857142855,213.0,0.9133170325185592,2.2873672258853914,5,2
334,-119.0,0.05,176.66666666666666,0.9130408152652709,2.3047100567817687,6,14
335,-38.0,0.16666666666666666,211.6,0.9128854818989455,2.3092479026317596,5,7
336,-3.0,0.6,83.4,0.9127991976650391,2.3079375433921814,5,0
337,-11.0,0.625,210.71428571428572,0.9124541470007067,2.30395287156105,7,1
338,-21.0,0.5,202.16666666666666,0.9122471828421189,2.2797183907032013,6,2
339,-45.0,0.375,137.42857142857142,0.9121092343290397,2.252825001478195,7,1
340,-26.0,0.5,195.33333333333334,0.9115404299604716,2.202418224811554,3,1
341,-102.0,0.16666666666666666,202.25,0.9111269897876701,2.141384006738663,8,10
342,-193.0,0.0625,170.71428571428572,0.9106965339157121,2.1722622764110566,7,9
343,-3.0,0.6,180.8,0.9106104685656597,2.169335261583328,5,0
344,-33.0,0.5,208.8,0.9104211550878214,2.1674866104125976,10,0
345,-160.0,0.2,208.0,0.9101630674563754,2.174657038450241,6,9
346,-2.0,0.5714285714285714,252.42857142857142,0.9099738523959549,2.1722811126708983,7,0
347,17.0,0.75,51.5,0.9098534644839699,2.151613837480545,4,0
348,-63.0,0.36363636363636365,197.57142857142858,0.9095611639999435,2.14470166683197,7,4
349,-63.0,0.2857142857142857,209.2,0.9094408338602898,2.1647894513607024,5,2
350,-57.0,0.2727272727272727,137.0,0.9091830402811021,2.149618092775345,3,8
351,-39.0,0.42857142857142855,210.85714285714286,0.9089940408029451,2.1654453611373903,7,0
352,-157.0,0.15384615384615385,235.16666666666666,0.9087707313838188,2.1465412724018096,6,7
353,-138.0,0.25,152.1,0.9084444605012867,2.1558633840084074,10,6
354,-73.0,0.1,156.75,0.9080839895320787,2.2302149868011476,4,6
355,-16.0,0.25,256.5,0.9080153455587117,2.2259220373630524,4,4
356,-75.0,0.25,152.14285714285714,0.9078266029451375,2.215365768671036,7,1
357,-113.0,0.3076923076923077,217.0,0.9075692935625912,2.1903197026252745,9,4
358,-54.0,0.26666666666666666,126.44444444444444,0.9073806490696625,2.188197317123413,9,6
359,-21.0,0.375,290.6,0.9070891891999644,2.195659250020981,5,3
360,33.0,0.8333333333333334,145.16666666666666,0.9069692051125584,2.182787302732468,6,0
361,10.0,0.375,305.625,0.9067635571820702,2.1848206079006194,8,8
362,-37.0,0.2857142857142857,248.66666666666666,0.9065579586011632,2.1529321706295015,3,4
363,21.0,0.8,158.4,0.9064723070879501,2.1450381648540495,5,0
364,0.0,0.2857142857142857,203.83333333333334,0.9063352824810769,2.1606935930252074,6,8
365,5.0,0.3333333333333333,246.57142857142858,0.9061982797963869,2.1678890085220335,7,8
366,-104.0,0.3125,165.57142857142858,0.9058558689711989,2.207403795719147,7,9
367,-79.0,0.15789473684210525,162.5,0.9055649274386119,2.226152309179306,6,13
368,-142.0,0.21428571428571427,212.33333333333334,0.9052569794986891,2.2063664412498474,9,5
369,-19.0,0.5,143.0,0.9047268845178247,2.183716902732849,4,2
370,-98.0,0.35714285714285715,168.0,0.9044875944923266,2.218913027048111,10,4
371,22.0,0.8,271.4,0.9044021500051729,2.219650239944458,5,0
372,-11.0,0.5714285714285714,241.2,0.9042825420769225,2.2039465951919555,5,2
373,-42.0,0.29411764705882354,140.25,0.9040433764498913,2.197088179588318,8,9
374,27.0,0.8333333333333334,241.66666666666666,0.9039408973935837,2.200697511434555,6,0
375,-16.0,0.5,200.16666666666666,0.9037530510600115,2.2166066372394564,6,0
376,-104.0,0.3076923076923077,127.14285714285714,0.9035311041210882,2.2641787683963774,7,6
377,-63.0,0.25,230.14285714285714,0.9034116181307258,2.264023045301437,7,1
378,-116.0,0.05263157894736842,135.8,0.9030703217473007,2.2993103647232056,5,14
379,-30.0,0.4,235.0,0.9029679594505517,2.2919116401672364,4,1
380,-88.0,0.15789473684210525,205.85714285714286,0.9026779996402996,2.320147178173065,7,12
381,-122.0,0.16666666666666666,164.0,0.9023369966455891,2.3915427684783936,5,13
382,-19.0,0.5,165.4,0.902132460311736,2.411374331712723,5,3
383,-78.0,0.25,103.57142857142857,0.9019279730607128,2.372843072414398,7,9
384,-147.0,0.17647058823529413,191.16666666666666,0.9016383667857288,2.4000332832336424,6,11
385,-90.0,0.3,166.42857142857142,0.9013829135955875,2.4219725561141967,7,3
386,-90.0,0.3333333333333333,198.7,0.9011615828123013,2.4524159455299377,10,2
387,-59.0,0.2857142857142857,114.0,0.9009913675178357,2.449538006782532,7,0
388,-74.0,0.17647058823529413,256.0,0.9007701385232967,2.41398411154747,5,12
389,-57.0,0.2857142857142857,210.83333333333334,0.9006170136800117,2.42501650929451,6,1
390,-124.0,0.18181818181818182,227.33333333333334,0.9003958820048183,2.4134139966964723,6,5
391,-18.0,0.5,207.33333333333334,0.9002598295481844,2.4227507555484773,6,2
392,-128.0,0.26666666666666666,143.875,0.8999707903455868,2.390847285985947,8,7
393,-76.0,0.3076923076923077,161.28571428571428,0.8996988432065391,2.355171984434128,7,6
394,-66.0,0.11764705882352941,171.2,0.8993250579543142,2.335672506093979,5,12
395,5.0,0.625,179.0,0.8991382269937234,2.3968377125263216,8,0
396,-16.0,0.35714285714285715,114.33333333333333,0.8988835237330247,2.340493921041489,6,8
397,-43.0,0.1875,257.0,0.8987137640048168,2.3508983635902405,6,10
398,-53.0,0.16666666666666666,209.33333333333334,0.898561009275634,2.3735534036159516,6,12
399,-152.0,0.2777777777777778,227.11111111111111,0.8982386173504545,2.47426385641098,9,9
400,-63.0,0.4166666666666667,184.0,0.898018103977924,2.534513385295868,8,4
401,4.0,0.5555555555555556,253.0,0.897814604053937,2.6829525327682493,6,3
402,-54.0,0.11764705882352941,150.0,0.8975942009105332,2.720580905675888,4,13
403,-66.0,0.25,136.85714285714286,0.89735690775687,2.729954560995102,7,1
404,-174.0,0.2,208.0909090909091,0.8968994585490835,2.8639969432353976,11,9
405,-35.0,0.42857142857142855,197.85714285714286,0.896780900924114,2.8651542294025423,7,0
406,-143.0,0.23529411764705882,225.45454545454547,0.896442256297185,2.808528070449829,11,6
407,-93.0,0.4,282.3333333333333,0.8961883617063886,2.7062347602844237,9,6
408,11.0,0.75,182.75,0.8961206693451828,2.7059156942367553,4,0
409,-103.0,0.2,149.57142857142858,0.8959345432725455,2.6912124907970427,7,3
410,-31.0,0.2857142857142857,138.0,0.895765373281454,2.6591887307167053,8,6
411,-34.0,0.2,292.0,0.8956300616469484,2.6304800403118134,5,10
412,19.0,0.8,214.6,0.8955455028687931,2.620521949529648,5,0
413,-25.0,0.16666666666666666,99.25,0.8953933183752919,2.6132412254810333,4,14
414,-4.0,0.625,185.71428571428572,0.8950721299439763,2.597313346862793,7,1
415,-41.0,0.3333333333333333,84.33333333333333,0.8949031324183034,2.5804485595226287,6,3
416,-18.0,0.1111111111111111,172.25,0.8948355428713279,2.5994177639484404,4,14
417,-15.0,0.5,133.0,0.8943119071785862,2.63425435423851,4,2
418,31.0,0.8333333333333334,214.66666666666666,0.8941599447123263,2.6267923760414122,6,0
419,-50.0,0.42857142857142855,143.6,0.893552368305887,2.6247362625598907,5,2
420,-57.0,0.25,243.25,0.8932993405514561,2.599207068681717,8,12
421,-149.0,0.21428571428571427,205.42857142857142,0.8930295279348007,2.5663930225372313,7,7
422,-75.0,0.36363636363636365,164.44444444444446,0.8927766570089557,2.5205406737327576,9,2
423,-45.0,0.375,207.16666666666666,0.8926081185319634,2.4909256720542907,6,2
424,-50.0,0.2,228.6,0.8923216804688926,2.4874832940101625,5,15
425,-25.0,0.6,228.66666666666666,0.8913956360381898,2.4462392377853392,3,2
426,-114.0,0.21428571428571427,155.375,0.8909414050481343,2.423732628822327,8,6
427,-9.0,0.5,89.0,0.890436991544289,2.396973338127136,2,2
428,-21.0,0.21052631578947367,179.42857142857142,0.8902353108689676,2.362601549625397,7,12
429,-134.0,0.13333333333333333,229.57142857142858,0.8899160821081433,2.3672853195667267,7,8
430,-10.0,0.5,233.75,0.8898320946993729,2.346554299592972,4,0
431,-52.0,0.25,268.8333333333333,0.8895633914238862,2.314532902240753,6,6
432,19.0,0.7142857142857143,141.5,0.8894458607764241,2.310618803501129,6,1
433,-70.0,0.16666666666666666,173.75,0.8891604976982324,2.309922218322754,4,8
434,-50.0,0.2222222222222222,169.4,0.889009462402231,2.296613999605179,5,4
435,-23.0,0.15384615384615385,83.75,0.8888081242927941,2.2875473046302797,4,9
436,-8.0,0.6,138.2,0.8887242476742657,2.2865355682373045,5,0
437,-97.0,0.15384615384615385,163.85714285714286,0.8885229780081498,2.3109189474582674,7,6
438,-18.0,0.2857142857142857,264.75,0.8884558988531113,2.301981282234192,4,3
439,13.0,0.6666666666666666,130.375,0.8882379286567629,2.3141975164413453,8,1
440,-130.0,0.08333333333333333,248.2,0.8880367756932063,2.3252303338050844,5,7
441,-72.0,0.3333333333333333,271.8333333333333,0.887802158243988,2.316960036754608,6,3
442,-81.0,0.25,193.4,0.8875006037500859,2.3229087209701538,5,11
443,-72.0,0.2777777777777778,126.0,0.8872326464323432,2.3280733692646027,7,11
444,3.0,0.6,270.6,0.8871321845426052,2.3499511659145353,5,0
445,-39.0,0.10526315789473684,258.4,0.8869815143101153,2.3511137902736663,5,14
446,-22.0,0.5555555555555556,169.625,0.8868308711958265,2.328665636777878,8,1
447,-60.0,0.0,600.0,0.8858105600493196,2.277658863067627,0,4
448,-44.0,0.3333333333333333,156.83333333333334,0.8854763026812302,2.2554641091823577,6,9
449,28.0,1.0,367.0,0.8854261756068966,2.228861310482025,3,0
450,-99.0,0.16666666666666666,110.8,0.8851087739702964,2.215189745426178,5,7
451,-4.0,0.6,175.6,0.885025267268304,2.232183117866516,5,0
452,-105.0,0.10526315789473684,212.75,0.8847581019315118,2.2371195447444916,8,11
453,-64.0,0.4,155.125,0.8845911670051747,2.2353654110431673,8,2
454,-139.0,0.26666666666666666,255.8,0.8843408272079203,2.2219428861141206,10,5
455,-53.0,0.2727272727272727,206.375,0.8840571995461043,2.2302133989334108,8,3
456,-93.0,0.25,185.11111111111111,0.8837736683013016,2.257632858753204,9,7
457,-66.0,0.25,158.75,0.8835402443550547,2.269091739654541,8,4
458,1.0,0.75,118.66666666666667,0.8829902892989123,2.214538482427597,3,1
459,-46.0,0.45454545454545453,162.25,0.8827737399763265,2.246188657283783,8,3
460,-95.0,0.18181818181818182,152.28571428571428,0.8825239453254046,2.246253774166107,7,4
461,-171.0,0.13333333333333333,117.42857142857143,0.8819746608053206,2.277667738199234,7,8
462,25.0,0.8333333333333334,157.33333333333334,0.8818748298360019,2.2613821136951446,6,0
463,-113.0,0.19047619047619047,145.875,0.8815255157685598,2.2667691147327425,8,13
464,-78.0,0.2727272727272727,148.57142857142858,0.8812760955287358,2.2611120641231537,7,4
465,15.0,0.36363636363636365,127.8,0.881192972075425,2.2635894274711608,5,6
466,-81.0,0.21052631578947367,258.55555555555554,0.8810101297349633,2.241960246562958,9,10
467,-39.0,0.5333333333333333,170.44444444444446,0.8806611787653078,2.2524989557266237,9,6
468,-122.0,0.18181818181818182,136.0,0.8804120177876935,2.2436108005046846,5,6
469,-13.0,0.5555555555555556,159.0,0.8801629315471614,2.208348789215088,9,0
470,-88.0,0.16666666666666666,246.2,0.879930518465678,2.1675438499450683,5,13
471,-21.0,0.5,131.14285714285714,0.879781144416422,2.170843607187271,7,1
472,-11.0,0.6,204.23076923076923,0.8793829450425973,2.1635247755050657,13,2
473,-109.0,0.3888888888888889,217.4,0.8790678393973455,2.177223949432373,10,8
474,-8.0,0.5714285714285714,147.28571428571428,0.8789517780243156,2.1413805103302,7,0
475,-75.0,0.1875,241.66666666666666,0.8787362785781712,2.189428994655609,6,10
476,-164.0,0.13333333333333333,157.42857142857142,0.8782557509030924,2.2263697993755343,7,8
477,-37.0,0.3333333333333333,174.5,0.8780238717574349,2.2381986343860625,4,2
478,33.0,1.0,294.0,0.8779741918155426,2.222990366220474,3,0
479,-21.0,0.5,209.0,0.8778582835424569,2.2377312111854555,6,0
480,-135.0,0.15,176.6,0.8775437571585084,2.241139746904373,5,15
481,-65.0,0.2857142857142857,167.33333333333334,0.8774279091420566,2.198418502807617,6,1
482,-101.0,0.1111111111111111,145.5,0.8771962617596438,2.208693072795868,4,5
483,-10.0,0.5714285714285714,274.42857142857144,0.8770804623891426,2.1636552262306212,7,0
484,-91.0,0.2222222222222222,331.0,0.876881986896181,2.168462933301926,5,4
485,-77.0,0.36363636363636365,193.11111111111111,0.8767000928681405,2.149882025718689,9,2
486,-40.0,0.42857142857142855,169.57142857142858,0.8765843629564218,2.1445202147960662,7,0
487,-57.0,0.19047619047619047,242.28571428571428,0.8762868461419974,2.132532455921173,7,14
488,-115.0,0.15384615384615385,117.16666666666667,0.876055518212499,2.1267299449443815,6,7
489,-62.0,0.15789473684210525,233.42857142857142,0.8758242550457538,2.170042881965637,7,12
490,-42.0,0.3157894736842105,261.44444444444446,0.8754114461290603,2.1923216795921325,9,10
491,-151.0,0.10526315789473684,285.0,0.8750153437071048,2.2271606874465943,5,14
492,-88.0,0.2631578947368421,154.125,0.8747513810333988,2.270485919713974,8,11
493,-39.0,0.3333333333333333,135.5,0.87458644725112,2.253923934698105,6,3
494,-13.0,0.5714285714285714,91.85714285714286,0.8744710132290751,2.235030230283737,7,0
495,-121.0,0.1111111111111111,277.7142857142857,0.8743061355147502,2.21829797744751,7,2
496,-41.0,0.42857142857142855,276.8,0.874141290772671,2.2401694333553315,5,2
497,-144.0,0.1,218.5,0.8738117001788752,2.2526925671100617,6,14
498,-68.0,0.38461538461538464,193.28571428571428,0.8735316518117346,2.267943925857544,7,6
499,-7.0,0.21052631578947367,243.0,0.8733340279311141,2.214079314470291,6,13
500,-64.0,0.3333333333333333,176.625,0.8731693775911107,2.2148815381526945,8,1
501,-35.0,0.11764705882352941,130.2,0.8730870647690613,2.2933429956436155,5,12
502,-73.0,0.36363636363636365,217.85714285714286,0.8728566326529277,2.406810623407364,7,4
503,-36.0,0.25,178.25,0.8727908067553865,2.4311970794200897,4,0
504,-82.0,0.3,163.0,0.8725933606562447,2.4884432542324064,7,3
505,-91.0,0.25,176.11111111111111,0.8721986105907247,2.5864808893203737,9,11
506,-59.0,0.25,92.0,0.8717711784552042,2.707855370044708,5,3
507,-28.0,0.5,207.66666666666666,0.8715575457222646,2.781879539489746,6,2
508,-26.0,0.17647058823529413,158.0,0.8713439685266154,2.685446038246155,5,12
509,-132.0,0.23809523809523808,162.1,0.8709662371859622,2.649104903936386,10,11
510,9.0,0.75,169.66666666666666,0.870424578236535,2.643655924797058,3,1
511,-24.0,0.4,206.8,0.8703425398806975,2.649990134239197,5,0
512,-16.0,0.6666666666666666,148.4,0.8697357109555798,2.563527283668518,5,1
513,-78.0,0.25,130.28571428571428,0.8695553889353189,2.5322804379463197,7,1
514,28.0,0.8,88.0,0.8694406592121361,2.534152010679245,5,0
515,-83.0,0.21052631578947367,158.14285714285714,0.869145713668203,2.547075732946396,7,12
516,-115.0,0.13333333333333333,212.14285714285714,0.8689491422864319,2.5636011683940887,7,8
517,-139.0,0.15789473684210525,178.88888888888889,0.8686707469079509,2.5266776883602144,9,10
518,-34.0,0.2222222222222222,197.8,0.8684906591540104,2.588391442298889,5,4
519,-175.0,0.2857142857142857,161.66666666666666,0.8681469652579362,2.5991897082328794,12,9
520,-18.0,0.5,199.0,0.8680487935125277,2.6057865810394287,5,1
521,9.0,0.6666666666666666,156.5,0.867950633547022,2.5992970740795136,6,0
522,-103.0,0.2727272727272727,169.16666666666666,0.8677543489500645,2.5695334887504577,6,5
523,-60.0,0.35714285714285715,235.42857142857142,0.867460010368566,2.543390481472015,7,7
524,-2.0,0.5,271.42857142857144,0.8672474983936241,2.50871043920517,7,3
525,26.0,0.75,254.5,0.8671167492540911,2.4798528933525086,8,0
526,-175.0,0.1875,264.44444444444446,0.8668389767833407,2.452904212474823,9,7
527,-20.0,0.5555555555555556,151.375,0.8666919589995171,2.450557107925415,8,1
528,-11.0,0.5714285714285714,105.83333333333333,0.8665776301284649,2.4357032799720764,6,1
529,-108.0,0.29411764705882354,183.63636363636363,0.8662020907992736,2.4304926216602327,11,6
530,18.0,0.7142857142857143,203.57142857142858,0.8660715089115752,2.4081987702846526,7,0
531,-86.0,0.25,181.75,0.8658430408760978,2.4289224410057066,4,8
532,2.0,0.6666666666666666,144.5,0.8657451455850275,2.4241048741340636,6,0
533,-67.0,0.36363636363636365,235.33333333333334,0.8654515301865596,2.482595355510712,6,5
534,-50.0,0.4,154.9,0.8651091124566381,2.4898482275009157,10,10
535,-61.0,0.23076923076923078,255.83333333333334,0.8648646163991435,2.45940479516983,6,7
536,-141.0,0.26666666666666666,165.33333333333334,0.8646201936794649,2.4394209742546082,9,6
537,-139.0,0.26666666666666666,115.85714285714286,0.8643432698933251,2.4753606808185578,7,8
538,-95.0,0.23076923076923078,191.28571428571428,0.8639850376714404,2.4374264311790466,7,6
539,-99.0,0.1,118.66666666666667,0.8637246041309744,2.392786682844162,6,14
540,-9.0,0.4444444444444444,136.25,0.8634317159965147,2.388328881263733,4,5
541,-53.0,0.23076923076923078,215.16666666666666,0.8631226706667674,2.4206433057785035,6,7
542,-76.0,0.13333333333333333,166.66666666666666,0.862846255951905,2.3863116300106046,6,9
543,-111.0,0.25,254.75,0.8625374330547099,2.392903447151184,8,8
544,-116.0,0.10526315789473684,209.0,0.8622287274879216,2.4370063161849975,4,15
545,-2.0,0.2,154.0,0.8620825394742898,2.4405104327201843,5,15
546,-96.0,0.17647058823529413,227.0,0.8617902423767133,2.418226896524429,7,10
547,-118.0,0.23076923076923078,176.57142857142858,0.8615305110583802,2.422485014200211,7,6
548,-58.0,0.2857142857142857,201.0,0.8613682211856968,2.4528709030151368,6,1
549,4.0,0.6,169.75,0.8612870884202839,2.4363083982467653,4,1
550,-89.0,0.14285714285714285,309.3333333333333,0.8611572928700576,2.4585882413387297,6,1
551,-26.0,0.5,183.14285714285714,0.860897764063163,2.4561352801322935,7,1
552,9.0,0.6666666666666666,130.33333333333334,0.8608004621697058,2.4435281527042387,6,0
553,-10.0,0.1875,194.0,0.860719386177356,2.4328597605228426,5,11
554,-14.0,0.5,134.16666666666666,0.8606221056879608,2.4233944487571715,6,0
555,0.0,0.625,164.83333333333334,0.8604924165264602,2.3879461562633515,6,2
556,-109.0,0.17647058823529413,166.0,0.8602655104181706,2.4003253626823424,8,9
557,-80.0,0.3,232.375,0.8601034735203168,2.3958191907405855,8,2
558,-55.0,0.46153846153846156,146.22222222222223,0.8598604789292719,2.4108910036087035,9,4
559,-67.0,0.18181818181818182,255.5,0.8596337497387396,2.410716502666473,4,7
560,-62.0,0.4375,166.41666666666666,0.8592452187937516,2.380066294670105,12,4
561,-77.0,0.1111111111111111,168.71428571428572,0.859051023245639,2.394083116054535,7,11
562,-74.0,0.38461538461538464,127.77777777777777,0.8588406973231499,2.4222777783870697,9,4
563,-9.0,0.75,237.66666666666666,0.8582423766130969,2.414594142436981,3,1
564,-84.0,0.23529411764705882,200.71428571428572,0.8579353028576926,2.4028406178951265,7,10
565,-125.0,0.18181818181818182,161.0,0.8577575766416644,2.3974726498126984,5,6
566,-45.0,0.15,287.6666666666667,0.8575475869715776,2.410394766330719,6,14
567,-84.0,0.2727272727272727,128.66666666666666,0.8571600571444304,2.392838796377182,6,5
568,-62.0,0.21428571428571427,163.625,0.8568856693735656,2.4206850600242613,8,6
569,-109.0,0.18181818181818182,175.75,0.8566597730131073,2.3811860990524294,4,7
570,29.0,0.8,176.4,0.8565791110689704,2.3741660737991332,5,0
571,-89.0,0.2,258.5,0.8563371736280804,2.3757765066623686,6,9
572,26.0,0.75,161.33333333333334,0.8556601347983512,2.355491772890091,6,2
573,26.0,1.0,293.6666666666667,0.8556117966404225,2.3654757714271546,3,0
574,-71.0,0.36363636363636365,143.375,0.8554184730089925,2.373001971244812,8,3
575,-66.0,0.36363636363636365,181.2,0.8550641668339433,2.4256459188461306,5,6
576,9.0,0.75,96.33333333333333,0.8545329997882393,2.380009628534317,3,1
577,-22.0,0.5,270.125,0.854372109277869,2.375375690460205,8,0
578,-103.0,0.14285714285714285,194.25,0.8540021831971227,2.3391763854026792,8,13
579,-33.0,0.3,192.4,0.8538896307703289,2.346081919670105,5,5
580,-46.0,0.17647058823529413,264.1666666666667,0.8536806466354434,2.29457417845726,6,11
581,-154.0,0.2,220.875,0.8534395786034655,2.268117212057114,8,7
582,-49.0,0.375,256.8333333333333,0.8531343295645868,2.305796114206314,6,2
583,-65.0,0.2222222222222222,216.75,0.8528613103084385,2.3146526491642,8,10
584,-117.0,0.17647058823529413,232.625,0.8525723322558978,2.3339650452136995,8,9
585,-100.0,0.3076923076923077,204.6,0.8522995040463547,2.3360103905200957,10,3
586,-129.0,0.16666666666666666,114.0,0.8520107282076678,2.348231393098831,4,8
587,-117.0,0.25,158.0,0.8515456968574353,2.317883657217026,8,4
588,-112.0,0.21428571428571427,191.25,0.8511129790254619,2.307683697938919,8,6
589,-94.0,0.3333333333333333,211.75,0.8506804947980389,2.324706108570099,8,4
590,21.0,0.8,287.2,0.8506004307518281,2.3125109708309175,5,0
591,-44.0,0.4,178.85714285714286,0.8502962603841725,2.3175837659835814,7,3
592,-53.0,0.2222222222222222,218.8,0.8501362171369539,2.3314458084106446,5,4
593,-136.0,0.10526315789473684,131.0,0.8497362490287451,2.303595997095108,5,14
594,-80.0,0.25,210.0,0.8496083014649786,2.2844732499122617,8,0
595,-172.0,0.19047619047619047,187.0,0.8491766295440958,2.23219243645668,9,12
596,-36.0,0.2222222222222222,176.5,0.8489688706302434,2.2529220259189606,6,12
597,-131.0,0.07142857142857142,314.5,0.8487611657266873,2.2265638422966005,4,10
598,-124.0,0.16666666666666666,277.5,0.8485215733176275,2.258914188146591,4,8
599,-36.0,0.42857142857142855,158.14285714285714,0.8484097881225092,2.264475131034851,7,0
600,-76.0,0.25,144.75,0.8482820527755098,2.262585085630417,4,4
601,-67.0,0.13333333333333333,192.14285714285714,0.8481703011109204,2.3277668595314025,7,8
602,-29.0,0.5,247.28571428571428,0.8479787632241195,2.4131240582466127,7,1
603,-55.0,0.1,198.8,0.8477872713008957,2.4928809201717375,5,15
604,-194.0,0.16666666666666666,143.125,0.8474522710019365,2.574164774417877,8,10
605,-35.0,0.5,254.11111111111111,0.847244960363027,2.591191905736923,9,1
606,-30.0,0.5454545454545454,136.0,0.8470536445313579,2.5828254187107085,9,2
607,-53.0,0.4,252.36363636363637,0.8467508216864206,2.6504260051250457,11,4
608,-103.0,0.25,166.22222222222223,0.8464640430138718,2.606442801952362,9,7
609,36.0,1.0,308.75,0.8464003284390477,2.5883569526672363,4,0
610,-93.0,0.25,212.4,0.846145521105295,2.552401933670044,5,11
611,-39.0,0.5,254.125,0.8459544691073864,2.5247545266151428,8,4
612,-67.0,0.36363636363636365,95.375,0.8457793783848685,2.5215230202674865,8,3
613,-26.0,0.4,232.75,0.8456998044257942,2.5436817455291747,4,1
614,-58.0,0.2,154.4,0.8452543372777588,2.627999246120453,5,10
615,-169.0,0.21052631578947367,259.0,0.8448727067945088,2.612604125738144,10,9
616,-104.0,0.2727272727272727,178.85714285714286,0.8446978540335229,2.579003540277481,7,4
617,-130.0,0.23076923076923078,166.75,0.8444912594499339,2.6119295883178713,8,5
618,-24.0,0.5555555555555556,103.125,0.8442688330384386,2.6440111017227172,8,1
619,-129.0,0.10526315789473684,165.4,0.8440147076740931,2.5912413918972015,5,14
620,-69.0,0.25,179.33333333333334,0.84377653898888,2.592979735136032,6,2
621,-43.0,0.23529411764705882,273.85714285714283,0.8436177995555547,2.614080399274826,7,10
622,40.0,0.7777777777777778,214.88888888888889,0.8434273541380256,2.6457439947128294,9,0
623,64.0,0.8888888888888888,229.66666666666666,0.8432845500670327,2.6671042931079865,9,0
624,-34.0,0.42857142857142855,227.0,0.8431734980038491,2.683054069280624,5,2
625,44.0,1.0,222.0,0.843094184619784,2.7007070958614348,5,0
626,1.0,0.2777777777777778,149.0,0.8428562920500678,2.6847416055202484,6,12
627,33.0,0.8333333333333334,80.16666666666667,0.8427611550033588,2.679911519289017,6,0
628,-179.0,0.1875,150.0,0.8424758123523164,2.662423894405365,8,8
629,-25.0,0.47368421052631576,168.5,0.8419846296310358,2.581840763092041,12,7
630,-112.0,0.11764705882352941,160.14285714285714,0.841683732645824,2.5662451112270355,7,10
631,-165.0,0.3,163.22222222222223,0.8413038156415295,2.50963307261467,9,11
632,-110.0,0.13333333333333333,229.0,0.8411297479502364,2.4967223715782167,7,8
633,-28.0,0.3333333333333333,170.0,0.8409240809536375,2.5223804795742035,8,7
634,-84.0,0.16666666666666666,269.6,0.8407026532123009,2.5316847014427184,5,7
635,-138.0,0.16666666666666666,239.71428571428572,0.8404970972458994,2.5297509050369262,7,5
636,-162.0,0.2777777777777778,98.0,0.8401967654156076,2.4888900899887085,8,10
637,26.0,1.0,132.0,0.8401493550320085,2.477071397304535,3,0
638,-156.0,0.10526315789473684,220.66666666666666,0.8398649524597315,2.4805626606941225,6,13
639,-57.0,0.25,228.16666666666666,0.8395648607988234,2.4833888697624205,6,2
640,-58.0,0.23529411764705882,196.85714285714286,0.8393596006199953,2.486508162021637,7,10
641,-32.0,0.42857142857142855,184.5,0.8392333131871601,2.4686786699295045,6,1
642,-69.0,0.16666666666666666,143.0,0.839091263975599,2.4777233064174653,6,0
643,-50.0,0.10526315789473684,291.5,0.8389492403305949,2.4645511186122895,4,15
644,-15.0,0.29411764705882354,262.57142857142856,0.8387125910576616,2.4896085762977602,7,10
645,-138.0,0.21428571428571427,216.375,0.8384760127688619,2.449106206893921,8,6
646,-145.0,0.17647058823529413,216.14285714285714,0.8381449223773483,2.4800011992454527,7,10
647,7.0,0.35714285714285715,184.57142857142858,0.8380188292774848,2.518986608982086,7,7
648,7.0,0.6666666666666666,204.0,0.8379242726914802,2.542543466091156,6,0
649,16.0,0.23529411764705882,144.5,0.837735193556438,2.5528732323646546,4,13
650,-99.0,0.21052631578947367,130.14285714285714,0.8373886663128575,2.581073902845383,7,12
651,74.0,1.0,185.42857142857142,0.8372784396156224,2.577835990190506,7,0
652,-50.0,0.2,110.33333333333333,0.8370737738290276,2.585481872558594,6,14
653,-40.0,0.4,258.0,0.836145574521203,2.4530058455467225,2,3
654,-5.0,0.5714285714285714,133.83333333333334,0.8360040810525834,2.4596372199058534,6,1
655,-65.0,0.3333333333333333,230.33333333333334,0.835862613050496,2.4210574793815614,6,3
656,-103.0,0.125,162.0,0.8357368850909129,2.3953987884521486,5,3
657,-19.0,0.5454545454545454,206.3,0.8355640419896313,2.424405617713928,10,1
658,-68.0,0.13333333333333333,132.0,0.8353912369096493,2.4109013867378235,5,10
659,-125.0,0.3333333333333333,207.8,0.8351085469516073,2.4447126138210296,10,8
660,-62.0,0.2727272727272727,145.6,0.8348259587436342,2.4429364824295043,5,6
661,-8.0,0.5714285714285714,131.57142857142858,0.8347160908003456,2.447148777246475,7,0
662,-39.0,0.4,171.42857142857142,0.8342924585023281,2.4152109467983247,7,8
663,-122.0,0.2857142857142857,191.2,0.8340415250670983,2.4108053493499755,5,9
664,-32.0,0.3333333333333333,222.25,0.8337906719177213,2.3799466133117675,4,5
665,-114.0,0.3125,231.57142857142858,0.8335085580593723,2.353618198633194,7,9
666,7.0,0.625,163.25,0.833336205136116,2.3789876854419707,8,0
667,-53.0,0.45454545454545453,78.85714285714286,0.8331482270051613,2.3724655616283417,7,4
668,22.0,0.4166666666666667,200.83333333333334,0.833038593927875,2.3715040266513823,6,6
669,-143.0,0.2222222222222222,187.5,0.8327097867727613,2.3752733850479126,10,8
670,-7.0,0.2857142857142857,164.33333333333334,0.8325532604685589,2.361989758014679,3,4
671,-102.0,0.125,216.42857142857142,0.8323341762288528,2.402146552801132,7,1
672,-46.0,0.23076923076923078,171.0,0.8321151533241462,2.4651710987091064,5,8
673,-44.0,0.4444444444444444,198.83333333333334,0.8319587459347416,2.480038378238678,6,3
674,-13.0,0.5714285714285714,149.14285714285714,0.8318492793731489,2.4871497559547424,7,0
675,-91.0,0.15789473684210525,225.2,0.8315522330893556,2.5680407869815824,5,14
676,-106.0,0.3333333333333333,218.77777777777777,0.8311615546505597,2.6806033515930174,9,6
677,-120.0,0.16666666666666666,112.0,0.8308335356864107,2.6579723167419433,8,4
678,-19.0,0.375,266.6,0.8305680974113412,2.6310594725608825,5,3
679,-1.0,0.25,262.6,0.8304432165064942,2.6264023399353027,5,11
680,-13.0,0.5714285714285714,117.14285714285714,0.8303339621041699,2.632973529100418,7,0
681,-31.0,0.5,120.66666666666667,0.8297723238654836,2.5943325459957123,3,1
682,23.0,0.8,117.8,0.8296943505318287,2.572712765932083,5,0
683,-90.0,0.14285714285714285,262.5,0.8294916563520757,2.5916898024082182,6,15
684,22.0,0.6666666666666666,161.55555555555554,0.829024101638705,2.688954130411148,9,3
685,12.0,0.75,258.25,0.8289306243552576,2.714826694726944,4,0
686,19.0,0.8,179.2,0.8288527351873454,2.6840149533748625,5,0
687,-60.0,0.14285714285714285,287.25,0.8286191144116577,2.7037178802490236,4,3
688,-48.0,0.5,148.0,0.8282454669193123,2.729037607908249,10,4
689,-58.0,0.4166666666666667,164.5,0.8280431494003304,2.787532080411911,6,6
690,-36.0,0.42857142857142855,223.16666666666666,0.8278564414503247,2.7924185383319853,6,1
691,-82.0,0.23809523809523808,201.0,0.8276075672110624,2.7696071338653563,11,10
692,-47.0,0.4444444444444444,158.375,0.8273276788697908,2.7103668677806856,8,1
693,-44.0,0.45454545454545453,161.11111111111111,0.8270323504677703,2.6940551698207855,9,2
694,-116.0,0.18181818181818182,209.14285714285714,0.8268458850803997,2.6910145485401156,7,4
695,-132.0,0.16666666666666666,216.33333333333334,0.8264730885338899,2.6477912783622743,9,9
696,-91.0,0.3333333333333333,223.25,0.8262557065040048,2.5953600931167604,8,4
697,-70.0,0.25,173.25,0.8260073444179766,2.5789132845401763,8,12
698,-9.0,0.5555555555555556,198.5,0.8258521584682053,2.5925278544425963,8,1
699,-32.0,0.125,176.5,0.8255573906574185,2.579986720085144,4,12
700,-55.0,0.11764705882352941,221.2,0.8253712792179267,2.552976802587509,5,12
701,41.0,1.0,137.5,0.8253092519967112,2.59013228058815,4,0
702,-1.0,0.6666666666666666,139.25,0.8245962954951522,2.8440294206142425,4,2
703,-66.0,0.25,178.57142857142858,0.8243794388937546,2.8090864753723146,7,1
704,24.0,0.8571428571428571,243.33333333333334,0.8236518642348578,2.805053622722626,6,1
705,-56.0,0.45454545454545453,222.77777777777777,0.8234816795457285,2.7575266122817994,9,2
706,-69.0,0.36363636363636365,220.625,0.8231568854518534,2.7250607907772064,8,3
707,-128.0,0.2777777777777778,222.88888888888889,0.8227240388043733,2.759058476686478,9,9
708,-43.0,0.15,180.33333333333334,0.822584960994767,2.785577656030655,6,14
709,-59.0,0.2857142857142857,238.5,0.822476806671207,2.783308447599411,6,1
710,-18.0,0.4166666666666667,233.14285714285714,0.8222296536396663,2.790102697610855,7,5
711,-21.0,0.75,306.6666666666667,0.8214732392826727,2.733631578683853,3,1
712,-74.0,0.11764705882352941,74.75,0.8211801351450585,2.7124306035041807,4,13
713,-70.0,0.3333333333333333,193.0,0.821041335213101,2.6743414783477784,7,2
714,-164.0,0.2777777777777778,159.6,0.8207021516514629,2.6990602803230286,10,8
715,-82.0,0.26666666666666666,211.28571428571428,0.8204401574614376,2.663493528366089,7,8
716,-10.0,0.16666666666666666,311.75,0.8203168968973519,2.6345367360115053,4,14
717,8.0,0.625,171.57142857142858,0.8201936560533787,2.6145937848091125,7,1
718,-169.0,0.23529411764705882,180.875,0.8198856401982353,2.5733138036727907,8,9
719,-123.0,0.3125,266.625,0.819577747524796,2.5793203592300413,8,8
720,28.0,1.0,207.0,0.8195315742451567,2.5905268466472626,3,0
721,-33.0,0.42857142857142855,141.71428571428572,0.8192853635372125,2.5514606165885927,7,7
722,-17.0,0.3076923076923077,195.0,0.8190546125425312,2.5218241345882415,6,7
723,-155.0,0.15789473684210525,99.14285714285714,0.8187316774263849,2.527787082195282,7,12
724,-78.0,0.3333333333333333,200.875,0.8184242462457495,2.5240169310569764,8,4
725,-141.0,0.26666666666666666,202.27272727272728,0.818178389826076,2.5258362281322477,11,4
726,-17.0,0.5,195.5,0.8179479708736991,2.5079769361019135,4,2
727,-64.0,0.2631578947368421,170.2,0.817748330355664,2.514873608350754,10,9
728,-58.0,0.25,259.75,0.8174412924351996,2.5356591725349427,8,12
729,-48.0,0.3333333333333333,156.16666666666666,0.8173492050054637,2.536612445116043,6,0
730,-104.0,0.1875,173.66666666666666,0.8170730090099239,2.562724071741104,6,10
731,-128.0,0.21428571428571427,113.0,0.8167355711277375,2.581438112258911,7,7
732,-16.0,0.42857142857142855,158.0,0.8166435683794776,2.5726912069320678,6,1
733,-49.0,0.2857142857142857,139.16666666666666,0.8164902549976508,2.6052499175071717,6,1
734,-43.0,0.4166666666666667,146.75,0.8162909934364769,2.6215814864635467,8,4
735,-90.0,0.16666666666666666,269.0,0.8160764619941182,2.612918986082077,8,10
736,34.0,0.4444444444444444,66.5,0.8159538995654549,2.6067883050441742,4,5
737,-75.0,0.23529411764705882,181.625,0.8156169539831104,2.656390521526337,8,9
738,-37.0,0.14285714285714285,198.6,0.8154638459036321,2.6080834245681763,5,16
739,-69.0,0.18181818181818182,293.6,0.8152495460301614,2.6163042533397673,5,6
740,-93.0,0.375,109.11111111111111,0.8149435074235512,2.6090032267570495,9,7
741,-135.0,0.2,204.875,0.8146834708397515,2.611088951826096,8,7
742,-22.0,0.3333333333333333,143.33333333333334,0.8146375912079038,2.6130404555797577,3,0
743,3.0,0.2222222222222222,112.16666666666667,0.8144999688278721,2.601146992444992,6,12
744,6.0,0.6666666666666666,142.5,0.8143929463239863,2.5875778508186342,6,0
745,-150.0,0.10526315789473684,160.5,0.8140108453840197,2.5128662383556364,4,15
746,-75.0,0.21052631578947367,163.83333333333334,0.8137816765074548,2.5211962521076203,6,13
747,-33.0,0.2857142857142857,260.3,0.8135373054724233,2.529475169181824,10,11
748,-16.0,0.25,228.33333333333334,0.8134762249312397,2.541297478675842,3,5
749,-93.0,0.3333333333333333,175.8181818181818,0.8131708955112222,2.5471043384075163,11,4
750,-56.0,0.3125,228.0,0.8129114615130274,2.507955870628357,8,8
751,-40.0,0.4444444444444444,224.55555555555554,0.8127283847323566,2.494910453557968,9,0
752,-100.0,0.23076923076923078,182.57142857142858,0.8124843506967705,2.5311714935302736,7,6
753,-18.0,0.5454545454545454,158.2,0.8122251500841347,2.566561222076416,10,1
754,46.0,1.0,184.0,0.812148931380125,2.5718000280857085,5,0
755,-5.0,0.6,198.0,0.8119812770578729,2.5333842134475706,5,0
756,-112.0,0.1875,307.8333333333333,0.8116156138110852,2.5127826273441314,6,10
757,-30.0,0.5,146.83333333333334,0.8109761253182528,2.510510094165802,6,2
758,-16.0,0.5,220.71428571428572,0.8108543788781768,2.4955191051959993,7,1
759,-27.0,0.4,124.0,0.8107630818306438,2.491512883901596,5,0
760,1.0,0.6,246.75,0.8106870093261493,2.457682789564133,4,1
761,-43.0,0.4444444444444444,60.8,0.8105500979868608,2.438165637254715,5,4
762,-54.0,0.45454545454545453,172.0,0.8103523806657498,2.4363058054447175,8,3
763,21.0,0.8,304.0,0.8102611438543881,2.4317370688915254,5,0
764,-62.0,0.3333333333333333,163.4,0.8099571002096292,2.413064945936203,5,4
765,22.0,0.7142857142857143,170.85714285714286,0.8098203202421579,2.3698276937007905,7,0
766,-64.0,0.36363636363636365,154.0,0.809562025245913,2.3889639544487,5,6
767,-34.0,0.5,240.375,0.8094101280310917,2.4507216882705687,8,2
768,-143.0,0.2222222222222222,229.72727272727272,0.8091823391627211,2.450620217323303,11,7
769,3.0,0.6666666666666666,97.33333333333333,0.8091367895888721,2.4428876399993897,3,0
770,-24.0,0.25,157.4,0.8089546186207615,2.496230306625366,5,7
771,-108.0,0.3333333333333333,149.1,0.8085904078214082,2.520942825078964,10,8
772,-104.0,0.375,206.2,0.8083325309243056,2.5596776700019834,10,6
773,-136.0,0.21428571428571427,229.0,0.8081202275395077,2.5599861407279967,5,9
774,13.0,0.6666666666666666,218.75,0.8079534594346132,2.560245168209076,8,1
775,-138.0,0.16666666666666666,213.0,0.807726107501278,2.5378633308410645,6,6
776,-77.0,0.35714285714285715,128.5,0.8072867537838219,2.4644175386428833,8,6
777,-40.0,0.42857142857142855,253.14285714285714,0.807180741059356,2.4472807729244233,7,0
778,-33.0,0.21052631578947367,156.66666666666666,0.8070141796187532,2.440173511505127,6,13
779,-78.0,0.25,175.6,0.8067417035627233,2.3878983771800995,5,7
780,-49.0,0.21052631578947367,170.5,0.8066055023145621,2.393391944169998,8,11
781,25.0,0.75,185.57142857142858,0.8064844551182256,2.3798473727703096,7,1
782,-74.0,0.2,209.22222222222223,0.8061970456365407,2.3921557307243346,9,11
783,22.0,0.8,232.8,0.8061214297128363,2.3918079316616057,5,0
784,-6.0,0.6,178.8,0.8060004599619204,2.42082119345665,5,0
785,-86.0,0.15789473684210525,123.75,0.8057888094655834,2.4793378841876983,4,15
786,-4.0,0.5714285714285714,143.0,0.8056678929296497,2.4836750292778014,7,0
787,23.0,0.5555555555555556,185.83333333333334,0.8055772182230894,2.4847903287410738,6,3
788,13.0,0.4444444444444444,148.6,0.8054412265634256,2.49101068854332,5,4
789,1.0,0.1875,121.0,0.8052901534259302,2.4826699090003967,4,12
790,-61.0,0.2857142857142857,227.5,0.8051693166685806,2.4765278232097625,6,1
791,-60.0,0.4,148.375,0.8050031976926708,2.459238791465759,8,2
792,-21.0,0.375,255.6,0.8047465402396948,2.438629519939423,5,3
793,-37.0,0.5,132.11111111111111,0.8045956060255713,2.465549210309982,9,1
794,14.0,0.25,198.57142857142858,0.8044447019952724,2.5001659750938416,7,13
795,39.0,0.3888888888888889,276.125,0.8043240004993302,2.450763463973999,8,10
796,-13.0,0.5714285714285714,199.0,0.8042184025312905,2.4101142752170563,6,1
797,-6.0,0.625,167.0,0.8038564645701355,2.397218960523605,5,3
798,-32.0,0.5,222.5,0.8037358571846525,2.4270262789726256,8,0
799,-40.0,0.3333333333333333,233.2,0.8034645611122889,2.4475237381458284,5,1
800,2.0,0.6666666666666666,225.16666666666666,0.8032988171413495,2.4869206607341767,6,0
801,-81.0,0.05,181.0,0.8031029849081862,2.5749806797504426,5,15
802,-74.0,0.3333333333333333,173.6,0.8027265275379175,2.6980488121509554,5,7
803,-39.0,0.42857142857142855,259.8,0.8026061009278973,2.7326728248596193,5,2
804,-77.0,0.25,166.6,0.8024254971369964,2.782644090652466,5,3
805,-53.0,0.375,246.5,0.8023051186879872,2.8113788950443266,4,4
806,-58.0,0.375,213.8,0.8021396297663247,2.834445834159851,5,3
807,-119.0,0.18181818181818182,241.33333333333334,0.8018689082324086,2.933861198425293,6,5
808,-108.0,0.35294117647058826,180.7,0.8015080977578986,2.89888649225235,10,7
809,-69.0,0.36363636363636365,198.42857142857142,0.8013277574561386,2.8742409121990202,7,4
810,-25.0,0.23529411764705882,179.0,0.8011324376318774,2.856552691459656,8,9
811,-64.0,0.4166666666666667,282.6,0.8009521874777293,2.818366324901581,10,2
812,-99.0,0.125,189.0,0.8007719805784277,2.761749402284622,6,10
813,-103.0,0.1875,263.0,0.8005017513096063,2.721144981384277,7,9
814,-152.0,0.21428571428571427,202.125,0.8001716031769456,2.615240159034729,8,6
815,-44.0,0.3333333333333333,160.5,0.799706640936165,2.6241035795211793,4,2
816,41.0,1.0,163.25,0.7996466668038873,2.602253396511078,4,0
817,-61.0,0.3333333333333333,216.25,0.79951174254741,2.647393295764923,4,5
818,-28.0,0.42857142857142855,146.66666666666666,0.7991970137132217,2.7007114732265474,6,1
819,-65.0,0.2857142857142857,108.5,0.7990921334730899,2.70357097864151,6,1
820,-21.0,0.4,120.75,0.7989423300272392,2.6995798575878145,4,1
821,20.0,0.8571428571428571,292.5,0.7982386550160828,2.6649373185634615,6,1
822,-80.0,0.3,193.6,0.7980590992864284,2.621808922290802,5,5
823,-121.0,0.15789473684210525,144.2,0.7977748908317259,2.5871854889392853,5,14
824,-56.0,0.4666666666666667,254.36363636363637,0.7975057403210253,2.5880940735340117,11,4
825,-6.0,0.6,159.2,0.7974309934843973,2.5759468472003935,5,0
826,-98.0,0.11764705882352941,88.0,0.7970274897037416,2.561816749572754,5,12
827,33.0,0.7777777777777778,252.77777777777777,0.7968482246188834,2.5820388209819796,9,0
828,-44.0,0.3333333333333333,53.333333333333336,0.7967586082090212,2.5919362235069277,6,0
829,-56.0,0.375,233.85714285714286,0.7965495450689283,2.596531769037247,7,1
830,36.0,1.0,224.0,0.7964898234942176,2.6077295565605163,4,0
831,22.0,0.8,187.8,0.7964151782441928,2.60955771446228,5,0
832,-104.0,0.15384615384615385,182.0,0.7958928704484779,2.620469288825989,4,9
833,-149.0,0.058823529411764705,149.33333333333334,0.7956542229155762,2.5996916234493255,6,11
834,-50.0,0.2857142857142857,242.33333333333334,0.795564749777322,2.560457649230957,6,1
835,2.0,0.6666666666666666,228.6,0.7954752873752002,2.5511379444599154,5,1
836,-45.0,0.2857142857142857,196.0,0.795326207226237,2.4991314029693603,5,2
837,-94.0,0.1111111111111111,201.75,0.7950728393907528,2.4992316222190856,8,10
838,-52.0,0.2777777777777778,144.75,0.7948791456337908,2.4771667242050173,8,10
839,-138.0,0.1875,283.72727272727275,0.7945514709034391,2.52242857336998,11,5
840,15.0,0.6666666666666666,159.125,0.7943876875966647,2.539334937334061,8,1
841,-48.0,0.375,250.14285714285714,0.7942239403182545,2.5746340274810793,7,1
842,-159.0,0.2,184.28571428571428,0.7939709471898153,2.593124258518219,7,8
843,38.0,1.0,120.25,0.7939114318946836,2.6006005358695985,4,0
844,3.0,0.35,204.0,0.7937180400644184,2.648538099527359,10,10
845,44.0,1.0,284.2,0.7936436719788782,2.670112882852554,5,0
846,-15.0,0.42857142857142855,206.0,0.7934503497571417,2.652946150302887,4,3
847,5.0,0.3333333333333333,207.33333333333334,0.7932570777926489,2.648994686603546,9,12
848,-60.0,0.10526315789473684,184.5,0.7930341341125352,2.6567555367946625,6,13
849,-23.0,0.5,244.33333333333334,0.7929449753660734,2.676287080049515,6,0
850,-110.0,0.18181818181818182,268.55555555555554,0.7924399445127752,2.6291105663776397,9,13
851,-101.0,0.125,254.6,0.7923211636243775,2.615965209007263,5,3
852,-126.0,0.3333333333333333,255.42857142857142,0.7920242945367036,2.605152405500412,7,11
853,-20.0,0.5,189.16666666666666,0.7919352569637205,2.607696483135223,6,0
854,-19.0,0.5,243.57142857142858,0.7918165568188711,2.6271086823940277,7,1
855,-48.0,0.3333333333333333,265.8888888888889,0.7915198895335561,2.5496438717842103,9,9
856,-22.0,0.11764705882352941,151.66666666666666,0.7913716003850586,2.536713594198227,3,14
857,-1.0,0.4666666666666667,163.75,0.7910454686351358,2.551968160867691,8,7
858,-64.0,0.3,166.0,0.7907342948893699,2.6338357877731324,11,9
859,-14.0,0.5,164.75,0.7905269183208753,2.574666590690613,4,2
860,-30.0,0.4444444444444444,197.83333333333334,0.7903195998096916,2.5694021153450013,6,3
861,-119.0,0.21428571428571427,81.83333333333333,0.7900235311874396,2.5347209215164184,6,8
862,-141.0,0.1111111111111111,178.5,0.7897867615426233,2.555921577215195,4,14
863,-6.0,0.2222222222222222,210.83333333333334,0.7896240263566108,2.5927982568740844,6,12
864,-44.0,0.2,163.28571428571428,0.789520486240898,2.5689076459407807,7,8
865,38.0,1.0,236.25,0.7894613269684012,2.541586607694626,4,0
866,-171.0,0.23809523809523808,206.27272727272728,0.7890473445511944,2.553277792930603,11,10
867,-73.0,0.2631578947368421,313.0,0.7886926869504435,2.593894217014313,10,9
868,-29.0,0.16666666666666666,290.25,0.7885006518174854,2.600170625448227,4,14
869,-61.0,0.4166666666666667,208.55555555555554,0.7882939005815004,2.587106261253357,9,3
870,-67.0,0.19047619047619047,160.5,0.7879838822516626,2.587597122192383,6,15
871,-42.0,0.2857142857142857,136.0,0.7876444877325509,2.5945862317085266,6,8
872,-26.0,0.45454545454545453,207.14285714285714,0.787408479259846,2.5862934839725495,7,4
873,-80.0,0.3,198.5,0.7872610123111806,2.5715825629234312,6,4
874,-9.0,0.6,226.3,0.7870546081256679,2.580651527643204,10,0
875,-1.0,0.6,187.75,0.7869809063500055,2.5852504134178163,4,1
876,-19.0,0.5,141.25,0.7865241198065295,2.5281849920749666,4,2
877,-88.0,0.16666666666666666,163.5,0.7862590188444353,2.5262362813949584,4,14
878,-2.0,0.625,260.3333333333333,0.7857585328961288,2.4939832305908203,6,2
879,-9.0,0.1875,198.6,0.7856113959037394,2.49915155172348,5,11
880,-87.0,0.2222222222222222,239.0,0.7853172101864438,2.5038126611709597,8,10
881,-117.0,0.3333333333333333,228.9,0.7850819463234099,2.477299108505249,10,5
882,1.0,0.6363636363636364,164.88888888888889,0.7848908498609823,2.4321168279647827,9,2
883,-41.0,0.5,177.4,0.7846851092280541,2.4509214198589326,10,4
884,-144.0,0.25,204.11111111111111,0.7844059819240939,2.418738806247711,9,7
885,-44.0,0.23076923076923078,207.5,0.784200377035183,2.4373464822769164,6,7
886,-10.0,0.2727272727272727,70.0,0.784126960668359,2.474072871208191,5,6
887,-64.0,0.23529411764705882,282.2,0.7839654705015816,2.4874281764030455,10,7
888,-25.0,0.5,209.66666666666666,0.7838480454205583,2.477749373912811,6,2
889,-46.0,0.3333333333333333,161.16666666666666,0.7837599889386025,2.47040158033371,6,0
890,-35.0,0.10526315789473684,182.4,0.7836866166083863,2.4907823371887208,5,14
891,-11.0,0.5714285714285714,126.71428571428571,0.7835839076718545,2.506615014076233,7,0
892,9.0,0.6666666666666666,206.33333333333334,0.7834812131135672,2.535695677995682,6,0
893,-65.0,0.3333333333333333,166.2,0.7831732156880464,2.546358083486557,5,4
894,9.0,0.75,255.71428571428572,0.782704134951853,2.5417744290828703,7,1
895,4.0,0.5,100.75,0.7825869116683734,2.519155387878418,4,2
896,-102.0,0.13333333333333333,143.8,0.7822646443312528,2.475822547674179,5,10
897,1.0,0.625,186.83333333333334,0.7816498003006602,2.3978574669361112,6,2
898,-108.0,0.2,292.6666666666667,0.7815034849726206,2.422139502763748,6,4
899,31.0,0.8,169.8,0.7814303382815188,2.402363268136978,5,0
900,-36.0,0.17647058823529413,185.66666666666666,0.781284066841494,2.3899951076507566,6,11
901,-72.0,0.2727272727272727,97.6,0.7809623726300003,2.539615238904953,5,6
902,-68.0,0.125,128.0,0.780801578596014,2.5956496381759644,6,10
903,-62.0,0.25,95.0,0.7805093164209075,2.715316412448883,11,9
904,-95.0,0.21052631578947367,176.57142857142858,0.780100345726194,2.803748462200165,7,12
905,-80.0,0.09523809523809523,108.28571428571429,0.7799397413172671,2.823360230922699,7,14
906,-91.0,0.2727272727272727,202.5,0.7797207922388757,2.8180021274089815,6,5
907,-71.0,0.21052631578947367,171.25,0.7794873189430789,2.7509207475185393,8,11
908,-69.0,0.38461538461538464,312.1111111111111,0.7791809986008975,2.691521166563034,9,4
909,-38.0,0.1,125.6,0.7790643389741405,2.6494394445419314,5,15
910,-63.0,0.2857142857142857,203.11111111111111,0.7789185406866603,2.6278247666358947,9,5
911,-93.0,0.3333333333333333,196.44444444444446,0.7787290465013934,2.6711024594306947,9,3
912,-51.0,0.4166666666666667,191.66666666666666,0.7782919402184906,2.6378707551956175,9,3
913,-28.0,0.23076923076923078,139.5,0.7781608594668729,2.6421226501464843,6,7
914,-109.0,0.2222222222222222,204.33333333333334,0.7778842109068308,2.6314590620994567,9,9
915,-61.0,0.16666666666666666,196.83333333333334,0.7777095396576016,2.6225625181198122,6,12
916,-35.0,0.1,319.5,0.7775931154454416,2.6452513444423675,4,16
917,-52.0,0.3333333333333333,138.77777777777777,0.7774330625665059,2.6602949929237365,9,3
918,-130.0,0.2222222222222222,297.6363636363636,0.7772294098217021,2.6782099866867064,11,7
919,-11.0,0.5714285714285714,227.0,0.7771130624241706,2.6846902775764465,7,0
920,-18.0,0.5,224.0,0.7770258140916845,2.6654766404628756,6,0
921,-33.0,0.4,81.83333333333333,0.7767786673322231,2.664887135028839,6,4
922,23.0,0.8,249.0,0.7766914591247405,2.6627886581420896,5,0
923,-46.0,0.45454545454545453,221.55555555555554,0.7765025439054107,2.671358653306961,9,2
924,-50.0,0.10526315789473684,292.0,0.7764153688307511,2.7039008247852325,5,14
925,-1.0,0.2857142857142857,249.6,0.7762265253855668,2.6846938920021057,5,9
926,-63.0,0.15384615384615385,170.4,0.7760667731233751,2.7102429127693175,5,8
927,-25.0,0.17647058823529413,138.16666666666666,0.775892538006876,2.6721146941184997,6,11
928,-40.0,0.3333333333333333,115.0,0.7757909201649699,2.657038176059723,6,0
929,-62.0,0.3333333333333333,176.16666666666666,0.7755296824593187,2.6424974501132965,6,3
930,-120.0,0.16666666666666666,207.375,0.7752685387823157,2.6356279361248016,8,10
931,-2.0,0.6,107.4,0.7751815117793864,2.6166585648059844,5,0
932,-56.0,0.3333333333333333,175.25,0.7750074891001162,2.6298399031162263,4,5
933,7.0,0.5833333333333334,216.7,0.7748045154208093,2.61954962849617,10,2
934,-31.0,0.21052631578947367,126.0,0.7746595690128492,2.586838332414627,7,12
935,-110.0,0.14285714285714285,101.83333333333333,0.7742973297956937,2.550218257904053,6,8
936,-15.0,0.3888888888888889,157.6,0.7740511105632045,2.5959022760391237,10,8
937,-54.0,0.21428571428571427,154.4,0.7738628817452647,2.615693688392639,5,9
938,-36.0,0.4444444444444444,201.42857142857142,0.773602338008523,2.562963708639145,7,2
939,-92.0,0.2,197.875,0.7734721013093361,2.5568645298480988,8,2
940,-127.0,0.18181818181818182,258.2857142857143,0.7732840230142335,2.5725837779045104,7,4
941,45.0,1.0,164.5,0.7732116982282317,2.5557922387123106,4,0
942,-49.0,0.375,143.5,0.7730815318378771,2.574513244628906,8,0
943,-38.0,0.3333333333333333,180.5,0.7729224713981627,2.5899319994449614,4,2
944,1.0,0.6,249.6,0.7728501827655148,2.5836403501033782,5,0
945,-99.0,0.2222222222222222,170.28571428571428,0.7724888480153473,2.5448670065402985,7,11
946,-40.0,0.3333333333333333,111.5,0.7723588117263216,2.556901262998581,4,2
947,-56.0,0.38461538461538464,162.0,0.7721421365857,2.5710935187339783,9,4
948,-54.0,0.3,187.5,0.7718244639387096,2.6035106897354128,6,4
949,-7.0,0.23076923076923078,226.4,0.7716945472280555,2.582558925151825,5,8
950,-26.0,0.21052631578947367,189.28571428571428,0.771521361319861,2.5298255372047422,7,12
951,-39.0,0.42857142857142855,170.5,0.7714059271370307,2.543159831762314,4,3
952,-82.0,0.23529411764705882,215.75,0.7711462677447563,2.5653937959671023,8,9
953,-92.0,0.21428571428571427,236.8,0.7708578669216685,2.5873315274715423,5,9
954,-37.0,0.4,200.75,0.7706416419969523,2.6324789106845854,8,2
955,-147.0,0.21428571428571427,211.11111111111111,0.7704254819299845,2.5766203022003173,9,5
956,-96.0,0.23529411764705882,150.375,0.7701805789020022,2.6120234525203703,8,9
957,-80.0,0.08333333333333333,265.5,0.7699501579860664,2.5712832379341126,4,8
958,-2.0,0.5714285714285714,142.16666666666666,0.7698637691505419,2.5611604499816893,6,1
959,-73.0,0.3333333333333333,210.1818181818182,0.7694463692221148,2.5109668552875517,11,7
960,-19.0,0.5,69.33333333333333,0.7693600408376149,2.489606133699417,6,0
961,-165.0,0.08333333333333333,135.66666666666666,0.7691586482224623,2.4784163761138918,6,6
962,17.0,0.8,210.2,0.7690867359533133,2.4930483746528624,5,0
963,-50.0,0.2857142857142857,126.66666666666667,0.768957311989348,2.51461860537529,6,1
964,-84.0,0.3076923076923077,167.8,0.7686554133214707,2.558614627122879,5,8
965,-4.0,0.3333333333333333,200.85714285714286,0.768540437653638,2.5861573576927186,7,8
966,-66.0,0.2,251.8,0.7683823761447576,2.5814521515369417,5,5
967,-17.0,0.3333333333333333,210.0,0.7681381676546643,2.606607205867767,8,10
968,-28.0,0.38461538461538464,179.42857142857142,0.7678796844440781,2.623905963897705,7,6
969,-59.0,0.35714285714285715,204.625,0.7676787062706911,2.6609882307052612,8,6
970,-31.0,0.42857142857142855,212.0,0.7675782382847363,2.640818223953247,6,1
971,-71.0,0.16666666666666666,189.0,0.7672769187061976,2.5783507323265074,4,2
972,-56.0,0.11764705882352941,203.0,0.7670904509491928,2.6185311841964722,5,12
973,-52.0,0.26666666666666666,169.25,0.7669040316675029,2.6148387384414673,8,7
974,-18.0,0.5,171.2,0.7668180083452053,2.623029670715332,5,1
975,-115.0,0.2777777777777778,177.44444444444446,0.7664883478890844,2.5875678205490114,9,9
976,-19.0,0.42105263157894735,209.11111111111111,0.766058583822464,2.55909699678421,9,10
977,-21.0,0.5,208.66666666666666,0.7659726619478208,2.5678966307640074,6,0
978,-73.0,0.17647058823529413,105.66666666666667,0.7657435873498879,2.520254635810852,6,11
979,10.0,0.6666666666666666,181.33333333333334,0.7656290775369412,2.4937964451313017,6,0
980,-39.0,0.4444444444444444,237.375,0.7654716564568369,2.4952570939064027,8,1
981,-4.0,0.6,206.5,0.7653858050092519,2.4719824838638305,4,1
982,9.0,0.6666666666666666,122.0,0.7652999638632225,2.4563037014007567,6,0
983,-53.0,0.375,201.16666666666666,0.7651426151801624,2.4602359426021576,6,2
984,-45.0,0.05555555555555555,270.5,0.7650139010940453,2.4658929097652433,4,14
985,-5.0,0.625,154.4,0.7648995080215601,2.502636272907257,5,3
986,-57.0,0.3333333333333333,115.71428571428571,0.7644564077018797,2.516650450229645,7,11
987,-82.0,0.38461538461538464,279.2857142857143,0.7642421029268929,2.5608735525608064,7,6
988,-29.0,0.4,222.2,0.7640278624336955,2.5565706086158753,5,0
989,-40.0,0.45454545454545453,155.375,0.7637280336999149,2.6480197644233705,8,3
990,2.0,0.6666666666666666,205.875,0.7635139474043549,2.6432815480232237,8,1
991,-63.0,0.2631578947368421,142.0,0.7631858064667508,2.6671740412712097,7,12
992,8.0,0.6666666666666666,136.0,0.7630859674427403,2.6759236681461336,6,0
993,-17.0,0.5,202.75,0.7629433645100202,2.6542021894454955,8,0
994,-26.0,0.3333333333333333,227.0,0.7628720737381672,2.666550006866455,5,1
995,-73.0,0.25,193.5,0.7626582441920815,2.6595312094688417,6,6
996,-42.0,0.3,207.0,0.7624872267363909,2.63638685464859,4,6
997,-35.0,0.42857142857142855,183.5,0.7620883455865646,2.567261357307434,4,3
998,-40.0,0.42857142857142855,191.4,0.7619886601963226,2.5368797636032103,5,2
999,-19.0,0.5,185.2,0.7617466252001368,2.5284268188476564,5,1
1000,-46.0,0.2857142857142857,201.75,0.7612059032653468,2.498314689397812,4,3
1001,-72.0,0.14285714285714285,170.57142857142858,0.761021013767174,2.5654059994220733,7,14
1002,-27.0,0.6,245.33333333333334,0.7602393206620586,2.7998427248001097,3,2
1003,-36.0,0.125,183.4,0.7601114890895261,2.8164871180057527,5,11
1004,20.0,0.35714285714285715,198.33333333333334,0.7599410827817195,2.9250819098949434,6,8
1005,-41.0,0.16666666666666666,210.25,0.7597423271056338,2.9994271314144134,4,8
1006,65.0,0.8888888888888888,253.11111111111111,0.7596145849838907,2.982414914369583,9,0
1007,-73.0,0.36363636363636365,178.4,0.7594017325378588,2.920424246788025,10,1
1008,-79.0,0.25,134.0,0.7592740517176205,2.8928409075737,4,4
1009,-43.0,0.3333333333333333,200.75,0.7590896644355593,2.8025279772281646,4,5
1010,-83.0,0.16666666666666666,366.0,0.7588627920444585,2.81592893242836,4,8
1011,28.0,0.7,171.2,0.7587068593834304,2.85384570479393,10,0
1012,-43.0,0.16666666666666666,114.25,0.7584801094703487,2.8056047117710112,4,8
1013,13.0,0.6666666666666666,265.44444444444446,0.7583242609902267,2.7745899105072023,9,0
1014,-12.0,0.45454545454545453,96.16666666666667,0.7581259579608691,2.764131270647049,6,5
1015,21.0,0.7142857142857143,172.0,0.7580268272660651,2.743016555309296,5,2
1016,-104.0,0.3076923076923077,139.625,0.757828607506492,2.731485035419464,8,5
1017,2.0,0.5714285714285714,144.6,0.7576587490245236,2.7922524893283844,5,2
1018,-47.0,0.2777777777777778,159.75,0.7573474476662739,2.78209486246109,8,10
1019,-14.0,0.2727272727272727,135.75,0.7571777046488108,2.778609374761581,4,7
1020,-231.0,0.15,174.0,0.7568948901336252,2.713558135032654,9,11
1021,-76.0,0.3,177.0,0.7566404537744698,2.7381153976917267,5,5
1022,-21.0,0.5,209.125,0.7565132699396788,2.721513839960098,8,0
1023,-57.0,0.35714285714285715,166.0,0.756258970939067,2.6952258312702178,10,4
1024,-115.0,0.23076923076923078,248.5,0.7560330042249691,2.696166921854019,8,5
1025,50.0,1.0,203.0,0.7559482853476963,2.68347713470459,5,0
1026,-28.0,0.5454545454545454,274.44444444444446,0.7556941897049312,2.623543655872345,9,2
1027,-54.0,0.375,219.6,0.7555389540597433,2.6233871841430663,5,3
1028,-99.0,0.1875,119.5,0.7552709001906612,2.631771696805954,8,8
1029,-26.0,0.45454545454545453,173.22222222222223,0.75514396285333,2.6235643041133883,9,2
1030,-186.0,0.2222222222222222,195.25,0.7548901567145488,2.5647768127918242,8,10
1031,-68.0,0.1875,173.75,0.7546928150997841,2.582244738340378,8,8
1032,23.0,0.7142857142857143,159.0,0.7545659818084048,2.562689640522003,7,0
1033,-148.0,0.21428571428571427,246.11111111111111,0.7543405567641569,2.5585742497444155,9,5
1034,-62.0,0.47058823529411764,185.16666666666666,0.7541011216811278,2.5509367668628693,12,5
1035,17.0,0.4444444444444444,140.4,0.7540307150893478,2.5566330420970917,5,4
1036,-4.0,0.5,96.75,0.753918079186046,2.5542140901088715,8,2
1037,-35.0,0.42857142857142855,326.14285714285717,0.7538195375530353,2.5478878700733185,7,0
1038,-23.0,0.4444444444444444,238.42857142857142,0.7536647142859575,2.5707836258411407,7,2
1039,33.0,1.0,294.0,0.7536224956696715,2.586941901445389,3,0
1040,-6.0,0.6,97.0,0.7535521369380997,2.5778105914592744,5,0
1041,-51.0,0.2,193.75,0.7534817852420493,2.6252736961841583,4,1
1042,-33.0,0.21428571428571427,213.83333333333334,0.7532707723599917,2.6150530517101287,6,8
1043,-66.0,0.21052631578947367,163.625,0.7530317009418335,2.669253169298172,8,11
1044,-3.0,0.625,88.85714285714286,0.7529192248680086,2.7103786873817444,7,1
1045,-61.0,0.25,273.0,0.7527083807287503,2.7344520509243013,6,6
1046,-60.0,0.14285714285714285,79.33333333333333,0.7523711616450554,2.725054829120636,3,4
1047,-40.0,0.42857142857142855,149.5,0.7522728365653412,2.7244183588027955,6,1
1048,-20.0,0.4375,208.45454545454547,0.7520341043876789,2.7187397718429565,11,5
1049,-67.0,0.16666666666666666,211.33333333333334,0.7519358264926779,2.739035896062851,6,0
1050,-18.0,0.3333333333333333,132.83333333333334,0.7518094894145873,2.7283875596523286,6,6
1051,-107.0,0.25,190.375,0.751598978146032,2.6433806264400483,8,4
1052,-145.0,0.09523809523809523,163.66666666666666,0.7513745023910616,2.664950214624405,6,15
1053,-30.0,0.42857142857142855,124.57142857142857,0.7512622914477938,2.6459839975833894,7,0
1054,-46.0,0.2,195.28571428571428,0.7509678231280615,2.6106855297088623,7,8
1055,-172.0,0.1,285.6,0.7506594651296198,2.5667923867702482,5,15
1056,-103.0,0.14285714285714285,166.375,0.7504633079426712,2.5314225816726683,8,13
1057,-120.0,0.15384615384615385,226.66666666666666,0.7501691751255507,2.5997923266887666,6,7
1058,-27.0,0.4444444444444444,203.25,0.7500011546867796,2.5867380607128143,8,1
1059,-103.0,0.125,116.5,0.7495812799689792,2.579474194049835,6,10
1060,-18.0,0.5555555555555556,92.125,0.7494553666711216,2.602470749616623,8,1
1061,-88.0,0.3125,197.0,0.7491197086594867,2.6562754118442538,9,7
1062,-157.0,0.17647058823529413,126.33333333333333,0.7487422859301189,2.617632124423981,6,11
1063,-10.0,0.5,191.0,0.7486444688574436,2.6168300032615663,6,2
1064,-86.0,0.1111111111111111,139.125,0.7485047539356301,2.5818244779109953,8,10
1065,-75.0,0.2,85.0,0.7481974794492428,2.60286682844162,6,4
1066,-85.0,0.2222222222222222,216.0,0.747960132657471,2.6005793809890747,6,3
1067,-87.0,0.3,197.25,0.7478205545892116,2.584667956829071,8,2
1068,-122.0,0.06666666666666667,162.33333333333334,0.7475972877363447,2.6151692199707033,3,12
1069,-136.0,0.08333333333333333,182.75,0.7473043583949632,2.638352006673813,4,8
1070,-61.0,0.2857142857142857,258.25,0.7472067426180518,2.6752945160865784,4,3
1071,19.0,0.8,92.2,0.7471370254297075,2.703780393600464,5,0
1072,10.0,0.3333333333333333,251.5,0.7470673152127334,2.7382044756412505,4,5
1073,-19.0,0.5,281.4,0.7469000391310151,2.738737943172455,5,3
1074,-33.0,0.45454545454545453,285.85714285714283,0.7466631333939681,2.714593082666397,7,4
1075,-38.0,0.42857142857142855,269.2,0.7465656073822731,2.697698496580124,5,2
1076,-33.0,0.36363636363636365,222.66666666666666,0.7462591859326874,2.693322640657425,6,5
1077,39.0,0.8571428571428571,145.0,0.7461477933745804,2.683484147787094,7,0
1078,-29.0,0.4,82.4,0.7460781820758658,2.678183137178421,5,0
1079,9.0,0.5454545454545454,280.14285714285717,0.7458415557227196,2.6956029546260836,7,4
1080,-42.0,0.4166666666666667,226.625,0.745465902718069,2.724527804851532,8,4
1081,-190.0,0.21052631578947367,89.125,0.7451877719868364,2.7179552733898165,8,11
1082,-85.0,0.1,159.0,0.7450209469413658,2.7026369166374207,7,13
1083,7.0,0.5,155.75,0.7449653474896182,2.6770310688018797,4,2
1084,-51.0,0.2,217.0,0.7447568891556848,2.678641350269318,3,2
1085,-34.0,0.36363636363636365,181.66666666666666,0.7445762758452521,2.6378692996501925,6,5
1086,-30.0,0.38461538461538464,204.0,0.744340160053424,2.5688825035095215,8,5
1087,-83.0,0.16666666666666666,278.8,0.7441457720242032,2.570765873193741,5,13
1088,-42.0,0.4444444444444444,173.125,0.7440208370297255,2.5462122845649717,8,1
1089,-42.0,0.4166666666666667,86.0,0.743826538398435,2.5719593822956086,7,5
1090,-157.0,0.125,154.8,0.7435490632817987,2.6172279107570646,5,11
1091,-11.0,0.4166666666666667,198.83333333333334,0.743299430555604,2.6353241765499114,6,6
1092,-138.0,0.21428571428571427,289.875,0.7430498876810164,2.7139123058319092,8,6
1093,-6.0,0.5714285714285714,174.33333333333334,0.742952867488313,2.732927339076996,6,1
1094,-153.0,0.06666666666666667,200.16666666666666,0.7427173035615038,2.744186946153641,6,9
1095,28.0,1.0,367.0,0.7426757417701564,2.7481039750576017,3,0
1096,-38.0,0.42857142857142855,291.8,0.742578773954214,2.7481046569347383,5,2
1097,21.0,0.8,176.6,0.742509519539597,2.728757253885269,5,0
1098,8.0,0.25,142.75,0.7424402720500752,2.7136214089393618,4,8
1099,-1.0,0.3157894736842105,199.55555555555554,0.7422325711251568,2.6751558995246887,9,10
1100,-60.0,0.4,241.6,0.7420526140520974,2.735270549058914,10,0
1101,-66.0,0.21428571428571427,186.28571428571428,0.7417758483633046,2.832600737810135,7,7
1102,-103.0,0.3076923076923077,125.85714285714286,0.7415821782408454,2.8563736844062806,7,6
1103,36.0,1.0,224.0,0.74152685387959,2.873550200462341,4,0
1104,-39.0,0.5,189.44444444444446,0.7413885623384292,2.9517523503303527,9,1
1105,-75.0,0.15789473684210525,147.42857142857142,0.741181176879102,3.014356198310852,7,12
1106,27.0,0.75,205.66666666666666,0.7407113334436968,3.126917225122452,6,2
1107,32.0,1.0,287.3333333333333,0.7406560787472387,3.126686536073685,3,0
1108,29.0,0.8,161.0,0.740462722116381,3.043365615606308,4,1
1109,-131.0,0.29411764705882354,159.375,0.7401727886633793,3.0477022135257723,8,9
1110,-91.0,0.3076923076923077,164.25,0.7398691794352957,2.938328334093094,8,5
1111,-55.0,0.375,249.4,0.7397588091964408,2.9398110949993135,5,3
1112,-78.0,0.16666666666666666,278.4,0.7396484566154112,2.8891093146800997,5,7
1113,-35.0,0.4,214.0,0.7394278044155291,2.9571407616138456,9,6
1114,-117.0,0.2857142857142857,169.22222222222223,0.739207222813055,2.954359372854233,9,5
1115,17.0,0.7,120.22222222222223,0.7390693951517178,2.996826950311661,9,1
1116,-158.0,0.125,184.8,0.7388351513810638,2.98331911444664,5,11
1117,-91.0,0.3333333333333333,200.77777777777777,0.73861475939722,2.9667309284210206,9,3
1118,-19.0,0.5,159.5,0.7385321305839202,2.9987959909439086,6,0
1119,-91.0,0.3333333333333333,141.75,0.7383118355512185,2.9625969743728637,8,4
1120,-10.0,0.5714285714285714,270.85714285714283,0.7382154786393825,2.9317977118492125,7,0
1121,-86.0,0.14285714285714285,124.25,0.7381191352165699,2.9205952525138854,4,3
1122,-34.0,0.4,120.33333333333333,0.7378026732062131,2.91555667757988,3,2
1123,-40.0,0.42857142857142855,149.33333333333334,0.7377063875721158,2.8863018023967744,6,1
1124,-127.0,0.047619047619047616,175.125,0.7374588578306166,2.809018267393112,8,13
1125,-7.0,0.375,252.55555555555554,0.7372801417616763,2.85936931848526,9,7
1126,-74.0,0.3,192.5,0.7370602473013027,2.8809986972808836,6,4
1127,-124.0,0.23529411764705882,240.3,0.7367717425876671,2.8854807233810424,10,7
1128,-15.0,0.5,227.0,0.7365108189041234,2.90532630443573,9,5
1129,-19.0,0.5454545454545454,151.2,0.736359803136308,2.9348453521728515,10,1
1130,-83.0,0.2631578947368421,178.57142857142858,0.7361127580779576,2.9283083951473237,7,12
1131,-13.0,0.42857142857142855,255.0,0.7359343919494588,2.9269793283939363,5,2
1132,-35.0,0.3157894736842105,143.77777777777777,0.7357149280601301,2.9099935352802277,9,10
1133,3.0,0.4,247.66666666666666,0.7356326472057128,2.9080889081954955,6,4
1134,26.0,0.8,78.0,0.7355092444357982,2.968114778995514,5,0
1135,-73.0,0.23809523809523808,236.625,0.73520768671581,2.879540592432022,8,13
1136,-33.0,0.21052631578947367,155.66666666666666,0.7348514713427415,2.829660849571228,6,13
1137,-213.0,0.14285714285714285,217.875,0.7345365121121007,2.8159467005729675,8,13
1138,29.0,0.8333333333333334,165.0,0.734454372659113,2.810206241607666,6,0
1139,-108.0,0.25,187.14285714285714,0.7342764376547746,2.800847462415695,7,5
1140,-63.0,0.29411764705882354,267.0,0.7339891018956928,2.791768252849579,7,10
1141,-8.0,0.5714285714285714,127.14285714285714,0.7338933501242079,2.7993565034866332,7,0
1142,-78.0,0.25,162.4,0.733783935941556,2.812678323984146,5,3
1143,-86.0,0.29411764705882354,196.6,0.733360121297388,2.8119111287593843,10,7
1144,-101.0,0.2222222222222222,234.9,0.7330868319103904,2.7879868602752684,10,8
1145,40.0,0.42857142857142855,128.6,0.7328955943719603,2.775960648059845,10,11
1146,-19.0,0.42857142857142855,186.4,0.7326634493367662,2.8129421293735506,5,2
1147,-26.0,0.5714285714285714,164.16666666666666,0.7321175369713582,2.8119335639476777,6,1
1148,-98.0,0.4117647058823529,194.0,0.7318583815499577,2.89417183637619,10,7
1149,-30.0,0.42857142857142855,148.16666666666666,0.7315720611611972,2.9113727021217346,6,1
1150,-37.0,0.5,186.0,0.7314357603794975,2.9070273804664613,8,2
1151,-47.0,0.16666666666666666,288.6,0.7312858610017502,2.843604497909546,5,7
1152,-69.0,0.3333333333333333,236.57142857142858,0.7309725415746825,2.8548496198654174,7,2
1153,-24.0,0.36363636363636365,225.83333333333334,0.7307682804529103,2.851220226287842,6,5
1154,-48.0,0.2857142857142857,64.33333333333333,0.7305913037079662,2.8295562410354616,3,4
1155,-41.0,0.4444444444444444,214.42857142857142,0.7304688082982165,2.788979399204254,7,2
1156,17.0,0.6666666666666666,188.0,0.7303327281450258,2.7855054318904875,9,0
1157,-60.0,0.08333333333333333,128.0,0.7301694678822861,2.7536067497730254,4,8
1158,57.0,1.0,117.83333333333333,0.7300606494731299,2.7559500348567965,6,0
1159,-52.0,0.375,114.2,0.7299382495725462,2.764326003789902,5,3
1160,-34.0,0.36363636363636365,167.4,0.7297342986918361,2.7705679619312287,5,6
1161,-103.0,0.2727272727272727,127.5,0.7295439997313002,2.745427873134613,8,3
1162,23.0,0.7142857142857143,144.42857142857142,0.7293945164951182,2.772967720031738,7,0
1163,-57.0,0.25,113.33333333333333,0.729285822068265,2.7596713376045225,6,6
1164,-86.0,0.18181818181818182,91.66666666666667,0.7291092307123984,2.7884194195270537,6,5
1165,-31.0,0.21428571428571427,244.2,0.728932685264316,2.8534772169589995,5,9
1166,-34.0,0.10526315789473684,216.5,0.728851218230204,2.901628432273865,4,15
1167,52.0,1.0,190.33333333333334,0.7287697609715497,2.879336748123169,6,0
1168,9.0,0.6666666666666666,219.8,0.7286475934099852,2.9163180112838747,5,1
1169,-49.0,0.375,251.125,0.7285118774633502,2.902032585144043,8,0
1170,-29.0,0.4,105.8,0.7284033242474449,2.851050057411194,5,0
1171,-10.0,0.8,255.0,0.7277388146525668,2.8894302606582642,4,1
1172,-78.0,0.25,197.5,0.7274677733385826,2.785783169269562,4,8
1173,-16.0,0.6666666666666666,140.4,0.7269666326312424,2.7617637956142427,5,1
1174,-90.0,0.2,279.14285714285717,0.7267500379657951,2.747593044042587,7,13
1175,-25.0,0.4444444444444444,226.6,0.7264117475264698,2.7299092423915865,5,4
1176,-100.0,0.25,206.875,0.7261682831235823,2.734397358894348,8,4
1177,24.0,0.8,189.8,0.7261006696759986,2.7248716938495634,5,0
1178,-84.0,0.25,185.33333333333334,0.7258438002298074,2.7500699865818024,6,10
1179,9.0,0.6666666666666666,134.33333333333334,0.7257627038396607,2.732261282205582,6,0
1180,-106.0,0.1,264.6666666666667,0.7256005402511482,2.794685744047165,6,4
1181,-60.0,0.2857142857142857,186.0,0.7255059627960893,2.7810500383377077,6,1
1182,-19.0,0.5,158.5,0.7253573678303197,2.767583969831467,6,2
1183,-41.0,0.2,257.0,0.7248847830967924,2.79395046710968,2,3
1184,-59.0,0.25,138.2,0.7246148831671383,2.7267657434940338,5,3
1185,-54.0,0.25,247.8,0.7244395060975218,2.7266240239143373,5,3
1186,-73.0,0.3,231.85714285714286,0.7240754070798116,2.630999925136566,7,3
1187,-38.0,0.3076923076923077,205.16666666666666,0.7239271268016827,2.6576473927497863,6,7
1188,-119.0,0.3333333333333333,223.88888888888889,0.7237115046224948,2.607377964258194,9,6
1189,2.0,0.6666666666666666,301.8333333333333,0.7236306640924689,2.5835020363330843,6,0
1190,-53.0,0.2857142857142857,160.57142857142858,0.7235094214850943,2.535698139667511,7,0
1191,50.0,1.0,169.8,0.7234151367661708,2.517779550552368,5,0
1192,13.0,0.23529411764705882,191.8,0.7233073989635421,2.5347736287117004,5,12
1193,-52.0,0.2,158.66666666666666,0.7229439111186527,2.5008949971199037,3,7
1194,-125.0,0.18181818181818182,273.2,0.7227958797422551,2.5708450281620028,5,6
1195,-28.0,0.5,179.375,0.7225537168174896,2.64926442027092,8,2
1196,-45.0,0.4444444444444444,241.33333333333334,0.7224057712743963,2.6759927248954773,6,3
1197,-177.0,0.2222222222222222,185.54545454545453,0.7221771921728123,2.712436429262161,11,7
1198,-156.0,0.2,136.5,0.7219486907749124,2.817559505701065,8,7
1199,-63.0,0.15384615384615385,206.4,0.7218143144748354,2.8631235468387604,5,8
1200,-94.0,0.10526315789473684,86.66666666666667,0.7216530983860658,2.9046120071411132,6,13
1201,-69.0,0.25,182.16666666666666,0.721465061844862,2.942628424167633,6,6
1202,-122.0,0.05555555555555555,145.5,0.7212770779465194,2.979046881198883,6,12
1203,-20.0,0.3333333333333333,237.83333333333334,0.7210891466763001,3.0161418890953064,6,6
1204,40.0,0.7777777777777778,268.77777777777777,0.7209549422678528,3.0420216584205626,9,0
1205,-16.0,0.5,180.0,0.7208744325054631,3.0755422949790954,6,0
1206,-36.0,0.45454545454545453,213.11111111111111,0.7207268563642827,3.0593979859352114,9,2
1207,-87.0,0.26666666666666666,222.83333333333334,0.7204049847286004,3.0527193355560303,6,9
1208,-171.0,0.06666666666666667,153.42857142857142,0.7201770857788095,3.1010542380809785,7,8
1209,27.0,0.8333333333333334,219.33333333333334,0.7200966693535981,3.0860076677799224,6,0
1210,-89.0,0.1875,174.4,0.7198420809940956,3.0564583742618563,5,11
1211,-70.0,0.16666666666666666,160.0,0.7196143733990422,3.0429905569553375,5,13
1212,1.0,0.5454545454545454,162.1,0.7194804639157572,3.0107528936862944,10,1
1213,-59.0,0.17647058823529413,149.2,0.7192796499001909,3.0456965374946594,5,12
1214,-6.0,0.4166666666666667,328.57142857142856,0.7190387525903443,3.017589625120163,7,5
1215,-33.0,0.5,179.0,0.7185572180617119,3.039750107526779,3,1
1216,-75.0,0.2777777777777778,174.72727272727272,0.7183967835822846,3.0401822340488436,11,7
1217,-70.0,0.2727272727272727,333.14285714285717,0.7182764829886181,3.0710917747020723,7,4
1218,16.0,0.4,265.5,0.7181695673048226,3.11067617058754,8,7
1219,-63.0,0.2857142857142857,233.4,0.7180760301131562,3.123711301088333,5,2
1220,15.0,0.7142857142857143,136.0,0.71798250601578,3.1342257225513457,7,0
1221,15.0,0.6666666666666666,206.0,0.7178622799853644,3.1392812120914457,8,1
1222,-30.0,0.42857142857142855,201.16666666666666,0.7177420755936869,3.133160798549652,6,1
1223,-69.0,0.1111111111111111,144.6,0.7175551339855671,3.1353668642044066,5,13
1224,-139.0,0.1875,157.33333333333334,0.7172080955537068,3.190626983642578,6,10
1225,-10.0,0.5714285714285714,274.42857142857144,0.7171146929586635,3.195813992023468,7,0
1226,-12.0,0.4166666666666667,190.25,0.7169546046437196,3.2235660409927367,8,4
1227,-79.0,0.2631578947368421,179.0,0.7166212106968303,3.14234573841095,7,12
1228,-165.0,0.10526315789473684,122.57142857142857,0.7163279618835936,3.1045274782180785,7,12
1229,-125.0,0.18181818181818182,237.875,0.7161813858559335,3.0480677103996277,8,3
1230,-29.0,0.42857142857142855,103.0,0.7160748053608635,3.0254535460472107,6,1
1231,-42.0,0.46153846153846156,204.71428571428572,0.7157152220621972,2.965128666162491,7,6
1232,-2.0,0.625,258.6666666666667,0.7152626895896731,2.9496082532405854,6,2
1233,-3.0,0.625,197.125,0.715156256074247,2.972600792646408,8,0
1234,-63.0,0.3333333333333333,246.77777777777777,0.7148769491052651,2.907903174161911,9,9
1235,-106.0,0.3333333333333333,213.0,0.7146110515086876,2.8686515617370607,8,7
1236,-83.0,0.15384615384615385,180.66666666666666,0.7144249864645871,2.861312743425369,6,7
1237,-41.0,0.3076923076923077,188.57142857142858,0.7141858365190328,2.8209514009952543,7,6
1238,9.0,0.625,119.28571428571429,0.7140662938276243,2.805829244852066,7,1
1239,23.0,0.7142857142857143,154.42857142857142,0.7139600517202073,2.802237164974213,7,0
1240,-31.0,0.23809523809523808,190.5,0.7136679735593578,2.833740998506546,8,13
1241,-74.0,0.3333333333333333,163.14285714285714,0.7133627564968269,2.8029227483272554,7,8
1242,-70.0,0.36363636363636365,266.57142857142856,0.7132168327425992,2.7855645310878754,7,4
1243,-95.0,0.35714285714285715,143.55555555555554,0.7128455352892534,2.888285928964615,9,5
1244,-6.0,0.6,231.2,0.7127792540498418,2.8777175307273866,5,0
1245,-24.0,0.2777777777777778,100.28571428571429,0.7125804500957109,2.879304630756378,7,11
1246,-82.0,0.38461538461538464,233.0,0.7123684582721812,2.8672376132011412,10,3
1247,-177.0,0.10526315789473684,202.83333333333334,0.7121035638712844,2.8593396854400637,6,13
1248,-50.0,0.2631578947368421,278.375,0.7117858304227542,2.839575914144516,8,11
1249,-41.0,0.35,236.44444444444446,0.7113756503768458,2.7334801614284516,9,11
1250,-69.0,0.375,277.44444444444446,0.7110847091024542,2.6752332186698915,9,7
1251,-23.0,0.5454545454545454,274.9,0.7109128494208143,2.633397521972656,10,1
1252,-101.0,0.2,174.83333333333334,0.7106749636170366,2.5950273728370665,6,4
1253,-113.0,0.3333333333333333,239.375,0.7104503723120924,2.6148654305934906,8,7
1254,-111.0,0.3333333333333333,265.6,0.7101466350057651,2.6739356684684754,10,8
1255,-63.0,0.4666666666666667,173.7,0.7099486207188915,2.6938141310214996,10,5
1256,-59.0,0.2857142857142857,170.33333333333334,0.7097770563818349,2.7561202943325043,6,1
1257,-88.0,0.07692307692307693,182.2,0.70964511416522,2.8063047873973845,5,8
1258,46.0,1.0,250.8,0.7095791529519191,2.8145754146575928,5,0
1259,-79.0,0.3333333333333333,218.14285714285714,0.7092758163143368,2.7897466444969177,7,8
1260,-53.0,0.25,231.0,0.7091044268836865,2.7697040855884554,7,5
1261,-23.0,0.3333333333333333,157.4,0.708893547209631,2.774355056285858,5,7
1262,-71.0,0.06666666666666667,275.0,0.7087354317329169,2.7336252474784852,4,11
1263,39.0,0.7272727272727273,198.1818181818182,0.7085905258781641,2.7338464999198915,11,0
1264,0.0,0.4117647058823529,174.9090909090909,0.7084193145998664,2.7130396938323975,11,6
1265,-84.0,0.38461538461538464,195.125,0.7082481478307148,2.6681633126735687,8,5
1266,-137.0,0.16666666666666666,167.0,0.7080770255591381,2.680622136592865,4,8
1267,48.0,0.8181818181818182,195.22222222222223,0.707919106024106,2.666451781988144,9,2
1268,31.0,1.0,280.6666666666667,0.7078533174029896,2.6429333698749544,3,0
1269,-67.0,0.11764705882352941,83.2,0.7077217598956982,2.689795309305191,5,12
1270,22.0,0.75,191.33333333333334,0.7071695055966639,2.68583549618721,6,2
1271,26.0,0.8,184.2,0.7070906499874234,2.6965218341350554,5,0
1272,13.0,0.23529411764705882,177.0,0.7069855238937374,2.7066465318202972,5,12
1273,1.0,0.6,137.8,0.706919828626166,2.7225468134880066,5,0
1274,15.0,0.7142857142857143,219.71428571428572,0.7068278662876722,2.7084197103977203,7,0
1275,-6.0,0.6,201.75,0.7066965138500964,2.7498942482471467,8,2
1276,-7.0,0.5,134.6,0.7064864045849397,2.759691984653473,5,3
1277,-7.0,0.5,146.0,0.7063551204328756,2.715253450870514,6,0
1278,-40.0,0.4,248.0,0.7055810781655172,2.6097849476337434,2,3
1279,-18.0,0.5,215.5,0.7053975411600106,2.575117989778519,6,2
1280,-33.0,0.5,202.28571428571428,0.7052140555376718,2.5379823625087736,7,1
1281,-40.0,0.25,131.75,0.7048341415711604,2.572244281768799,4,8
1282,-81.0,0.17647058823529413,209.16666666666666,0.7045853518704004,2.583548502922058,6,11
1283,28.0,0.75,137.125,0.7044544478908606,2.634669315814972,8,0
1284,-128.0,0.21052631578947367,167.6,0.7041534680754956,2.6182295882701876,5,14
1285,-38.0,0.42857142857142855,239.8,0.7040618930003698,2.6256849229335786,5,2
1286,-137.0,0.14285714285714285,192.375,0.7038526266790068,2.659035037755966,8,13
1287,27.0,0.8,180.8,0.7037349437979817,2.64515784740448,5,0
1288,-41.0,0.3333333333333333,125.0,0.7035649948069205,2.6720146048069,5,7
1289,-9.0,0.5714285714285714,171.28571428571428,0.7034604327729371,2.7013953363895418,7,0
1290,-47.0,0.05,186.33333333333334,0.7033166872903099,2.671489847898483,3,17
1291,6.0,0.6666666666666666,72.5,0.703238293991527,2.664187570810318,6,0
1292,-7.0,0.5,110.85714285714286,0.7031468470318049,2.619658294916153,7,1
1293,-68.0,0.3125,187.88888888888889,0.7029117564857106,2.6606807923316955,9,7
1294,-35.0,0.42857142857142855,156.8,0.7026636971525044,2.6770016360282898,5,2
1295,-114.0,0.16666666666666666,159.0,0.7024418292151592,2.6410143089294436,4,8
1296,-5.0,0.5555555555555556,155.0,0.7023374468732948,2.6037571024894715,7,2
1297,30.0,0.7777777777777778,194.75,0.7022200367000903,2.609271459579468,8,1
1298,-33.0,0.3333333333333333,144.14285714285714,0.7021287322864103,2.6165716421604155,7,2
1299,-14.0,0.5714285714285714,172.16666666666666,0.7020113596784503,2.604305933713913,6,1
1300,12.0,0.6666666666666666,244.77777777777777,0.7018809704458725,2.634590550661087,9,0
1301,-36.0,0.42857142857142855,64.6,0.7017245377856357,2.6712232291698457,5,2
1302,-111.0,0.25,268.6,0.7015551114321918,2.7311454606056214,5,7
1303,-89.0,0.2,181.3,0.7013466471525972,2.7929854226112365,10,10
1304,-32.0,0.2,165.6,0.701255465004895,2.8713090562820436,5,5
1305,-79.0,0.4444444444444444,294.4,0.7010080349428823,2.907057353258133,10,8
1306,-10.0,0.4,147.0,0.700799745699757,2.9825228559970856,5,5
1307,0.0,0.5714285714285714,251.85714285714286,0.7006826122878543,3.01416237950325,7,0
1308,19.0,0.8,154.6,0.7006175472799301,3.0510413253307345,5,0
1309,-19.0,0.5555555555555556,128.5,0.7005004466607917,3.0459807884693144,8,1
1310,-47.0,0.23529411764705882,203.2,0.7003443452865072,2.9984259366989137,5,12
1311,-56.0,0.21428571428571427,130.66666666666666,0.7001492712454905,2.8820546567440033,6,8
1312,-31.0,0.38461538461538464,192.57142857142858,0.6999022614572493,2.863599469661713,7,6
1313,-51.0,0.10526315789473684,213.6,0.6997982854137215,2.9126344466209413,5,14
1314,-34.0,0.25,172.0,0.6997463036301874,2.8996547198295595,4,0
1315,-27.0,0.4,79.4,0.6996813322484476,2.9106804966926574,5,0
1316,-23.0,0.5,198.66666666666666,0.6994474890631371,2.8989124488830567,6,4
1317,11.0,0.625,153.125,0.6993305990355237,2.870860984325409,8,0
1318,-40.0,0.42857142857142855,201.66666666666666,0.6992396991148018,2.8057078886032105,6,1
1319,-152.0,0.0,257.4,0.6989930348983074,2.7710541927814485,5,12
1320,-70.0,0.3125,217.2,0.6985778122413957,2.809545440673828,5,11
1321,-64.0,0.21428571428571427,111.6,0.6983443662517881,2.8523102939128875,5,9
1322,-63.0,0.42857142857142855,181.45454545454547,0.6981628552419649,2.806457026004791,11,3
1323,-89.0,0.05263157894736842,124.5,0.6980591574811683,2.8354084348678588,4,15
1324,-11.0,0.35,99.0,0.6978777263186215,2.8777129244804383,10,10
1325,19.0,0.7142857142857143,110.85714285714286,0.6977870297858424,2.868337805271149,7,0
1326,-78.0,0.25,202.2,0.6975538684266823,2.9118106460571287,5,7
1327,-156.0,0.2,205.0,0.6972819529081992,2.864850937128067,11,4
1328,-9.0,0.25,159.8,0.697178396080501,2.8157670545578,5,7
1329,-21.0,0.75,291.6666666666667,0.6965444719259128,2.762622400522232,3,1
1330,-18.0,0.13333333333333333,129.75,0.696492750437046,2.776241807937622,4,11
1331,2.0,0.625,166.28571428571428,0.6963893198716419,2.7534379506111146,7,1
1332,55.0,1.0,152.8,0.6963246841714936,2.7603275203704833,5,0
1333,-97.0,0.3076923076923077,274.57142857142856,0.6960920491620061,2.788977168798447,7,6
1334,-44.0,0.05,78.66666666666667,0.6959886827036773,2.7544395339488985,3,17
1335,-123.0,0.21052631578947367,146.125,0.6956528559112047,2.674794418811798,8,11
1336,-44.0,0.3333333333333333,160.5,0.6952526752093765,2.6970595693588257,4,2
1337,-109.0,0.17647058823529413,257.6666666666667,0.6949817259891078,2.7145932710170744,6,11
1338,-7.0,0.3076923076923077,245.0,0.6948011563867549,2.6866620528697966,6,7
1339,-10.0,0.23809523809523808,99.5,0.6946464226780098,2.7049180138111115,6,15
1340,-100.0,0.2222222222222222,84.5,0.6943499535167128,2.7303389000892637,6,12
1341,-40.0,0.3333333333333333,160.8,0.6941309117717238,2.7399276435375213,5,1
1342,-25.0,0.5454545454545454,274.9,0.6939634595044012,2.735723429918289,10,1
1343,-83.0,0.18181818181818182,159.8,0.6937445491450397,2.7438916790485384,5,6
1344,-69.0,0.25,172.0,0.6934999726888343,2.783007720708847,5,3
1345,-25.0,0.23529411764705882,178.66666666666666,0.6932940856412585,2.813356418609619,6,11
1346,-20.0,0.5,223.33333333333334,0.6932168949825136,2.829180793762207,6,0
1347,-93.0,0.08333333333333333,165.71428571428572,0.6930625414508824,2.79781973361969,7,5
1348,-81.0,0.2,103.83333333333333,0.6927925118936495,2.800262323617935,6,14
1349,-22.0,0.2222222222222222,216.25,0.692689673319052,2.81117439866066,4,5
1350,-1.0,0.5,206.8,0.6926254075650613,2.7998181056976317,5,1
1351,-22.0,0.2,165.6,0.6923941040554678,2.736858649253845,5,10
1352,-44.0,0.4,220.66666666666666,0.692021623504917,2.7616967034339903,9,11
1353,-10.0,0.42857142857142855,106.25,0.6919189082625947,2.7656794452667235,4,3
1354,-184.0,0.2222222222222222,206.25,0.6916878590469744,2.7340391516685485,8,10
1355,-72.0,0.2857142857142857,283.85714285714283,0.6914312352315403,2.6425384318828584,7,7
1356,-19.0,0.5,300.8333333333333,0.6913414411443406,2.663992546796799,6,0
1357,12.0,0.6666666666666666,223.83333333333334,0.6912388347224901,2.6948202788829803,6,0
1358,-135.0,0.14285714285714285,128.0,0.6909567516980287,2.642450225353241,5,9
1359,-32.0,0.3333333333333333,62.8,0.6907260487964312,2.671031402349472,5,7
1360,-80.0,0.125,181.0,0.6903417284747795,2.6752423071861267,4,4
1361,-83.0,0.23529411764705882,206.71428571428572,0.6901112469416938,2.7421928775310516,7,10
1362,-23.0,0.25,244.0,0.689983237493677,2.7367139041423796,5,7
1363,30.0,0.8333333333333334,264.6666666666667,0.6899064441128726,2.770144327878952,6,0
1364,-2.0,0.6,130.4,0.689842456667887,2.811559273004532,5,0
1365,11.0,0.8333333333333334,103.6,0.689369148395612,2.736796921491623,5,1
1366,-68.0,0.3333333333333333,282.14285714285717,0.6891773664198281,2.7848172652721406,7,5
1367,-13.0,0.5555555555555556,216.5,0.6890495437292392,2.805472671985626,8,1
1368,-153.0,0.2,212.625,0.6888450805910927,2.7406479394435883,8,7
1369,-45.0,0.23076923076923078,229.8,0.6886790024612315,2.734533258676529,5,8
1370,-40.0,0.4444444444444444,149.71428571428572,0.6884235819477553,2.676065559387207,7,2
1371,-29.0,0.45454545454545453,209.5,0.6880023614017403,2.646730283498764,6,5
1372,-138.0,0.16666666666666666,173.375,0.6877727218892281,2.662331908941269,8,10
1373,32.0,0.8333333333333334,88.2,0.6876961937543813,2.6950831699371336,5,1
1374,-124.0,0.16666666666666666,146.75,0.6874921636189426,2.708623151779175,8,10
1375,10.0,0.7142857142857143,237.0,0.6874029209631676,2.6864030289649965,6,1
1376,7.0,0.625,118.25,0.6872881987627021,2.6575063705444335,8,0
1377,-81.0,0.2222222222222222,134.8,0.6870588163024677,2.647691729068756,5,13
1378,-27.0,0.5,86.16666666666667,0.6867913077803426,2.6563765954971315,6,4
1379,13.0,0.5714285714285714,158.0,0.6866766956603424,2.6115520656108857,7,0
1380,-20.0,0.3333333333333333,142.66666666666666,0.686600299040752,2.568464673757553,6,3
1381,-39.0,0.42857142857142855,231.0,0.6864348044782269,2.615751141309738,6,1
1382,6.0,0.5454545454545454,140.0,0.6863202565230461,2.59104297041893,7,4
1383,-41.0,0.1,129.0,0.6861421117926456,2.608576682806015,4,16
1384,5.0,0.29411764705882354,122.5,0.6860021759215615,2.6304141664505005,6,11
1385,-110.0,0.25,186.3,0.6857478259245837,2.6532146656513214,10,10
1386,-75.0,0.3333333333333333,265.0,0.6855698414523137,2.7141893875598906,7,2
1387,13.0,0.7142857142857143,202.14285714285714,0.6854554491764661,2.6851545548439026,7,0
1388,-85.0,0.11764705882352941,215.33333333333334,0.6852775465582255,2.70476988196373,6,11
1389,-67.0,0.1111111111111111,201.0,0.6851505037536177,2.7160561442375184,5,13
1390,-16.0,0.3333333333333333,211.55555555555554,0.6849853860888683,2.669570256471634,9,9
1391,19.0,0.8,186.25,0.6849218907250806,2.6741703057289126,4,1
1392,-5.0,0.21428571428571427,168.0,0.6848584017105117,2.697385997772217,5,9
1393,-92.0,0.21428571428571427,181.375,0.6846298938197841,2.758638645410538,8,6
1394,43.0,0.7777777777777778,246.66666666666666,0.6844649114960225,2.7088845276832583,9,0
1395,-25.0,0.23529411764705882,185.33333333333334,0.6842619152054825,2.6764711391925813,6,11
1396,-47.0,0.29411764705882354,218.0,0.6840082611735888,2.6585416996479037,10,7
1397,48.0,0.8571428571428571,125.66666666666667,0.6839195062300154,2.662807158231735,6,1
1398,-147.0,0.10526315789473684,166.83333333333334,0.6836659891343227,2.6998726308345793,6,13
1399,8.0,0.6,69.8,0.6835899537778394,2.665005795955658,5,0
1400,-17.0,0.5,253.33333333333334,0.6833365684767668,2.610147067308426,6,2
1401,-28.0,0.23809523809523808,133.625,0.6831719223738838,2.746050066947937,8,13
1402,-8.0,0.6,291.2,0.6831086083474004,2.7681571650505066,5,0
1403,-25.0,0.6,238.66666666666666,0.6824125717685204,3.0792527306079864,3,2
1404,-54.0,0.23529411764705882,150.83333333333334,0.682045878828127,3.1203619587421416,6,11
1405,-51.0,0.18181818181818182,286.5,0.6819194822924363,3.100238400697708,4,7
1406,-56.0,0.13333333333333333,328.8,0.6817552045840677,3.1152128660678864,5,10
1407,3.0,0.5714285714285714,59.6,0.6815909695823513,3.1194909489154816,5,2
1408,-56.0,0.4,139.0,0.6814520348524239,3.1472599470615386,7,3
1409,-73.0,0.25,124.16666666666667,0.6811742570726819,3.0238109505176545,6,10
1410,9.0,0.6666666666666666,165.66666666666666,0.6810606559308182,3.043914021253586,9,0
1411,-66.0,0.25,218.14285714285714,0.6807956661070856,3.075120437145233,7,5
1412,-35.0,0.42857142857142855,248.66666666666666,0.6807073608953397,3.094712595939636,6,1
1413,-143.0,0.14285714285714285,221.83333333333334,0.6804803471103503,3.0767156744003294,6,8
1414,-38.0,0.42857142857142855,135.33333333333334,0.680392086040174,3.1008036065101625,6,1
1415,-101.0,0.14285714285714285,225.25,0.6801651857337052,3.0872748923301696,4,10
1416,-47.0,0.4,163.0,0.6798627790279687,3.1258111679553986,6,4
1417,-77.0,0.17647058823529413,247.0,0.6796360692377292,3.1050464260578154,7,10
1418,-29.0,0.35714285714285715,102.85714285714286,0.6793968529853854,3.128569693565369,7,7
1419,-45.0,0.4444444444444444,158.42857142857142,0.6792584009080156,3.0930180275440216,7,2
1420,-43.0,0.3333333333333333,182.71428571428572,0.6790067478816131,3.015263487100601,7,8
1421,-58.0,0.4166666666666667,229.22222222222223,0.6787426205181317,3.0024499797821047,9,3
1422,-4.0,0.5,245.625,0.6786420297463253,2.980559606552124,8,2
1423,-105.0,0.15,165.57142857142858,0.6784786040648504,2.98427533864975,7,13
1424,-114.0,0.15,248.5,0.6781770067240518,2.94074357509613,6,14
1425,-166.0,0.15789473684210525,180.11111111111111,0.6778755541152381,2.9160377132892608,9,10
1426,6.0,0.5,130.36363636363637,0.6776370067315478,2.8787142252922058,11,5
1427,-38.0,0.3333333333333333,171.0,0.6773107203298642,2.826558940410614,7,8
1428,38.0,1.0,114.0,0.6772605374795785,2.8071782064437865,4,0
1429,-109.0,0.2,186.875,0.6769971433704719,2.78419353723526,8,7
1430,-7.0,0.3333333333333333,171.75,0.6767714650233984,2.7873040616512297,8,13
1431,-56.0,0.4,151.85714285714286,0.676621057921367,2.812971929311752,7,3
1432,-16.0,0.5555555555555556,184.625,0.6764832164517419,2.8279581689834594,8,1
1433,-14.0,0.3076923076923077,204.5,0.6763328785210667,2.866149640083313,6,7
1434,-41.0,0.4444444444444444,139.8,0.676007270089765,2.8536274909973143,5,4
1435,-76.0,0.4,169.44444444444446,0.6756693174193498,2.8634989643096924,9,6
1436,-11.0,0.5454545454545454,201.85714285714286,0.6754566260110155,2.805926377773285,7,4
1437,-133.0,0.23529411764705882,303.2857142857143,0.6751814856308932,2.7556836545467376,7,10
1438,-83.0,0.09523809523809523,250.25,0.6750064593197437,2.781388609409332,4,17
1439,-82.0,0.0,138.4,0.6748939682815632,2.7939851808547975,5,0
1440,-10.0,0.5714285714285714,172.0,0.6747565067298664,2.791455866098404,6,1
1441,1.0,0.3157894736842105,209.0,0.6745566166318342,2.77409423828125,9,10
1442,-58.0,0.2857142857142857,200.0,0.6744566955670716,2.762275176048279,5,2
1443,-140.0,0.16666666666666666,112.8,0.6743068439430495,2.7666976833343506,5,7
1444,11.0,0.4166666666666667,164.85714285714286,0.6741570282791021,2.777424935102463,7,5
1445,-53.0,0.45454545454545453,168.3,0.6740197288363732,2.825018938779831,10,1
1446,-101.0,0.125,208.25,0.6739198936667858,2.7840527749061583,8,0
1447,4.0,0.6666666666666666,188.16666666666666,0.6738450277715894,2.7941039216518404,6,0
1448,-62.0,0.3333333333333333,194.2,0.6735581250514991,2.847307620048523,5,4
1449,-88.0,0.1111111111111111,124.6,0.6732838198280512,2.944833005666733,5,13
1450,-35.0,0.3684210526315789,208.6,0.6729473374237697,2.962444145679474,10,9
1451,-106.0,0.2,257.125,0.6727604812523696,2.8992306327819826,8,2
1452,-62.0,0.35714285714285715,167.44444444444446,0.6724989767700291,2.832969026565552,9,5
1453,-36.0,0.2857142857142857,182.125,0.6722624720975902,2.7704363298416137,8,13
1454,-84.0,0.38461538461538464,130.0,0.6721007048854936,2.7549375772476195,8,5
1455,-43.0,0.2631578947368421,230.75,0.6719265410721974,2.73824138045311,8,11
1456,34.0,0.8333333333333334,70.66666666666667,0.6718519143649607,2.7268760275840758,6,0
1457,-44.0,0.1875,188.4,0.6716405206530441,2.6915159285068513,5,11
1458,-50.0,0.18181818181818182,173.33333333333334,0.6715286354292987,2.7316327297687533,6,5
1459,-148.0,0.14285714285714285,176.0,0.6713049253907672,2.788042913675308,7,7
1460,-9.0,0.625,160.375,0.6712055245549837,2.752760125398636,8,0
1461,-50.0,0.375,130.83333333333334,0.6711061396220614,2.7560944962501526,6,2
1462,-50.0,0.19047619047619047,93.71428571428571,0.6709198357271564,2.706862688064575,7,14
1463,-44.0,0.4444444444444444,205.42857142857142,0.6706342782859688,2.788412355184555,7,2
1464,-49.0,0.3125,187.44444444444446,0.6704853439320174,2.755151398181915,9,7
1465,-37.0,0.4444444444444444,163.4,0.6702620094108278,2.737376101016998,5,4
1466,-96.0,0.23529411764705882,215.42857142857142,0.6700139542214086,2.737613537311554,7,10
1467,-65.0,0.3333333333333333,155.125,0.669865168727369,2.7557115399837495,8,1
1468,46.0,1.0,177.2,0.6698031853097188,2.783029549121857,5,0
1469,-129.0,0.125,143.25,0.6695800963214346,2.7902782309055327,4,12
1470,-1.0,0.5714285714285714,251.71428571428572,0.669468581940692,2.7623368346691133,7,0
1471,-16.0,0.2857142857142857,160.66666666666666,0.6692084597657575,2.748108379840851,3,4
1472,-8.0,0.6,131.2,0.66914654201572,2.7854537558555603,5,0
1473,-40.0,0.5,88.0,0.6685648177194788,2.6705513155460356,3,1
1474,-88.0,0.14285714285714285,90.6,0.668354541430449,2.593419110774994,5,9
1475,-68.0,0.36363636363636365,200.55555555555554,0.6682185183944168,2.6150831460952757,9,2
1476,17.0,0.5714285714285714,253.8,0.6681566996335669,2.585344796180725,5,2
1477,36.0,1.0,175.25,0.6681072490756449,2.600074117183685,4,0
1478,-9.0,0.5714285714285714,297.2857142857143,0.6680083598271437,2.6227638626098635,7,0
1479,-104.0,0.26666666666666666,245.11111111111111,0.6677735612649616,2.696110945940018,9,6
1480,-18.0,0.5555555555555556,206.0,0.6676623720312652,2.7374531137943268,9,0
1481,-40.0,0.42857142857142855,117.66666666666667,0.6675759053519896,2.7348149955272674,6,1
1482,-110.0,0.25,220.0,0.6673536180401797,2.7891335785388947,7,5
1483,-64.0,0.1875,127.625,0.6671807832251317,2.8027629160881045,8,8
1484,-44.0,0.4444444444444444,180.5,0.6669956567605224,2.8015990352630613,8,1
1485,-66.0,0.2857142857142857,256.2857142857143,0.6668352587424105,2.823482675552368,7,0
1486,-19.0,0.5,267.85714285714283,0.6667365729960819,2.7803982877731324,7,1
1487,-127.0,0.25,215.28571428571428,0.666514587789538,2.7923434555530546,7,9
1488,-10.0,0.5555555555555556,147.11111111111111,0.666403625150673,2.7952589380741117,9,0
1489,-54.0,0.18181818181818182,171.8,0.6662557060316412,2.797520612478256,5,6
1490,-56.0,0.35714285714285715,140.375,0.6659599742740457,2.7660024726390837,8,6
1491,-120.0,0.25,199.0,0.6656028210734072,2.76641672372818,6,10
1492,21.0,0.8,127.6,0.6655412638692114,2.769259377717972,5,0
1493,-107.0,0.10526315789473684,186.33333333333334,0.6652950966003996,2.7539670968055727,6,13
1494,-79.0,0.2222222222222222,160.28571428571428,0.6650859318275819,2.7120743477344513,7,11
1495,-23.0,0.5,139.0,0.66486454074491,2.7342076563835143,5,3
1496,-90.0,0.2777777777777778,238.41666666666666,0.664606351861258,2.7221427714824675,12,6
1497,-5.0,0.5714285714285714,123.0,0.6645080227115019,2.682884155511856,6,1
1498,-5.0,0.6,136.125,0.6642499835339836,2.73462477684021,8,2
1499,-59.0,0.2857142857142857,127.4,0.6640288933385342,2.7380654120445254,5,2
1500,-108.0,0.3684210526315789,154.84615384615384,0.6637587800547455,2.6854892528057097,13,6
1501,-46.0,0.3333333333333333,137.83333333333334,0.6636237679750069,2.7799243831634524,6,0
1502,-55.0,0.25,100.66666666666667,0.6634029031765849,2.832628471851349,6,10
1503,-38.0,0.45454545454545453,185.0,0.6631943816401749,2.9660476303100585,7,4
1504,-23.0,0.5,209.33333333333334,0.6631208027292009,2.9678013253211977,6,0
1505,-50.0,0.19047619047619047,120.14285714285714,0.6629859309890359,2.9239857029914855,7,14
1506,12.0,0.7142857142857143,120.33333333333333,0.6629001189656792,2.948400514125824,6,1
1507,14.0,0.7142857142857143,139.0,0.662814318955165,3.0008603155612947,5,2
1508,11.0,0.7,165.6,0.6626917683468433,3.0572485721111295,10,0
1509,-50.0,0.29411764705882354,274.1111111111111,0.6623854990363781,3.0739891290664674,9,8
1510,-54.0,0.1111111111111111,75.66666666666667,0.6622752795666014,3.0910747957229616,6,12
1511,-93.0,0.2777777777777778,191.1818181818182,0.6620426591610423,3.0402323138713836,11,7
1512,-75.0,0.2222222222222222,175.9,0.6619080245863732,2.970069977045059,10,8
1513,-31.0,0.2777777777777778,158.0,0.6617367143240449,2.9986780858039856,8,10
1514,-78.0,0.29411764705882354,135.14285714285714,0.6614676093771721,2.9531260204315184,7,10
1515,0.0,0.625,271.6666666666667,0.6610519527420683,2.8848428308963774,6,2
1516,-44.0,0.2,120.71428571428571,0.6609664114567141,2.913653645515442,7,8
1517,-73.0,0.36363636363636365,146.66666666666666,0.6608075808386105,2.8884279680252076,9,2
1518,-68.0,0.3333333333333333,163.14285714285714,0.6605144635535841,2.9264173591136933,7,5
1519,-83.0,0.2222222222222222,177.6,0.6603679576637413,2.9450639522075654,5,4
1520,-27.0,0.6,218.66666666666666,0.6596969220475628,3.0402262353897096,3,2
1521,-25.0,0.5,162.2,0.6596237628065593,3.066400352716446,5,1
1522,-126.0,0.10526315789473684,215.85714285714286,0.6594043377508289,3.0327486217021944,7,12
1523,46.0,1.0,189.25,0.6593555873538506,3.0467722594738005,4,0
1524,-83.0,0.1,156.8,0.6591728080959041,3.040893850326538,5,5
1525,-23.0,0.5,267.4,0.6590753482436048,3.04539009809494,5,3
1526,-93.0,0.2727272727272727,217.4,0.6589413664055338,3.0198897314071655,5,6
1527,-34.0,0.4,129.66666666666666,0.6586613177931063,2.928852119445801,3,2
1528,-153.0,0.22727272727272727,151.88888888888889,0.6583813979734159,2.896655868291855,9,13
1529,50.0,0.5384615384615384,148.75,0.6582475687876119,2.8860526764392853,8,5
1530,-19.0,0.5,193.0,0.6581745834585647,2.8597323381900788,6,0
1531,-32.0,0.23529411764705882,283.0,0.6580286390725616,2.8526616358757018,8,9
1532,-75.0,0.2,212.33333333333334,0.6578097881580236,2.813100982904434,6,9
1533,-134.0,0.25,203.14285714285714,0.657505959227507,2.8267573511600492,7,9
1534,-52.0,0.375,165.875,0.6573844701849707,2.8306450867652893,8,0
1535,-13.0,0.5714285714285714,291.0,0.6572994423112349,2.799710557460785,5,2
1536,-26.0,0.4,123.25,0.6572387154033997,2.794639916419983,4,1
1537,5.0,0.625,127.625,0.6571415649811764,2.806592435836792,8,0
1538,-67.0,0.3333333333333333,230.5,0.6569473107627148,2.7845567512512206,8,1
1539,-100.0,0.16666666666666666,211.42857142857142,0.6565104659819585,2.813586634397507,7,11
1540,-23.0,0.46153846153846156,107.42857142857143,0.656183038743639,2.826513630151749,7,6
1541,-54.0,0.3125,140.57142857142858,0.6559890912045024,2.8263023018836977,7,9
1542,10.0,0.4117647058823529,212.3,0.65577097439505,2.7958698642253874,10,7
1543,7.0,0.5555555555555556,291.57142857142856,0.655613494414992,2.8274704039096834,7,2
1544,-70.0,0.23076923076923078,231.71428571428572,0.6554560553744062,2.7385762763023376,7,6
1545,18.0,0.75,54.0,0.655407620827384,2.7398140168190004,4,0
1546,-43.0,0.2857142857142857,94.16666666666667,0.6553349762716453,2.7367006278038026,6,1
1547,-83.0,0.10526315789473684,127.25,0.6551655062052057,2.732548909187317,4,15
1548,-91.0,0.2222222222222222,167.14285714285714,0.6549839837830688,2.763225554227829,7,2
1549,6.0,0.6363636363636364,161.125,0.6547662287471652,2.763831036090851,8,3
1550,-76.0,0.4,163.45454545454547,0.6544518320584402,2.7772611820697786,11,4
1551,-116.0,0.25,177.77777777777777,0.6542826092377643,2.795159833431244,9,3
1552,-73.0,0.23529411764705882,181.5,0.6540651066512533,2.8066108989715577,8,9
1553,-130.0,0.16666666666666666,249.28571428571428,0.6537752249772282,2.6769794428348543,7,11
1554,3.0,0.625,173.42857142857142,0.6536786286691425,2.6878571450710296,7,1
1555,-35.0,0.4,127.5,0.6535216926282579,2.699624254703522,4,1
1556,-60.0,0.2727272727272727,278.25,0.6532682667405157,2.7068471574783324,4,7
1557,-24.0,0.3333333333333333,197.2,0.6532079429300826,2.680358201265335,5,1
1558,2.0,0.25,183.8,0.6530873134048512,2.682637223005295,5,11
1559,-77.0,0.2857142857142857,227.42857142857142,0.6529546487895449,2.6961108934879303,7,7
1560,-21.0,0.21052631578947367,113.2,0.6527858451215002,2.670917822122574,5,14
1561,-22.0,0.3333333333333333,181.66666666666666,0.6527135151599701,2.693665417432785,6,3
1562,-38.0,0.5,78.0,0.6525809327712324,2.7506850361824036,9,1
1563,-4.0,0.6,216.8,0.6525206776907595,2.753300963640213,5,0
1564,-87.0,0.3,100.875,0.6524001856048316,2.7506639277935028,8,2
1565,-71.0,0.2222222222222222,198.85714285714286,0.6521592737161795,2.7798619413375856,7,11
1566,-59.0,0.4166666666666667,196.75,0.651894381916214,2.7408104193210603,8,4
1567,-53.0,0.375,143.0,0.6517980865189446,2.735979455709457,5,3
1568,-69.0,0.14285714285714285,189.14285714285714,0.6516175741711949,2.7428964483737945,7,7
1569,-34.0,0.3333333333333333,171.9090909090909,0.6514010308246344,2.7428559005260467,11,7
1570,-36.0,0.36363636363636365,235.57142857142858,0.6512567118962006,2.7823168551921844,7,4
1571,-47.0,0.45454545454545453,230.0,0.6510282777509165,2.745274856090546,7,4
1572,-37.0,0.5,169.0,0.6506677689477222,2.6670580184459687,5,3
1573,-76.0,0.25,319.2,0.6504755860125684,2.673154275417328,5,7
1574,24.0,0.8,141.8,0.650415541456245,2.678651759624481,5,0
1575,-32.0,0.5454545454545454,249.75,0.65024744863873,2.6633519434928896,8,3
1576,-56.0,0.14285714285714285,149.2,0.6500674014125727,2.6470436835289,5,9
1577,-52.0,0.10526315789473684,198.8,0.6499354011048281,2.6280865621566774,5,14
1578,-16.0,0.5,77.6,0.6498634131760577,2.6403832840919494,5,1
1579,-64.0,0.3888888888888889,158.0,0.6495155932739377,2.6885245192050933,12,6
1580,-42.0,0.25,205.0,0.649311792620299,2.6666013741493226,5,3
1581,54.0,1.0,196.16666666666666,0.6492398795200569,2.6862626028060914,6,0
1582,-72.0,0.35714285714285715,203.5,0.6490481534364199,2.6981354439258576,8,6
1583,54.0,0.42857142857142855,104.16666666666667,0.6488924211625993,2.70109756231308,6,8
1584,-71.0,0.3333333333333333,237.88888888888889,0.6486768586945532,2.6717771327495576,9,3
1585,-52.0,0.45454545454545453,267.3333333333333,0.6485092526400612,2.669929840564728,9,2
1586,6.0,0.6666666666666666,93.75,0.6481382919131329,2.6655326306819918,4,2
1587,-38.0,0.23809523809523808,179.0,0.6479588773390906,2.6849718141555785,7,14
1588,0.0,0.4166666666666667,249.71428571428572,0.6478392975220031,2.7086897695064547,7,5
1589,-176.0,0.13333333333333333,211.5,0.6476599726328248,2.7350373601913454,6,9
1590,-95.0,0.15789473684210525,176.66666666666666,0.647432904988809,2.714630560874939,6,13
1591,-56.0,0.1111111111111111,124.16666666666667,0.6473014842065277,2.7769400346279145,6,12
1592,-155.0,0.2631578947368421,161.44444444444446,0.6469790284759391,2.8047145867347716,9,10
1593,-16.0,0.3,106.77777777777777,0.6468118977473598,2.745442041158676,9,11
1594,-58.0,0.2777777777777778,141.33333333333334,0.6466806135716442,2.7190918123722074,9,9
1595,-55.0,0.3333333333333333,293.3333333333333,0.6465732207268473,2.648539048433304,6,3
1596,-12.0,0.5,161.66666666666666,0.6465016362355154,2.6184924519062043,6,0
1597,-40.0,0.3333333333333333,188.5,0.6463823478375058,2.6163422060012818,8,4
1598,-92.0,0.2727272727272727,206.5,0.6461319198449736,2.649162406921387,8,3
1599,-4.0,0.38461538461538464,229.875,0.6460365463678802,2.635090720653534,8,5
1600,-74.0,0.36363636363636365,177.57142857142858,0.6459054327507059,2.666705906391144,7,4
1601,-15.0,0.38461538461538464,196.0,0.6457028593430014,2.7565311098098757,6,7
1602,-197.0,0.19047619047619047,151.85714285714286,0.6454408077404709,2.916388771533966,7,14
1603,-128.0,0.18181818181818182,173.33333333333334,0.6452979190939365,2.945620838403702,9,2
1604,-58.0,0.17647058823529413,171.14285714285714,0.6450836504137393,3.037339940071106,7,10
1605,0.0,0.3333333333333333,227.5,0.645000344534229,3.055293068885803,4,5
1606,-21.0,0.5,264.1666666666667,0.644928948776716,3.0371731758117675,6,0
1607,-140.0,0.125,160.85714285714286,0.6447504968612088,3.1185148978233337,7,9
1608,-43.0,0.4444444444444444,164.375,0.6446077738694062,3.1109059262275696,8,1
1609,-43.0,0.05263157894736842,232.75,0.6445602071501907,3.101335699558258,4,15
1610,-48.0,0.23529411764705882,272.1666666666667,0.6443818658405797,3.0734174942970274,6,11
1611,-52.0,0.3333333333333333,230.125,0.6442392313096063,3.0269134211540223,8,1
1612,1.0,0.6,221.85714285714286,0.644001583149883,3.0080209934711455,7,3
1613,-19.0,0.45454545454545453,189.42857142857142,0.6438115330529124,2.948954697847366,7,4
1614,-129.0,0.18181818181818182,155.75,0.6436809088848261,2.9430710792541506,8,3
1615,3.0,0.625,196.25,0.6435265719131917,2.963472136259079,8,0
1616,-90.0,0.3333333333333333,205.14285714285714,0.6433722750639539,2.942039557695389,7,5
1617,33.0,0.7777777777777778,215.33333333333334,0.6432536124755955,2.8565880143642426,9,0
1618,-73.0,0.2727272727272727,119.25,0.6430756630855959,2.924121220111847,4,7
1619,-80.0,0.25,173.16666666666666,0.6428977670724065,2.9305695843696595,6,2
1620,-2.0,0.5714285714285714,311.85714285714283,0.642791055078701,2.948507775068283,7,0
1621,-25.0,0.5454545454545454,235.0,0.6426606553910753,2.9474109268188475,7,4
1622,-14.0,0.2,192.8,0.6425302843882255,2.975906392335892,5,10
1623,-68.0,0.2857142857142857,203.25,0.6423643991336161,2.8754763126373293,4,3
1624,-2.0,0.6,208.0,0.6422933196705731,2.831653380393982,5,0
1625,2.0,0.6,232.2,0.642210404410023,2.8312705290317535,5,0
1626,-163.0,0.3,251.9090909090909,0.641973567618775,2.8030054330825807,11,9
1627,-38.0,0.23076923076923078,156.16666666666666,0.6418788594248136,2.7869000935554507,6,7
1628,-62.0,0.3333333333333333,167.0,0.6416421552250396,2.7828027176856995,7,8
1629,-37.0,0.4444444444444444,189.2,0.6414055456880119,2.8013426423072816,5,4
1630,-74.0,0.1875,100.4,0.641216326190126,2.830670702457428,5,11
1631,-50.0,0.2777777777777778,186.75,0.6409562482279499,2.9379378867149355,8,10
1632,-72.0,0.2727272727272727,168.33333333333334,0.6408498856761857,2.873607201576233,6,5
1633,-43.0,0.17647058823529413,160.6,0.6407317275152604,2.8672239792346956,5,12
1634,8.0,0.46153846153846156,140.25,0.6405072921042335,2.8297332429885866,8,5
1635,-84.0,0.25,148.57142857142858,0.6402475260484307,2.8539469742774966,7,5
1636,-94.0,0.15384615384615385,205.0,0.6399996741400347,2.8057361960411074,7,6
1637,-76.0,0.17647058823529413,155.6,0.6396457805142552,2.747792828083038,5,12
1638,7.0,0.42857142857142855,214.5,0.6395986107386301,2.787714568376541,4,3
1639,34.0,1.0,307.5,0.6395514447364363,2.807713681459427,4,0
1640,4.0,0.35294117647058826,136.25,0.639421757684693,2.8141557610034944,8,9
1641,15.0,0.4444444444444444,228.2,0.6393628184559351,2.8212911570072174,5,4
1642,-17.0,0.4,150.75,0.6392449576787146,2.8679929363727568,4,1
1643,-51.0,0.375,254.6,0.6391506860274192,2.86876025557518,5,3
1644,-47.0,0.375,193.25,0.6390328676724419,2.82307426571846,8,0
1645,-14.0,0.5714285714285714,142.8,0.6387031016096608,2.888009158372879,5,2
1646,-82.0,0.2777777777777778,276.1,0.6384558982233298,2.8896190655231475,10,8
1647,11.0,0.7,148.77777777777777,0.6383382188120186,2.8107822012901305,9,1
1648,-58.0,0.23809523809523808,233.5,0.6381735071714569,2.822801330089569,10,11
1649,-52.0,0.38461538461538464,114.875,0.6378912516347627,2.8448205745220183,8,5
1650,-142.0,0.3333333333333333,229.16666666666666,0.6376208838483691,2.854798873662949,12,6
1651,22.0,0.6666666666666666,191.2,0.6375621246979908,2.8714063131809233,5,1
1652,-121.0,0.14285714285714285,271.5,0.637397630333361,2.9190950667858124,8,6
1653,-35.0,0.10526315789473684,184.25,0.6373036542307964,2.874097156524658,4,15
1654,-18.0,0.5,218.0,0.6371392322277665,2.9545255291461943,6,2
1655,-56.0,0.16666666666666666,182.5,0.6370452974655914,2.9111289393901827,6,0
1656,-90.0,0.2222222222222222,236.75,0.6369161617056034,2.865034592151642,4,5
1657,-37.0,0.15384615384615385,155.6,0.6368222626318567,2.869832036495209,5,8
1658,34.0,0.7777777777777778,260.8888888888889,0.6367166441305333,2.821338917016983,9,0
1659,-9.0,0.5555555555555556,194.57142857142858,0.6365875806663263,2.7692596387863158,7,2
1660,60.0,1.0,189.33333333333334,0.6365171943799078,2.7508652341365813,6,0
1661,-96.0,0.3333333333333333,182.28571428571428,0.6362943601872215,2.682565931081772,7,5
1662,-76.0,0.25,266.2,0.6362005605937592,2.687007042169571,5,3
1663,-61.0,0.4166666666666667,265.14285714285717,0.6360364474137103,2.6647880613803863,7,5
1664,-93.0,0.2777777777777778,177.1818181818182,0.6358372288906577,2.6819611203670504,11,7
1665,-18.0,0.5,226.66666666666666,0.6357669326410502,2.686793053150177,6,0
1666,-21.0,0.25,209.4,0.6356029408598315,2.6865432584285736,5,11
1667,-18.0,0.5,180.75,0.6353570392676194,2.7237302374839785,4,2
1668,17.0,0.8,249.2,0.6352985064903803,2.745387021303177,5,0
1669,-33.0,0.42857142857142855,263.0,0.6352165704351294,2.6892812073230745,5,2
1670,17.0,0.7142857142857143,186.66666666666666,0.6351346458501232,2.705879671573639,6,1
1671,-33.0,0.2631578947368421,225.85714285714286,0.6349240352897926,2.7591053545475006,7,12
1672,55.0,1.0,261.0,0.6348304549307747,2.7426529860496522,5,0
1673,31.0,0.6,216.85714285714286,0.6347485843981553,2.7377873075008394,7,3
1674,-63.0,0.3333333333333333,133.14285714285714,0.6346082615773119,2.743817377090454,7,2
1675,-37.0,0.4444444444444444,96.66666666666667,0.6343978404812138,2.7441496086120605,6,3
1676,34.0,1.0,272.75,0.6343510905239985,2.754701271057129,4,0
1677,-42.0,0.15789473684210525,182.2,0.6342342319921365,2.7209891176223753,5,14
1678,15.0,0.75,243.57142857142858,0.6338604417093107,2.7834600579738615,7,1
1679,-33.0,0.5333333333333333,132.4,0.6335452421823193,2.782278914451599,10,5
1680,-17.0,0.16666666666666666,243.4,0.6333702048665748,2.8257983648777008,5,13
1681,-16.0,0.3684210526315789,168.88888888888889,0.633078592673265,2.8071608221530915,9,10
1682,-72.0,0.2857142857142857,161.0,0.6327987821086898,2.799283311367035,11,10
1683,-104.0,0.2727272727272727,164.25,0.6326705804793221,2.7914838671684263,8,3
1684,-65.0,0.2222222222222222,163.75,0.6323909657136044,2.732841229438782,8,10
1685,14.0,0.7142857142857143,124.0,0.6323094366855697,2.735755425691605,6,1
1686,-15.0,0.5,115.75,0.6322046304198132,2.734989596605301,8,2
1687,-51.0,0.375,194.14285714285714,0.6320998430174868,2.7515745306015016,7,1
1688,10.0,0.7142857142857143,187.2,0.6319950744751953,2.7573492658138274,5,2
1689,-75.0,0.18181818181818182,210.83333333333334,0.6317972297853769,2.7425315761566162,6,5
1690,51.0,0.2857142857142857,132.0,0.6316925157085652,2.7399033749103547,6,15
1691,22.0,0.7142857142857143,277.57142857142856,0.631587820478591,2.733955570459366,7,0
1692,-5.0,0.8,322.75,0.6309949033408491,2.710918515920639,4,1
1693,-21.0,0.5454545454545454,184.57142857142858,0.6307625518529083,2.7131242573261263,7,4
1694,64.0,0.7333333333333333,164.6153846153846,0.6305070725396636,2.760239714384079,13,2
1695,-13.0,0.45454545454545453,196.85714285714286,0.6303097336845066,2.77827987909317,7,4
1696,-71.0,0.2222222222222222,174.2,0.6301472697050935,2.7728344297409055,5,4
1697,-152.0,0.3,249.41666666666666,0.6299268556239332,2.710434913635254,12,8
1698,-55.0,0.25,72.0,0.6295790038765187,2.6759813165664674,4,4
1699,-27.0,0.4,86.6,0.6295210488739295,2.627973554134369,5,0
1700,26.0,1.0,293.6666666666667,0.6294862786541141,2.617341284751892,3,0
1701,-36.0,0.42857142857142855,136.8,0.629405156253803,2.650136482715607,5,2
1702,-123.0,0.18181818181818182,227.0,0.6292197762661816,2.75996089220047,6,5
1703,-62.0,0.4166666666666667,276.5,0.6290460363955854,2.8409496891498565,8,4
1704,3.0,0.2857142857142857,180.6,0.628837617340164,2.9582567274570466,5,9
1705,-169.0,0.2631578947368421,204.22222222222223,0.6285829848117986,3.116361289024353,9,10
1706,-49.0,0.4,182.55555555555554,0.6284672797857245,3.1917104840278627,9,1
1707,41.0,0.8571428571428571,110.57142857142857,0.6283863000352693,3.215124981403351,7,0
1708,-75.0,0.15,185.83333333333334,0.6282359391450228,3.256474885940552,6,14
1709,-16.0,0.46153846153846156,201.375,0.6280278116721236,3.219963347911835,8,5
1710,-42.0,0.3333333333333333,221.28571428571428,0.627842872364256,3.221658773422241,7,8
1711,-36.0,0.2727272727272727,181.0,0.627554023146396,3.194338665008545,4,7
1712,27.0,0.8,153.6,0.627484720821841,3.172928578853607,5,0
1713,-52.0,0.375,246.2,0.6272537731261307,3.0900403213500978,5,3
1714,-40.0,0.15789473684210525,160.0,0.62712679126456,3.0703955101966858,6,13
1715,-26.0,0.3125,171.66666666666666,0.6269421402370954,3.1119198870658873,6,10
1716,-43.0,0.3125,188.42857142857142,0.6267460132528914,3.0884496116638185,7,9
1717,-1.0,0.16666666666666666,272.0,0.6267114095302183,3.085698698759079,3,9
1718,-30.0,0.5,251.0,0.6265384220567777,3.082830822467804,7,1
1719,32.0,0.5454545454545454,165.42857142857142,0.626411597555132,2.9995624947547914,7,4
1720,-22.0,0.4,196.2,0.6263424323134228,2.98857045173645,5,0
1721,-81.0,0.1,146.42857142857142,0.6261695555165449,3.005217185020447,7,13
1722,-21.0,0.3333333333333333,162.5,0.6260312914155767,3.041121447086334,4,5
1723,-36.0,0.5,167.55555555555554,0.625893060494011,2.996342430114746,9,3
1724,-26.0,0.5,195.33333333333334,0.6255130964760036,2.9837472403049468,3,1
1725,-65.0,0.3684210526315789,176.66666666666666,0.6251448859342006,3.015894261598587,9,10
1726,-10.0,0.5454545454545454,276.44444444444446,0.624926372397747,2.944895054101944,9,2
1727,-47.0,0.16666666666666666,178.0,0.6247309306581103,2.934845844507217,4,14
1728,-93.0,0.15789473684210525,202.625,0.624524064761169,2.8884732913970947,8,11
1729,-18.0,0.18181818181818182,148.5,0.6243976833693843,2.880553514957428,6,16
1730,-6.0,0.46153846153846156,195.375,0.6240646293080445,2.9064886605739595,8,5
1731,-16.0,0.2222222222222222,176.5,0.6240187059746576,2.898388329744339,4,5
1732,-155.0,0.14285714285714285,228.66666666666666,0.6238006203052887,2.8725090432167053,9,12
1733,46.0,1.0,241.8,0.6237432431121658,2.8686156177520754,5,0
1734,-36.0,0.5454545454545454,217.625,0.6235596746468905,2.8388961040973664,8,3
1735,-6.0,0.5,54.0,0.6235023215471287,2.81058339715004,4,0
1736,-18.0,0.5,150.16666666666666,0.6234335053975947,2.794420224428177,6,0
1737,-65.0,0.25,108.66666666666667,0.6228947311660815,2.6054180431365968,3,1
1738,-122.0,0.3125,157.0,0.6225510974278123,2.5885655534267427,10,6
1739,6.0,0.2857142857142857,92.0,0.6223335693437433,2.587035037279129,7,14
1740,-52.0,0.1875,185.83333333333334,0.6221046816965871,2.6144991445541383,6,10
1741,25.0,0.8,124.6,0.6220360332537724,2.6290500950813294,5,0
1742,-4.0,0.6,86.8,0.6219788325105319,2.6354038751125337,5,0
1743,36.0,1.0,114.0,0.6219330760342145,2.6521533715724943,4,0
1744,4.0,0.6666666666666666,225.33333333333334,0.6218301373452882,2.6822725462913515,6,0
1745,-53.0,0.23076923076923078,244.6,0.6215671559724625,2.678764063119888,5,8
1746,-77.0,0.18181818181818182,239.5,0.6213957115436208,2.6975131154060366,4,7
1747,-1.0,0.3333333333333333,224.16666666666666,0.6212814438284645,2.6812395548820493,6,6
1748,-62.0,0.0625,136.66666666666666,0.6211443527335351,2.652789355516434,3,13
1749,-49.0,0.4444444444444444,234.6153846153846,0.620973035126641,2.6410781276226043,13,5
1750,-10.0,0.5714285714285714,148.66666666666666,0.6208931044969979,2.645644588470459,6,1
1751,-19.0,0.4666666666666667,155.54545454545453,0.6207561065923248,2.6363345313072206,11,4
1752,-49.0,0.3157894736842105,211.11111111111111,0.6204936191600303,2.6937952709197996,9,10
1753,-11.0,0.5714285714285714,152.4,0.6204137556439244,2.7082519364356994,5,2
1754,-45.0,0.4444444444444444,136.28571428571428,0.620311090408057,2.7552951443195344,7,2
1755,-174.0,0.1875,179.5,0.6201286200559398,2.785521210432053,8,8
1756,2.0,0.6666666666666666,234.0,0.620060208726295,2.7765329027175905,6,0
1757,-4.0,0.4,199.71428571428572,0.6198436270001131,2.782950701713562,7,8
1758,-106.0,0.23529411764705882,110.57142857142857,0.6195587764051962,2.7752712738513945,7,10
1759,-37.0,0.3,234.42857142857142,0.6193309984532614,2.8165657722949984,7,13
1760,-45.0,0.3333333333333333,157.44444444444446,0.6191943754090539,2.781940381526947,9,6
1761,-213.0,0.16666666666666666,188.27272727272728,0.6189895023132765,2.7635039126873018,11,7
1762,-89.0,0.4,177.72727272727272,0.6188074548016915,2.7519612634181976,11,4
1763,-3.0,0.5714285714285714,248.85714285714286,0.6187278273320722,2.7480521178245545,7,0
1764,-101.0,0.35714285714285715,159.625,0.618545863543085,2.7789782536029817,8,6
1765,11.0,0.6666666666666666,157.0,0.6184776421328263,2.774335848093033,6,0
1766,-67.0,0.2,233.0,0.6182957583902946,2.7617328000068664,7,3
1767,-25.0,0.5,235.57142857142858,0.61820483834275,2.720781879425049,7,1
1768,-34.0,0.2,137.8,0.6180344024579081,2.6992051100730894,5,15
1769,-10.0,0.5555555555555556,145.22222222222223,0.617909448634792,2.683956640958786,9,0
1770,11.0,0.6666666666666666,222.16666666666666,0.6178413035897403,2.652320739030838,6,0
1771,10.0,0.5714285714285714,195.14285714285714,0.6176369175121492,2.6132333993911745,7,0
1772,1.0,0.5,126.33333333333333,0.6174326050003035,2.588608046770096,9,3
1773,-111.0,0.35294117647058826,191.66666666666666,0.6171149316983298,2.555973036289215,6,11
1774,-78.0,0.1875,184.14285714285714,0.6169334839533739,2.59253121137619,7,9
1775,7.0,0.4,187.55555555555554,0.6168087723056884,2.61178742647171,9,6
1776,-36.0,0.23529411764705882,197.2,0.6166387551778411,2.6835363686084746,5,12
1777,4.0,0.6,183.8,0.6165820941354225,2.671996808052063,5,0
1778,-78.0,0.25,237.33333333333334,0.6163781612916481,2.698766955137253,6,6
1779,-42.0,0.2,180.75,0.616264896986198,2.7141935300827025,4,1
1780,-63.0,0.3333333333333333,233.4,0.6161063650105542,2.728242703676224,5,7
1781,-25.0,0.5454545454545454,210.3,0.6159591964883884,2.6967080748081207,10,1
1782,50.0,1.0,115.2,0.6159026033984412,2.714128614664078,5,0
1783,-103.0,0.09523809523809523,166.25,0.6156876012621428,2.7581566512584685,8,13
1784,-55.0,0.17647058823529413,126.33333333333333,0.615597098486356,2.7372082149982453,6,11
1785,-95.0,0.375,198.25,0.6152917585023888,2.734825212955475,8,8
1786,-8.0,0.5714285714285714,254.8,0.6150769884430536,2.720640392303467,5,2
1787,-78.0,0.125,202.0,0.6148171128043491,2.745140982866287,5,11
1788,-76.0,0.42857142857142855,132.55555555555554,0.6146589861515284,2.6881844115257265,9,5
1789,-34.0,0.42857142857142855,213.33333333333334,0.6145686479409938,2.6873807084560393,6,1
1790,-14.0,0.22727272727272727,130.0,0.6143654398073937,2.678329541683197,6,16
1791,-58.0,0.2631578947368421,180.1,0.6141397387746866,2.723336366415024,10,9
1792,-18.0,0.5,203.5,0.6140720460676773,2.715481766462326,6,0
1793,-28.0,0.3125,102.66666666666667,0.613947963867085,2.75045907497406,9,7
1794,-30.0,0.5,208.57142857142858,0.6138351855525188,2.736075965166092,7,3
1795,-18.0,0.5,203.66666666666666,0.6137675293897036,2.712862409353256,6,0
1796,-70.0,0.1,201.6,0.6136209688857533,2.7508889400959013,5,15
1797,-64.0,0.4166666666666667,145.57142857142858,0.6134857160842062,2.8351997423171995,7,5
1798,-21.0,0.5555555555555556,157.0,0.6133730302099525,2.8337424564361573,7,2
1799,-63.0,0.42857142857142855,173.625,0.6131702524212688,2.9132147324085236,8,6
1800,-43.0,0.14285714285714285,226.0,0.6131252006031719,2.8897256779670717,4,3
1801,-77.0,0.15789473684210525,216.0,0.6129337705799148,2.9987003707885744,5,14
1802,-61.0,0.10526315789473684,83.83333333333333,0.6127649157782276,3.05530814409256,6,13
1803,-6.0,0.5714285714285714,118.85714285714286,0.6126861342048573,3.097266502380371,7,0
1804,-22.0,0.375,225.0,0.612596111625383,3.137822997570038,5,3
1805,-95.0,0.25,301.85714285714283,0.6124161096715115,3.1825391447544096,7,9
1806,-185.0,0.2857142857142857,224.9090909090909,0.6121799445036064,3.2492121064662935,11,10
1807,-57.0,0.4,218.2,0.6120450375064127,3.2210967886447905,10,0
1808,-21.0,0.4,86.0,0.6118876869260202,3.262002193927765,5,0
1809,-29.0,0.5,118.0,0.6117528500622289,3.2146980381011963,9,1
1810,-39.0,0.4444444444444444,130.77777777777777,0.6116517436490677,3.2121506762504577,9,0
1811,39.0,0.7777777777777778,228.88888888888889,0.6115281938564404,3.2076782464981077,9,0
1812,-11.0,0.5714285714285714,166.4,0.611269950287841,3.17035786151886,5,2
1813,-8.0,0.5714285714285714,240.28571428571428,0.6111352616630534,3.1230140686035157,7,0
1814,-98.0,0.2857142857142857,226.45454545454547,0.6108098975759951,3.032336106300354,11,10
1815,-30.0,0.42857142857142855,178.57142857142858,0.610731389686015,2.992614336013794,7,0
1816,51.0,1.0,230.6,0.6106753193506099,2.9782482051849364,5,0
1817,-87.0,0.2727272727272727,113.71428571428571,0.6105631954994987,2.9891732025146482,7,4
1818,-40.0,0.23529411764705882,178.57142857142858,0.6103950517636703,2.9696254754066467,7,10
1819,-56.0,0.45454545454545453,255.55555555555554,0.6102717784128481,2.9247313714027405,9,2
1820,-59.0,0.08333333333333333,267.0,0.610170938568592,2.9087424635887147,4,8
1821,-113.0,0.3333333333333333,239.9,0.6100029124921931,2.910128450393677,10,5
1822,-3.0,0.6,162.8,0.6099469150008651,2.9460454320907594,5,0
1823,-56.0,0.2,132.0,0.6098573306614032,2.9930488443374634,5,0
1824,-81.0,0.2222222222222222,230.4,0.6096670115250649,2.9857958507537843,5,4
1825,52.0,0.8571428571428571,244.14285714285714,0.6095886636279322,2.998823721408844,7,0
1826,-73.0,0.15789473684210525,181.83333333333334,0.6094767570862337,3.0259792017936706,6,13
1827,17.0,0.75,126.75,0.609398435822858,3.02317453622818,4,0
1828,-27.0,0.23076923076923078,124.83333333333333,0.6093313120380669,3.023709490299225,6,7
1829,-74.0,0.25,123.0,0.6092306414625237,2.999090121984482,5,3
1830,-49.0,0.45454545454545453,189.11111111111111,0.6089622751676851,2.9967258870601654,9,2
1831,-42.0,0.14285714285714285,123.33333333333333,0.6088952037190324,2.9764432191848753,6,8
1832,-97.0,0.3,133.77777777777777,0.6086940376577572,2.865262268781662,9,11
1833,14.0,0.75,158.5,0.6086493439225178,2.8592246174812317,4,0
1834,-156.0,0.3,181.0,0.6083700890700874,2.831810488700867,9,11
1835,-92.0,0.2727272727272727,248.28571428571428,0.6082472611620573,2.823785562515259,7,4
1836,34.0,1.0,288.75,0.608202603167508,2.807771646976471,4,0
1837,-19.0,0.5,115.2,0.6081356228740258,2.8116327023506162,5,1
1838,-35.0,0.2857142857142857,187.6,0.6080798121023235,2.8197998356819154,5,2
1839,22.0,0.7272727272727273,220.3,0.607957048048202,2.831467547416687,10,1
1840,-70.0,0.14285714285714285,132.0,0.6078343109992019,2.8064810371398927,5,2
1841,39.0,0.45,183.8181818181818,0.6077004468289051,2.856575266122818,11,9
1842,-29.0,0.4,86.5,0.6076335267905681,2.897621821165085,4,1
1843,-96.0,0.2222222222222222,248.5,0.6074662618235307,2.8567072916030884,8,10
1844,13.0,0.6666666666666666,198.0,0.6073882220097897,2.8636771559715273,6,0
1845,-32.0,0.3,220.88888888888889,0.6072433199101563,2.8156452631950377,9,11
1846,-113.0,0.2777777777777778,276.57142857142856,0.6068979361318473,2.818541626930237,7,11
1847,2.0,0.6363636363636364,225.7,0.60677543206184,2.8165188074111938,10,1
1848,-125.0,0.18181818181818182,240.85714285714286,0.6066529549397638,2.835590274333954,7,4
1849,-71.0,0.3333333333333333,177.14285714285714,0.6063969534653448,2.850385274887085,7,2
1850,-155.0,0.14285714285714285,143.72727272727272,0.6061744391897806,2.8535291838645933,11,10
1851,-28.0,0.5333333333333333,187.23076923076923,0.605996491842334,2.8213774371147156,13,2
1852,-13.0,0.5454545454545454,212.14285714285714,0.6056852209708807,2.8387002968788146,7,4
1853,-124.0,0.05,218.16666666666666,0.6055296508898367,2.810298573970795,6,14
1854,-58.0,0.4,179.375,0.6054074478094728,2.8119068968296053,8,2
1855,-74.0,0.3,173.4,0.605229745860002,2.825390259027481,5,5
1856,-28.0,0.2857142857142857,234.4,0.6051409162072261,2.8603404748439787,5,2
1857,-94.0,0.2222222222222222,206.0,0.6049522003792244,2.864893366098404,7,11
1858,-42.0,0.15,170.8,0.6048412210374525,2.9289582169055937,5,15
1859,-115.0,0.23076923076923078,222.5,0.6046304214279208,2.9185180819034575,8,5
1860,-15.0,0.5,216.0,0.6045416876593831,2.9012852728366854,7,1
1861,-90.0,0.2727272727272727,181.5,0.6044086136238679,2.9718266999721528,4,7
1862,-93.0,0.4117647058823529,138.4,0.604131478606584,2.8960486578941347,10,7
1863,-34.0,0.36363636363636365,117.8,0.6039652640964251,2.8829666209220886,5,6
1864,-169.0,0.23529411764705882,191.66666666666666,0.6037547972872948,2.8984257316589357,6,11
1865,-57.0,0.17647058823529413,263.8,0.603632984631775,2.8689489448070526,5,12
1866,-55.0,0.2,148.8,0.6035444104403581,2.832857893705368,5,10
1867,-68.0,0.36363636363636365,256.625,0.6033673045674682,2.77417209982872,8,3
1868,-78.0,0.25,148.6,0.6032787728814613,2.7590984761714936,5,3
1869,-49.0,0.1875,103.25,0.6030685668894342,2.7704483699798583,4,12
1870,-107.0,0.18181818181818182,200.2,0.6028252702491889,2.7678489089012146,5,6
1871,-103.0,0.21428571428571427,128.8,0.6026594475427638,2.7535380446910858,5,9
1872,-6.0,0.5714285714285714,94.71428571428571,0.6025820806359177,2.7930670297145843,7,0
1873,19.0,0.7142857142857143,172.42857142857142,0.6024936745756894,2.820512624979019,7,0
1874,-113.0,0.3333333333333333,166.875,0.602305858656849,2.8615340971946717,8,7
1875,1.0,0.6,164.25,0.6022506308324206,2.8453494787216185,4,1
1876,38.0,1.0,120.25,0.6022064525491089,2.8322886753082277,4,0
1877,-117.0,0.21428571428571427,81.5,0.6020408154601499,2.8192541861534117,6,8
1878,-34.0,0.3333333333333333,148.77777777777777,0.6018862656698013,2.78027938246727,9,9
1879,-18.0,0.5,299.1666666666667,0.6018200432913432,2.7658284306526184,6,0
1880,-97.0,0.09090909090909091,243.8,0.6016876223720992,2.763224186897278,5,17
1881,-49.0,0.10526315789473684,131.66666666666666,0.6015772958806416,2.769134912490845,3,16
1882,32.0,0.75,130.125,0.601466991452276,2.751342623233795,8,0
1883,-28.0,0.5,225.83333333333334,0.6013677363270439,2.732175517082214,6,2
1884,-96.0,0.23076923076923078,171.8,0.6011251878876297,2.66717990398407,5,8
1885,-41.0,0.2,287.0,0.600739535250279,2.708001484870911,2,3
1886,-21.0,0.1875,203.0,0.6006624371123395,2.697742896080017,6,10
1887,-29.0,0.5714285714285714,220.1818181818182,0.6004642343136234,2.6802976191043855,11,3
1888,-148.0,0.21428571428571427,216.3,0.6003101259041997,2.6857337176799776,10,4
1889,-59.0,0.09090909090909091,266.25,0.6002220833276491,2.696170463562012,4,7
1890,-26.0,0.3684210526315789,185.33333333333334,0.6000020385062161,2.7181289625167846,9,10
1891,-74.0,0.1875,158.0,0.5998150695996394,2.725305117368698,6,10
1892,-42.0,0.45454545454545453,248.25,0.5996941235888764,2.6859054982662203,8,3
1893,8.0,0.5454545454545454,165.85714285714286,0.5994633005332038,2.680649036169052,7,4
1894,-94.0,0.35714285714285715,179.0,0.599232574402859,2.69505103468895,8,6
1895,-18.0,0.5,149.0,0.599166670448247,2.7128392457962036,6,0
1896,-44.0,0.26666666666666666,122.5,0.5990348862620742,2.7022956371307374,6,9
1897,-50.0,0.375,208.14285714285714,0.5989470477075443,2.696499732732773,7,1
1898,-52.0,0.35294117647058826,244.0,0.5987384874583723,2.7059209609031676,8,9
1899,29.0,0.8333333333333334,188.0,0.5986726427906364,2.6840290677547456,6,0
1900,-20.0,0.5,159.42857142857142,0.5985848621904251,2.7022987008094788,7,1
1901,-101.0,0.16666666666666666,63.6,0.5984093431190733,2.7107074737548826,5,7
1902,-42.0,0.14285714285714285,158.33333333333334,0.5981132820174808,2.817697137594223,3,4
1903,-88.0,0.1875,286.5,0.5978831227758575,2.891773476600647,4,12
1904,-64.0,0.3333333333333333,122.33333333333333,0.5976968741781695,2.898377810716629,6,6
1905,-104.0,0.2727272727272727,284.125,0.5975763941191428,2.9389645516872407,8,3
1906,48.0,1.0,116.2,0.5975216392175215,2.9993987798690798,5,0
1907,-146.0,0.125,200.5,0.5972917284136987,3.018342819213867,4,12
1908,-29.0,0.42857142857142855,133.83333333333334,0.597204168742113,2.9859881591796875,6,1
1909,-79.0,0.23809523809523808,175.14285714285714,0.596897820193217,3.0101753091812133,7,14
1910,-120.0,0.16666666666666666,191.83333333333334,0.596700972412674,2.9847187852859496,6,12
1911,-74.0,0.15,139.6,0.5965588486367381,3.0053576016426087,5,15
1912,-115.0,0.07692307692307693,266.3333333333333,0.596329342120053,2.9443449759483338,6,7
1913,-73.0,0.2222222222222222,157.88888888888889,0.5961108540837254,2.9162125825881957,9,9
1914,4.0,0.3333333333333333,152.5,0.5960234833369182,2.897063238620758,4,5
1915,-59.0,0.35714285714285715,181.28571428571428,0.5958378669091644,2.8701735973358153,7,7
1916,-43.0,0.42857142857142855,235.0,0.5956850537012773,2.8945655393600465,5,2
1917,-24.0,0.16666666666666666,248.25,0.5955104624201877,2.9374468398094176,4,8
1918,2.0,0.6666666666666666,199.6,0.5954450050922155,2.92276585817337,5,1
1919,-44.0,0.35714285714285715,252.0,0.5952377753664221,2.9047993922233584,9,5
1920,-55.0,0.2727272727272727,178.2,0.5950633271915015,2.8814790415763856,5,6
1921,35.0,0.8333333333333334,143.16666666666666,0.5949870236670659,2.9220970463752747,6,0
1922,2.0,0.6666666666666666,87.5,0.5949216291479755,2.917671558856964,6,0
1923,9.0,0.6666666666666666,202.66666666666666,0.5948562424757566,2.9267435669898987,6,0
1924,-24.0,0.5,242.0,0.5947581771782525,2.928945963382721,7,1
1925,-107.0,0.375,169.55555555555554,0.5945729908814663,2.904367905855179,9,7
1926,-58.0,0.4,160.375,0.594191923177106,2.9256528997421265,8,7
1927,-11.0,0.375,210.8,0.593952531400961,2.930454795360565,5,3
1928,-38.0,0.3333333333333333,211.77777777777777,0.5938437517730062,2.877233154773712,9,6
1929,-76.0,0.25,141.5,0.5937567437335514,2.882460832595825,8,0
1930,-86.0,0.21428571428571427,220.71428571428572,0.5935718978662601,2.9009728980064393,7,7
1931,-61.0,0.25,149.5,0.5934523252022048,2.8974156880378725,8,4
1932,-63.0,0.2857142857142857,188.66666666666666,0.5933762472022608,2.886315758228302,6,1
1933,24.0,0.8,284.4,0.5933219122943313,2.9070208191871645,5,0
1934,11.0,0.6666666666666666,146.0,0.5932567175766171,2.898424680233002,6,0
1935,27.0,0.38461538461538464,165.16666666666666,0.5931915306817999,2.854158008098602,6,7
1936,3.0,0.6,211.6,0.5931263516089407,2.8686726450920106,5,0
1937,-120.0,0.08333333333333333,174.2,0.5928657135183144,2.8579191088676454,5,7
1938,-80.0,0.3333333333333333,148.71428571428572,0.5927354413803518,2.879368977546692,7,5
1939,-43.0,0.4444444444444444,219.28571428571428,0.59263775779269,2.872063984870911,7,2
1940,-23.0,0.5454545454545454,237.77777777777777,0.5925183906168464,2.9358480656147004,9,2
1941,58.0,1.0,204.33333333333334,0.5924532923159486,2.9205761671066286,6,0
1942,-123.0,0.19047619047619047,208.28571428571428,0.5921279179626263,2.906958193778992,7,14
1943,-46.0,0.4444444444444444,252.33333333333334,0.5919327870378336,2.9098067235946656,6,3
1944,-29.0,0.058823529411764705,71.66666666666667,0.591867759005149,2.9433335733413695,3,14
1945,-88.0,0.13333333333333333,194.85714285714286,0.5917377263475309,2.917483893632889,7,8
1946,-36.0,0.2777777777777778,132.71428571428572,0.5914994141804595,2.8965127670764925,7,11
1947,55.0,1.0,229.8,0.5914452669464483,2.8441582572460176,5,0
1948,-44.0,0.4,238.57142857142858,0.5913153356747574,2.8501219046115875,7,3
1949,-14.0,0.5555555555555556,221.33333333333334,0.5911637885983493,2.826381877660751,9,0
1950,-86.0,0.38461538461538464,181.44444444444446,0.5910014638117053,2.8839321649074554,9,4
1951,-32.0,0.25,211.25,0.5909149105019447,2.8943138766288756,8,8
1952,-60.0,0.3333333333333333,177.0,0.5907418454224737,2.8404424571990967,5,4
1953,-5.0,0.2,213.6,0.5906553336483326,2.8604499280452726,5,10
1954,15.0,0.6666666666666666,185.5,0.5905796471997968,2.862558926343918,6,0
1955,-95.0,0.23076923076923078,206.28571428571428,0.5903742659587681,2.8386077868938444,7,6
1956,21.0,0.8,275.2,0.5903202312339535,2.866586762666702,5,0
1957,-42.0,0.35714285714285715,181.125,0.5901149485522643,2.87218833565712,8,6
1958,-14.0,0.5,98.0,0.5900501386471101,2.8472500693798066,6,0
1959,-3.0,0.5714285714285714,164.85714285714286,0.589974536919944,2.820129919052124,7,0
1960,-80.0,0.3333333333333333,170.8,0.5896398564687144,2.810701813697815,10,8
1961,-35.0,0.2727272727272727,241.0,0.5895643121770325,2.7961593675613403,6,5
1962,-40.0,0.26666666666666666,191.85714285714286,0.5894024671613457,2.849716103076935,7,8
1963,-133.0,0.3333333333333333,238.76923076923077,0.5891651822822962,2.7657411551475524,13,5
1964,-61.0,0.26666666666666666,221.42857142857142,0.5889495593368473,2.818382829427719,7,8
1965,-19.0,0.2857142857142857,319.3333333333333,0.5886586051395089,2.8003919637203216,3,4
1966,-86.0,0.2222222222222222,185.75,0.5884539537557815,2.8064373147487642,8,10
1967,-48.0,0.18181818181818182,122.2,0.5883570407665362,2.794743402004242,5,6
1968,-68.0,0.38461538461538464,226.33333333333334,0.588206321896748,2.8079810333251953,9,4
1969,-6.0,0.6,108.5,0.5881525039555002,2.830615074634552,4,1
1970,17.0,0.8,323.2,0.5880986913957774,2.8529577815532683,5,0
1971,-51.0,0.18181818181818182,133.75,0.5879910824187548,2.828897160291672,4,7
1972,-104.0,0.18181818181818182,147.33333333333334,0.5877866846454721,2.8182300567626952,6,5
1973,-89.0,0.14285714285714285,193.0,0.5876791380635596,2.784966158866882,5,2
1974,-57.0,0.25,131.25,0.5873673745836318,2.813601922988892,4,8
1975,-31.0,0.3076923076923077,151.0,0.5872384218886741,2.79653421163559,5,8
1976,-68.0,0.23809523809523808,263.57142857142856,0.5869591305313382,2.7316882252693175,7,14
1977,37.0,1.0,136.25,0.5868946993016256,2.746121996641159,4,0
1978,-41.0,0.4444444444444444,153.33333333333334,0.5867765954596782,2.7204323089122773,9,0
1979,-25.0,0.4444444444444444,143.83333333333334,0.5866907180747787,2.7695811915397646,6,3
1980,-168.0,0.1111111111111111,140.44444444444446,0.5864653553026822,2.8297754549980163,9,9
1981,-15.0,0.5,230.66666666666666,0.5863044398346184,2.9045497596263887,6,2
1982,2.0,0.6,304.6,0.5862293624685799,2.8958888626098633,5,0
1983,2.0,0.6,181.6,0.5861650188057806,2.8536012315750123,5,0
1984,-77.0,0.0625,153.33333333333334,0.5860256340216983,2.861647127866745,3,13
1985,-87.0,0.4,212.8,0.5858541332603966,2.8408180570602415,10,5
1986,3.0,0.45454545454545453,117.16666666666667,0.5856826873705586,2.8205966758728027,6,5
1987,-72.0,0.2,277.0,0.5854363300009073,2.811956670284271,6,14
1988,-6.0,0.5714285714285714,95.6,0.5853613741617384,2.790217837095261,5,2
1989,-60.0,0.0,600.0,0.5847086315392226,2.8392134618759157,0,4
1990,-12.0,0.4444444444444444,238.71428571428572,0.5844947908575945,2.801678317785263,7,2
1991,-89.0,0.25,296.42857142857144,0.5842917214227048,2.699637539386749,7,13
1992,-81.0,0.2727272727272727,135.6,0.5840673660176404,2.701140956878662,5,6
1993,-31.0,0.2222222222222222,205.4,0.5839712425431295,2.6879863488674163,5,13
1994,-87.0,0.21052631578947367,189.85714285714286,0.5837576967581164,2.6448817360401153,7,12
1995,-27.0,0.42105263157894735,185.9,0.5834268695531575,2.6695142436027526,10,9
1996,20.0,0.8571428571428571,286.6666666666667,0.5829256838899431,2.673176032304764,6,1
1997,-2.0,0.625,110.66666666666667,0.5828084531353431,2.688576970100403,6,2
1998,-16.0,0.5454545454545454,163.0,0.5826912481686725,2.7035208213329316,10,1
1999,-8.0,0.6,195.6,0.582637981707223,2.6890867614746092,5,0
2000,5.0,0.5454545454545454,214.875,0.5824995138335829,2.7268322217464447,8,3
2001,-31.0,0.42857142857142855,165.14285714285714,0.5824249691198979,2.7643576467037203,7,0
2002,-37.0,0.2222222222222222,240.5,0.5823291412502233,2.8196338915824892,8,10
2003,21.0,0.6666666666666666,164.375,0.582233330628013,2.8897497391700746,8,1
2004,-86.0,0.3,129.25,0.5819140864124781,2.985599468946457,4,6
2005,-45.0,0.2,242.25,0.5817332663642479,3.035472024679184,4,11
2006,-42.0,0.08333333333333333,116.5,0.5814993551912795,3.0518430066108704,2,10
2007,40.0,0.8333333333333334,208.83333333333334,0.5814143220972778,3.0393603467941284,6,0
2008,-53.0,0.2631578947368421,146.0,0.5812336719400317,3.0080205965042115,6,13
2009,-32.0,0.5,170.83333333333334,0.5811168133871171,2.976515911817551,6,4
2010,23.0,0.5714285714285714,139.0,0.5810637043612739,2.990659283399582,5,2
2011,-43.0,0.375,189.33333333333334,0.5808513213589617,2.9842256116867065,9,7
2012,12.0,0.5714285714285714,277.0,0.5807133179566281,2.978407075405121,5,2
2013,-35.0,0.3333333333333333,222.0,0.5806177981564357,3.0045843839645388,8,4
2014,-69.0,0.3076923076923077,193.42857142857142,0.5804055934809377,3.0056483364105224,7,6
2015,-99.0,0.35714285714285715,175.28571428571428,0.5802571007047218,3.0576063895225527,7,7
2016,-15.0,0.5,245.71428571428572,0.5799602398571224,2.971619371175766,7,5
2017,-75.0,0.23076923076923078,153.71428571428572,0.5797588932242599,3.001489144563675,7,6
2018,1.0,0.16666666666666666,254.66666666666666,0.5797271086442135,2.993651429414749,3,9
2019,-107.0,0.1111111111111111,232.16666666666666,0.5795152601732745,2.915311552286148,6,12
2020,-87.0,0.3333333333333333,130.57142857142858,0.5792611538387905,2.923720426559448,7,5
2021,1.0,0.6,66.8,0.5792082303696242,2.881920484304428,5,0
2022,-83.0,0.14285714285714285,203.6,0.5790071694460787,2.9220077526569366,5,2
2023,-43.0,0.2,175.14285714285714,0.5789225350698979,2.8946340358257294,7,8
2024,0.0,0.5,191.16666666666666,0.5788273375816163,2.839346486330032,6,2
2025,-45.0,0.4444444444444444,181.75,0.5787004342496057,2.8568375051021575,8,1
2026,32.0,0.8333333333333334,127.83333333333333,0.5786369940039866,2.8542324602603912,6,0
2027,-41.0,0.4444444444444444,264.6,0.5785418479084713,2.8794742023944853,5,4
2028,6.0,0.7142857142857143,172.0,0.5781931253799448,2.8423874986171724,6,1
2029,56.0,1.0,177.0,0.5781297460077376,2.819208459854126,6,0
2030,-28.0,0.5,168.0,0.5780452520080765,2.812760946750641,6,2
2031,-69.0,0.3333333333333333,223.0,0.577950212416535,2.7943084335327146,7,2
2032,-76.0,0.16666666666666666,145.75,0.5777074111673921,2.814244600534439,4,8
2033,30.0,0.7777777777777778,188.22222222222223,0.5776124323817292,2.846204079389572,9,0
2034,-85.0,0.25,200.0,0.5774647215811393,2.8907706916332243,9,7
2035,36.0,0.8333333333333334,106.5,0.5774014296121437,2.893813872337341,6,0
2036,-1.0,0.375,165.125,0.577306505898204,2.8694782197475432,8,8
2037,-39.0,0.29411764705882354,255.28571428571428,0.5771694240280859,2.8730220198631287,7,10
2038,1.0,0.6,130.4,0.5771167097214424,2.923987318277359,5,0
2039,-11.0,0.16666666666666666,212.0,0.5770218372524708,2.909078370332718,4,14
2040,-183.0,0.19047619047619047,127.0,0.5767689274737924,2.8759450685977934,10,11
2041,-35.0,0.5,195.22222222222223,0.5765793247904325,2.8357763755321503,9,5
2042,-24.0,0.2857142857142857,199.875,0.5764634900812639,2.8156175887584687,8,6
2043,-64.0,0.3,147.75,0.5762634719608827,2.85059419631958,8,12
2044,4.0,0.6666666666666666,216.16666666666666,0.5761898002319495,2.873072347640991,6,0
2045,-2.0,0.42857142857142855,148.75,0.576063529832948,2.805347180366516,4,3
2046,-142.0,0.29411764705882354,146.5,0.5758846986358308,2.856520475149155,8,9
2047,-18.0,0.5555555555555556,163.71428571428572,0.5757900479088974,2.8400796782970428,7,2
2048,-26.0,0.3,151.11111111111111,0.5755902856479255,2.8542035698890684,9,11
2049,14.0,0.7142857142857143,114.0,0.5755167081584792,2.790597925186157,7,0
2050,-20.0,0.5,258.375,0.575432632211429,2.7873732948303225,8,0
2051,-169.0,0.14285714285714285,93.0,0.5752750260638697,2.7858826518058777,4,10
2052,-53.0,0.3076923076923077,191.16666666666666,0.5751069649467421,2.743135755062103,6,7
2053,-25.0,0.5,193.625,0.5750229545533614,2.7299876523017885,8,0
2054,0.0,0.42105263157894735,149.44444444444446,0.5748234837324873,2.687241089344025,9,10
2055,-84.0,0.21052631578947367,100.75,0.5746450740793779,2.6823359262943267,8,11
2056,-16.0,0.2222222222222222,85.85714285714286,0.5745506464647839,2.705315259695053,7,11
2057,-47.0,0.375,225.25,0.5744247694154825,2.710610340833664,8,0
2058,1.0,0.75,118.66666666666667,0.5740787632622589,2.7480798947811125,3,1
2059,-38.0,0.375,175.44444444444446,0.5738901288637135,2.7477168715000153,9,7
2060,-105.0,0.23076923076923078,276.8333333333333,0.5736387219443466,2.757616627216339,6,7
2061,-52.0,0.35714285714285715,130.875,0.5734293083410816,2.747425515651703,8,6
2062,-22.0,0.21052631578947367,231.83333333333334,0.5732932344112904,2.6998758816719057,6,13
2063,-57.0,0.3,184.28571428571428,0.5731153449545119,2.621018100976944,7,3
2064,-35.0,0.5333333333333333,176.08333333333334,0.5729584338888621,2.67798014998436,12,3
2065,-119.0,0.2857142857142857,158.75,0.5728120260254307,2.7226554238796234,8,6
2066,-83.0,0.3125,113.0,0.5724879830330029,2.742282668352127,5,11
2067,33.0,0.3333333333333333,109.42857142857143,0.5723730483200176,2.7329401218891145,7,11
2068,-29.0,0.5,193.66666666666666,0.572268584157118,2.7762521064281462,9,1
2069,-76.0,0.25,320.0,0.5721850278683343,2.7783489561080934,4,4
2070,-64.0,0.4166666666666667,235.85714285714286,0.5719344392010489,2.7754823958873747,7,5
2071,24.0,0.7272727272727273,160.3,0.5718196262543119,2.7510023415088654,10,1
2072,-33.0,0.25,105.75,0.5717674469006977,2.758807270526886,4,0
2073,-144.0,0.13333333333333333,181.71428571428572,0.5716109401438147,2.772265613079071,7,8
2074,-122.0,0.07142857142857142,210.14285714285714,0.5715170586241791,2.7325437903404235,7,7
2075,-28.0,0.2777777777777778,231.77777777777777,0.5714023374910692,2.7653538739681243,9,9
2076,17.0,0.8,317.2,0.5713501998642447,2.8007035171985626,5,0
2077,-46.0,0.09523809523809523,43.0,0.5712459402505808,2.7658086371421815,5,16
2078,-24.0,0.35294117647058826,209.77777777777777,0.5710374835685965,2.806250824928284,9,8
2079,-81.0,0.3076923076923077,210.16666666666666,0.5708499438336895,2.799606914520264,6,7
2080,-28.0,0.42105263157894735,118.1,0.5706208202692834,2.7966681110858915,10,9
2081,-19.0,0.18181818181818182,119.66666666666667,0.5705375276016313,2.759771625995636,3,8
2082,-34.0,0.5,275.5,0.5704334305061676,2.8115601456165313,10,0
2083,-32.0,0.5,143.57142857142858,0.5701732788342524,2.742960431575775,7,5
2084,-26.0,0.4444444444444444,196.2,0.5698404744445628,2.718476082086563,10,8
2085,-18.0,0.3157894736842105,188.0,0.5696533655553836,2.7105722641944885,9,10
2086,-126.0,0.0625,244.0,0.5693936038184519,2.690045529603958,3,13
2087,16.0,0.6666666666666666,153.0,0.569331280325478,2.6726986360549927,5,1
2088,-84.0,0.11764705882352941,224.83333333333334,0.5691962717444694,2.653969464302063,6,11
2089,-78.0,0.25,119.5,0.5691132069863482,2.6470440220832825,8,0
2090,-87.0,0.15,219.71428571428572,0.568947117335874,2.66782590508461,7,13
2091,30.0,0.8333333333333334,358.8333333333333,0.5688848474180634,2.6795436680316924,6,0
2092,-4.0,0.375,149.16666666666666,0.5687084565580868,2.732329725027084,6,10
2093,-42.0,0.23809523809523808,313.3333333333333,0.5683973248330033,2.706627024412155,6,15
2094,27.0,0.8333333333333334,245.0,0.5683351208863349,2.729986501932144,6,0
2095,-137.0,0.16666666666666666,254.33333333333334,0.5681900073693271,2.790065984725952,6,6
2096,-11.0,0.21052631578947367,155.33333333333334,0.5679724132641927,2.7674815285205843,6,13
2097,-78.0,0.36363636363636365,159.77777777777777,0.5677756211400239,2.6965483927726748,9,2
2098,-20.0,0.16666666666666666,154.0,0.5677031376270286,2.708937666416168,4,8
2099,30.0,0.8,172.8,0.5676410169778269,2.7068398785591126,5,0
2100,-67.0,0.10526315789473684,203.4,0.5675374991265615,2.688860116004944,5,14
2101,-52.0,0.25,167.125,0.567351219159282,2.7944922757148745,8,8
2102,-74.0,0.36363636363636365,158.75,0.5672374144100484,2.862335162162781,8,3
2103,-68.0,0.23529411764705882,282.2,0.5670409015323838,2.957921724319458,5,12
2104,-20.0,0.5,82.5,0.5669685208729338,3.0580205714702604,4,2
2105,-24.0,0.3684210526315789,175.66666666666666,0.5668134535779291,3.1520140981674194,9,10
2106,-75.0,0.2,179.0,0.5666790995467798,3.1959253585338594,7,13
2107,-33.0,0.42857142857142855,224.2,0.566606769536062,3.241166113615036,5,2
2108,13.0,0.7,249.88888888888889,0.5664724692357783,3.3863688743114473,9,1
2109,-1.0,0.6,234.6,0.566369185070692,3.3408832800388337,5,0
2110,8.0,0.7142857142857143,191.6,0.566080099278629,3.270372896194458,5,2
2111,-51.0,0.25,237.6,0.565884026097167,3.2580358171463013,5,7
2112,-28.0,0.23529411764705882,133.0,0.5656674003008078,3.2515512895584107,5,12
2113,-48.0,0.3,162.0,0.5654405565539595,3.1665955710411073,7,3
2114,-16.0,0.5,199.71428571428572,0.5652756419636039,3.160724196434021,7,3
2115,-3.0,0.5714285714285714,98.25,0.5650798744178472,3.1489243471622466,4,3
2116,-6.0,0.6,347.8,0.565028369005719,3.17252202630043,5,0
2117,-3.0,0.6,132.8,0.5649562700811006,3.1644967448711396,5,0
2118,-31.0,0.42857142857142855,198.4,0.5648841812496253,3.1600811922550203,5,2
2119,-72.0,0.35714285714285715,156.7,0.5646885624306799,3.159760422706604,10,4
2120,-66.0,0.2857142857142857,230.83333333333334,0.5645547607994137,3.1599309921264647,6,1
2121,-31.0,0.4666666666666667,223.72727272727272,0.5644107056350541,3.1870170879364013,11,4
2122,-123.0,0.1111111111111111,151.5,0.5641844147122286,3.171515905857086,6,12
2123,-148.0,0.35,151.63636363636363,0.5639685026027663,3.09905944108963,11,9
2124,-37.0,0.3333333333333333,95.4,0.5638965520490582,3.0648450160026552,5,1
2125,-3.0,0.5714285714285714,114.2,0.5638246115677226,3.0972266578674317,5,2
2126,10.0,0.75,125.66666666666667,0.5635472211796213,3.0143796622753145,3,1
2127,-37.0,0.5,193.6,0.5632289205858703,2.9451597940921785,5,5
2128,-38.0,0.4666666666666667,213.0,0.5629621109236899,2.941393665075302,8,7
2129,-27.0,0.4,140.28571428571428,0.5628185016388694,2.9307181441783907,7,3
2130,31.0,0.8,262.6,0.5627672223527125,2.9143286550045016,5,0
2131,-63.0,0.4166666666666667,247.33333333333334,0.5626031630924413,2.9327993845939635,9,3
2132,-46.0,0.23809523809523808,125.71428571428571,0.5624186591664273,2.9545491313934327,7,14
2133,-95.0,0.3333333333333333,290.85714285714283,0.5622649566252113,2.9673172855377197,7,5
2134,-19.0,0.5555555555555556,217.16666666666666,0.5621317850495439,2.9838509702682496,6,3
2135,-195.0,0.21052631578947367,159.6,0.5619372119424567,2.959880704879761,5,14
2136,31.0,0.8333333333333334,138.66666666666666,0.5618757831628242,2.9324385118484497,6,0
2137,-92.0,0.3333333333333333,203.0,0.5617324780071965,2.939339382648468,6,6
2138,-33.0,0.42857142857142855,159.0,0.5616506073605418,2.9258765840530394,5,2
2139,11.0,0.6666666666666666,38.4,0.5615892129713955,2.9181143856048584,5,1
2140,-4.0,0.6,193.6,0.5615278259491339,2.887596616744995,5,0
2141,-52.0,0.4166666666666667,187.75,0.5613539360512692,2.8296884429454803,8,4
2142,8.0,0.25,207.14285714285714,0.5612823515112566,2.8274928629398346,7,13
2143,21.0,0.7142857142857143,132.14285714285714,0.5612005528790798,2.820912781953812,7,0
2144,-10.0,0.6,172.25,0.5610983229918336,2.8130778074264526,8,2
2145,-10.0,0.8,252.5,0.5605976919845623,2.834910489320755,4,1
2146,24.0,0.7142857142857143,228.0,0.5605057926711914,2.8536014461517336,7,0
2147,15.0,0.75,90.0,0.5604547446443682,2.85398828625679,4,0
2148,-81.0,0.3333333333333333,239.71428571428572,0.560199581068256,2.851692863702774,7,8
2149,-169.0,0.14285714285714285,304.1666666666667,0.5600363433217465,2.809420280456543,6,8
2150,-81.0,0.1875,173.85714285714286,0.559873157802959,2.8280138862133026,7,9
2151,-29.0,0.3333333333333333,216.66666666666666,0.559760998046268,2.8274618017673494,6,6
2152,-122.0,0.2857142857142857,223.11111111111111,0.5596182849475813,2.8259709441661833,9,5
2153,25.0,0.3,157.28571428571428,0.5594552331860713,2.8608599066734315,7,13
2154,-40.0,0.2222222222222222,128.4,0.5592413069157945,2.894262090921402,5,13
2155,-99.0,0.15789473684210525,134.0,0.5590071097840833,2.8634690046310425,6,13
2156,-13.0,0.5714285714285714,159.5,0.55890531854159,2.8610498309135437,6,1
2157,-10.0,0.5714285714285714,304.2857142857143,0.5588340767840335,2.8326116466522215,7,0
2158,-85.0,0.35714285714285715,219.66666666666666,0.5586509294848832,2.9050340831279753,9,5
2159,-12.0,0.5714285714285714,166.2,0.5585390385888463,2.856155186891556,5,2
2160,-150.0,0.25,69.83333333333333,0.5583763321309195,2.8083761179447175,6,10
2161,-15.0,0.2857142857142857,165.0,0.5583051644262769,2.7534564507007597,5,9
2162,-11.0,0.5714285714285714,129.5,0.5580815593506533,2.764420984983444,4,3
2163,-20.0,0.5,158.6,0.5579291577442322,2.756851865053177,5,3
2164,-44.0,0.375,192.16666666666666,0.5578275820705892,2.781826025247574,6,2
2165,-87.0,0.25,173.8,0.55763464424991,2.7463464176654817,10,6
2166,-94.0,0.23529411764705882,224.66666666666666,0.5574722271518717,2.7640514838695527,6,11
2167,-15.0,0.5,133.88888888888889,0.5572692788533767,2.7923352563381196,9,7
2168,-60.0,0.3333333333333333,208.33333333333334,0.5570968366154082,2.79712842464447,6,3
2169,-53.0,0.2222222222222222,201.5,0.5568737630870726,2.804042590856552,6,3
2170,-142.0,0.14285714285714285,150.9,0.5567419930395183,2.8253987681865693,10,4
2171,1.0,0.6666666666666666,140.0,0.5567115894320535,2.8190021324157715,3,0
2172,-7.0,0.4166666666666667,176.0,0.5564582969657308,2.8596638584136964,6,6
2173,-24.0,0.5454545454545454,116.0,0.5563468883957904,2.8968614411354063,10,1
2174,-19.0,0.5,199.16666666666666,0.5562760047933829,2.8717997777462005,6,0
2175,-17.0,0.3333333333333333,276.57142857142856,0.556093778234406,2.9039175271987916,7,8
2176,-51.0,0.45454545454545453,246.85714285714286,0.5559723303019646,2.8836406779289248,7,4
2177,-46.0,0.21052631578947367,176.16666666666666,0.5558104450592882,2.8630693435668944,6,13
2178,-84.0,0.14285714285714285,230.2,0.5556789514384842,2.8651660776138304,5,9
2179,-29.0,0.5,237.0,0.5555778257611014,2.830217808485031,7,1
2180,-28.0,0.375,114.28571428571429,0.5554767203068316,2.795478283166885,7,1
2181,10.0,0.5,206.33333333333334,0.5553453134431844,2.776019467115402,6,4
2182,-7.0,0.6,176.2,0.5552038365631079,2.7931367552280424,5,0
2183,-75.0,0.26666666666666666,182.125,0.5550421971990851,2.789421638250351,8,7
2184,-75.0,0.36363636363636365,107.5,0.5549311001368263,2.797576879262924,6,5
2185,-139.0,0.10526315789473684,108.5,0.5547392627701824,2.749186701774597,4,15
2186,-1.0,0.47058823529411764,200.8,0.5546080476205708,2.777336790561676,10,7
2187,-19.0,0.5,80.25,0.554547498287889,2.7681111025810243,4,2
2188,-7.0,0.38095238095238093,133.0,0.5543457196469923,2.7564664459228516,11,10
2189,4.0,0.7142857142857143,167.83333333333334,0.5540129612943608,2.7344466781616212,6,1
2190,-16.0,0.5,236.71428571428572,0.553740867767126,2.8269825887680056,7,5
2191,-48.0,0.38461538461538464,132.28571428571428,0.5535092002555659,2.8199056816101074,7,6
2192,-46.0,0.4,133.7,0.5533481030884057,2.788244664669037,10,5
2193,10.0,0.75,139.0,0.5530763684876833,2.7660827350616457,3,1
2194,-53.0,0.25,210.0,0.5527444476304131,2.761249965429306,3,1
2195,-97.0,0.25,236.6,0.5524931382391811,2.7434380328655243,5,7
2196,-13.0,0.23809523809523808,220.85714285714286,0.5523625070060352,2.774816827774048,7,14
2197,-12.0,0.4166666666666667,172.0,0.5522118208579857,2.8058384692668916,8,4
2198,-78.0,0.17647058823529413,211.83333333333334,0.5520511387858139,2.7752891182899475,6,11
2199,36.0,1.0,308.75,0.5520109763012319,2.7105433988571166,4,0
2200,-33.0,0.5,185.66666666666666,0.5516496584883166,2.8417187333106995,3,1
2201,-84.0,0.38461538461538464,218.66666666666666,0.5514490387515435,2.9716586315631868,9,4
2202,-34.0,0.17647058823529413,153.6,0.5512886007305954,2.985428365468979,5,12
2203,-153.0,0.25,207.14285714285714,0.5511181915775447,3.058795071840286,7,9
2204,-4.0,0.21052631578947367,114.5,0.5510279984206884,3.1197368252277373,6,13
2205,13.0,0.3157894736842105,120.85714285714286,0.5509077661295194,3.1225948345661165,7,12
2206,1.0,0.5555555555555556,208.66666666666666,0.5507575163382761,3.1486104488372804,6,3
2207,22.0,0.4666666666666667,120.44444444444444,0.5506673880971202,3.1953717637062073,9,6
2208,-41.0,0.25,100.2,0.5505372314973062,3.1709854185581205,5,7
2209,-84.0,0.2222222222222222,155.71428571428572,0.5503670777663705,3.191626582145691,7,11
2210,-25.0,0.5,233.75,0.5502670143574917,3.124670567512512,4,2
2211,1.0,0.6,229.0,0.5502169901573076,3.159683406352997,4,1
2212,-69.0,0.36363636363636365,116.28571428571429,0.5500169433732689,3.122111873626709,7,4
2213,-25.0,0.23529411764705882,121.83333333333333,0.5498569635495263,3.085197868347168,6,11
2214,-27.0,0.4666666666666667,254.8,0.5496070975394596,3.0915305066108703,10,5
2215,-35.0,0.42857142857142855,255.66666666666666,0.5495371574417252,3.0483370923995974,6,1
2216,-75.0,0.2777777777777778,163.77777777777777,0.5493473693839122,2.922385594844818,9,9
2217,-88.0,0.2,231.83333333333334,0.5492375250459679,2.969442903995514,6,9
2218,-5.0,0.5,170.125,0.5490777945961881,2.9567822897434235,8,6
2219,-38.0,0.3076923076923077,120.0,0.5488981589264941,2.9882604920864106,7,6
2220,-42.0,0.125,136.6,0.5487584869969773,2.99129879117012,5,11
2221,52.0,1.0,195.8,0.5486886656964027,2.9896169340610506,5,0
2222,-21.0,0.38461538461538464,158.875,0.5484992000041996,2.9513401901721954,8,5
2223,-47.0,0.2,141.0,0.5483895422429946,2.988618232011795,4,6
2224,-50.0,0.375,157.75,0.5483098062952817,3.004864851236343,8,0
2225,-31.0,0.42857142857142855,198.4,0.5482400478056088,2.9963327634334562,5,2
2226,-11.0,0.5714285714285714,155.33333333333334,0.5481702990814404,2.984130380153656,6,1
2227,-103.0,0.26666666666666666,141.0,0.5478914018124788,3.003493913412094,5,10
2228,-1.0,0.625,200.57142857142858,0.5477619668752784,3.012210222482681,7,1
2229,-125.0,0.2222222222222222,156.42857142857142,0.5475828048183085,2.9970609056949615,7,11
2230,-47.0,0.35714285714285715,181.0,0.547324129021339,3.112427355051041,8,6
2231,-39.0,0.45454545454545453,257.14285714285717,0.5471451245576281,3.0450340056419374,7,4
2232,-69.0,0.14285714285714285,328.25,0.5467674378021107,2.9271898925304414,4,3
2233,22.0,0.8,253.4,0.5467177635420849,2.936412615776062,5,0
2234,-36.0,0.42857142857142855,204.83333333333334,0.5465687705630866,2.908398823738098,6,1
2235,-91.0,0.3,197.77777777777777,0.5464694667396873,2.903899552822113,9,1
2236,17.0,0.8,311.2,0.546419822275278,2.872409470081329,5,0
2237,46.0,1.0,244.8,0.5463701827750667,2.8563184905052186,5,0
2238,-83.0,0.3333333333333333,210.28571428571428,0.5462411433034036,2.88352623462677,7,5
2239,-91.0,0.15789473684210525,153.8,0.546072449994168,2.85739709854126,5,14
2240,-26.0,0.4,96.6,0.5460228452294482,2.8584080505371094,5,0
2241,-58.0,0.2727272727272727,217.33333333333334,0.5459236505801979,2.8752859950065615,6,5
2242,-39.0,0.5,106.33333333333333,0.5457550652001393,2.908342751264572,9,3
2243,-19.0,0.5454545454545454,266.6666666666667,0.545646011082188,2.918892308473587,9,2
2244,14.0,0.6666666666666666,150.16666666666666,0.5455369809535038,2.8715463078022,6,0
2245,-58.0,0.25,151.85714285714286,0.5453288991217469,2.8183896493911744,7,9
2246,-155.0,0.21052631578947367,212.6,0.5451110023469391,2.868733925819397,5,14
2247,-26.0,0.5,244.14285714285714,0.544992189964432,2.8889481019973755,7,1
2248,-25.0,0.2727272727272727,179.83333333333334,0.544893201425623,2.8944528889656067,6,5
2249,13.0,0.75,275.75,0.5447744413090648,2.8937393188476563,4,0
2250,53.0,1.0,253.8,0.5447249663387237,2.888376200199127,5,0
2251,27.0,0.4117647058823529,138.44444444444446,0.5446359238588464,2.8468804371356966,9,8
2252,-47.0,0.375,147.25,0.544546897405173,2.879244786500931,8,0
2253,-51.0,0.3,225.2,0.544457886974819,2.864361698627472,5,5
2254,17.0,0.7142857142857143,103.42857142857143,0.5443886677161037,2.8615286540985108,7,0
2255,-28.0,0.5,153.5,0.5443095718571067,2.866613278388977,8,0
2256,2.0,0.4444444444444444,144.2,0.5441909517948378,2.836488696336746,5,4
2257,-45.0,0.25,163.8,0.5439636762343988,2.794581900835037,5,3
2258,-6.0,0.625,295.5,0.5437463800255272,2.8097014808654786,6,2
2259,-5.0,0.6,62.0,0.543618022653902,2.8566429936885833,5,0
2260,-67.0,0.25,101.6,0.5434798289555796,2.872590092420578,5,7
2261,-25.0,0.4,239.8,0.5434206149290175,2.8643784272670745,5,0
2262,-39.0,0.14285714285714285,219.85714285714286,0.5433219406737861,2.8662681221961974,7,14
2263,1.0,0.5454545454545454,215.57142857142858,0.5430654799502029,2.924374669790268,7,4
2264,-76.0,0.23076923076923078,203.83333333333334,0.5427894405796683,2.907227588891983,6,7
2265,-3.0,0.6,229.25,0.5427204548870983,2.913076535463333,4,1
2266,-6.0,0.42857142857142855,118.6,0.5426711853051297,2.9018081414699552,5,2
2267,5.0,0.6666666666666666,152.0,0.5425825124725692,2.865451412200928,7,2
2268,-42.0,0.4444444444444444,180.85714285714286,0.5423559766240715,2.778429801464081,7,2
2269,-81.0,0.25,182.42857142857142,0.5421984479174891,2.831425793170929,7,1
2270,-48.0,0.375,126.5,0.5421197024656265,2.806627588272095,8,0
2271,27.0,0.5833333333333334,241.0,0.541981928238228,2.775472325086594,9,3
2272,-46.0,0.21052631578947367,135.71428571428572,0.541863866743397,2.7756245493888856,7,12
2273,-23.0,0.5,212.875,0.5417556685949462,2.762097145318985,8,0
2274,-54.0,0.46153846153846156,222.75,0.5416278287410127,2.774100277423859,8,5
2275,-14.0,0.5,80.66666666666667,0.5414017319460414,2.9102383732795714,6,4
2276,-39.0,0.3125,170.66666666666666,0.5412739841036746,2.8778896594047545,6,10
2277,11.0,0.4,225.375,0.5411560924950487,2.831984342336655,8,7
2278,-130.0,0.2,125.22222222222223,0.5409498502501039,2.8490416288375853,9,6
2279,-23.0,0.3333333333333333,172.1,0.540773140113747,2.7915749514102934,10,11
2280,12.0,0.4444444444444444,205.6,0.5406161178338152,2.7796735846996308,5,4
2281,-62.0,0.2857142857142857,110.0,0.5404297191270356,2.7301202714443207,5,2
2282,-21.0,0.2857142857142857,237.33333333333334,0.5403120301176911,2.695628825426102,6,8
2283,-57.0,0.21428571428571427,225.57142857142858,0.540155155369352,2.7585961282253266,7,7
2284,-59.0,0.08333333333333333,130.66666666666666,0.5400669353814226,2.741040835380554,3,9
2285,-18.0,0.4,114.4,0.5399591325143889,2.700780439376831,5,5
2286,-8.0,0.19047619047619047,209.14285714285714,0.539880745324329,2.7430039167404177,7,14
2287,-80.0,0.17647058823529413,207.0,0.5395281581343156,2.8230423617362974,5,12
2288,-18.0,0.5,208.66666666666666,0.5394694182798012,2.8868116903305054,6,0
2289,-80.0,0.4,197.0,0.539312813124113,2.924316554069519,9,6
2290,-56.0,0.14285714285714285,228.0,0.5391660412970506,2.93457071185112,4,10
2291,11.0,0.375,119.5,0.5390877809914345,2.9237373197078704,4,4
2292,35.0,0.8333333333333334,82.66666666666667,0.5390290939790067,2.9209932255744935,6,0
2293,-111.0,0.15789473684210525,176.66666666666666,0.5388237448858637,2.929615182876587,6,13
2294,-62.0,0.2857142857142857,106.2,0.5386380271514115,2.8314510917663576,5,2
2295,23.0,0.8,182.8,0.5385891657918049,2.8520506024360657,5,0
2296,-23.0,0.21428571428571427,163.8,0.5385305386096113,2.8946315157413482,5,9
2297,6.0,0.3157894736842105,102.875,0.5383449322723771,2.7785469019412994,8,11
2298,-38.0,0.5,224.0,0.5379739311221448,2.7818133640289306,5,3
2299,21.0,0.75,265.75,0.5379153777636818,2.7358575534820555,4,0
2300,15.0,0.75,191.75,0.537866588665401,2.7415211486816404,4,0
2301,-5.0,0.6153846153846154,171.22222222222223,0.5377202506406027,2.853179191350937,9,4
2302,-106.0,0.375,155.375,0.5375642051290112,2.8763377249240873,8,8
2303,-42.0,0.3,107.5,0.5374179578056677,2.932581355571747,6,14
2304,41.0,0.8333333333333334,189.66666666666666,0.5373594711599999,2.9246433186531067,6,0
2305,-38.0,0.5,216.5,0.5372327741688211,3.00172416806221,8,4
2306,-6.0,0.6,300.8,0.5371840533274869,3.029173582792282,5,0
2307,-1.0,0.375,159.0,0.5370671431844665,3.1186709201335905,7,9
2308,-58.0,0.13333333333333333,127.16666666666667,0.5369405221886813,3.1747728395462036,6,9
2309,-20.0,0.3125,283.5,0.5367165810588832,3.0984165477752685,8,8
2310,-9.0,0.3888888888888889,172.8,0.5365219333585951,3.1288757157325744,10,8
2311,-57.0,0.2857142857142857,114.25,0.5363662712471864,3.13163214802742,4,3
2312,-84.0,0.25,204.66666666666666,0.5362495573483151,3.0693805265426635,6,2
2313,-121.0,0.2,174.57142857142858,0.5360842606008561,3.042045934200287,7,8
2314,11.0,0.75,159.25,0.5360453754154363,3.052730700969696,4,0
2315,38.0,0.7,118.625,0.5358898657781722,3.0050154340267183,8,2
2316,-104.0,0.2222222222222222,154.66666666666666,0.535646981571395,2.997234399318695,6,12
2317,-6.0,0.6,305.8,0.5355984193013917,3.042446186542511,5,0
2318,-58.0,0.2857142857142857,110.0,0.5354139269578226,3.027837705612183,4,3
2319,-103.0,0.3333333333333333,202.77777777777777,0.5351809841836211,3.008981765508652,9,6
2320,-46.0,0.125,182.8,0.5350160506892816,3.0505236160755156,5,11
2321,-39.0,0.23076923076923078,178.6,0.5349093588946577,2.9996679890155793,5,8
2322,65.0,1.0,53.6,0.5348608703832343,3.039791581630707,5,0
2323,-17.0,0.45454545454545453,207.71428571428572,0.5346572715764156,3.0523741018772124,7,4
2324,-77.0,0.36363636363636365,211.75,0.5345506587045147,3.007075182199478,8,3
2325,10.0,0.6666666666666666,155.5,0.5344828263606709,2.99543749332428,6,0
2326,-108.0,0.3333333333333333,169.27272727272728,0.5343375033123099,3.0073923575878143,11,4
2327,-20.0,0.5,255.83333333333334,0.534279386299003,3.0159458124637606,6,0
2328,-49.0,0.2857142857142857,132.14285714285714,0.5341438070528195,2.9635415720939635,7,7
2329,10.0,0.6666666666666666,186.2,0.5340663502404013,2.923432686328888,5,1
2330,-58.0,0.2857142857142857,124.2,0.5339985856949965,2.9364156448841094,5,2
2331,-73.0,0.05263157894736842,256.2,0.533901795657184,2.9268099129199983,5,14
2332,-61.0,0.5,238.46153846153845,0.533611541664695,2.9496062433719636,13,5
2333,8.0,0.375,95.0,0.5335631829285057,2.945637048482895,4,4
2334,-9.0,0.21428571428571427,69.0,0.533476149388832,2.917420881986618,4,10
2335,-114.0,0.35294117647058826,180.11111111111111,0.5333021293005474,2.885747882127762,9,8
2336,-75.0,0.3,134.66666666666666,0.5330508775244344,2.9330397915840147,9,11
2337,-66.0,0.3333333333333333,222.6,0.5329639361914348,2.9861907708644866,5,4
2338,-20.0,0.5555555555555556,155.375,0.5328770105064666,2.9767166328430177,8,1
2339,-6.0,0.3333333333333333,233.875,0.5327321691306074,3.0252133810520174,8,10
2340,-83.0,0.26666666666666666,213.375,0.5324812136567375,2.955309637784958,8,7
2341,8.0,0.625,189.33333333333334,0.5323750794649221,2.9645250177383424,6,2
2342,-21.0,0.5,187.5,0.5321725244710732,2.970971380472183,4,2
2343,-47.0,0.1,181.66666666666666,0.5320857412273946,2.9771482372283935,6,14
2344,-34.0,0.23529411764705882,147.28571428571428,0.531979694029944,2.962755209207535,7,10
2345,-65.0,0.47058823529411764,174.0,0.5318158487892433,2.9718232953548434,11,6
2346,-45.0,0.3076923076923077,131.42857142857142,0.5316905929525224,2.9691712391376495,7,6
2347,-85.0,0.2,210.125,0.5315942644671016,2.992789319753647,8,2
2348,-44.0,0.46153846153846156,168.0909090909091,0.5314209217354572,3.0287918257713318,11,2
2349,-99.0,0.3157894736842105,148.9,0.5312091431246047,3.076495786905289,10,9
2350,-23.0,0.5555555555555556,200.14285714285714,0.531112910919521,3.0560378289222716,7,2
2351,-80.0,0.3157894736842105,209.14285714285714,0.5308627972410351,3.040446766614914,7,12
2352,-86.0,0.4,214.0,0.530718560038525,3.022230441570282,10,5
2353,-31.0,0.4,69.0,0.5306704905860338,3.0319225907325746,5,0
2354,-122.0,0.1111111111111111,206.33333333333334,0.5304494330075052,2.9997293615341185,6,12
2355,-29.0,0.5454545454545454,120.55555555555556,0.5303437457582674,2.9848046135902404,9,2
2356,-155.0,0.125,112.0,0.5301612498113051,2.9739223492145537,6,10
2357,-73.0,0.2,152.2,0.5300556259553968,2.933953586816788,5,5
2358,-77.0,0.3333333333333333,197.57142857142858,0.529786870063535,2.904324984550476,7,8
2359,-23.0,0.2727272727272727,195.33333333333334,0.5297292990934547,2.8976572799682616,6,5
2360,-108.0,0.125,197.22222222222223,0.5296045856891355,2.8219801390171053,9,7
2361,-98.0,0.15789473684210525,123.33333333333333,0.529460725893477,2.8058545136451722,6,13
2362,-21.0,0.4,166.75,0.5293648433368736,2.7909225749969484,4,1
2363,-70.0,0.2857142857142857,249.66666666666666,0.5290102445705294,2.7788699865341187,6,1
2364,-56.0,0.16666666666666666,175.83333333333334,0.5289336090624023,2.7748656368255613,6,0
2365,-49.0,0.2,78.2,0.5288665630504639,2.7781030678749086,5,0
2366,6.0,0.6363636363636364,187.66666666666666,0.5287516488655855,2.767508320808411,9,2
2367,6.0,0.6,204.0,0.5287037760943775,2.778459495306015,5,0
2368,32.0,0.7777777777777778,226.44444444444446,0.5285984728474186,2.829575115442276,9,0
2369,-69.0,0.36363636363636365,218.75,0.5284931927646259,2.7946395647525786,8,3
2370,-112.0,0.2857142857142857,150.0,0.5283113998942083,2.853050730228424,8,6
2371,-29.0,0.5,117.14285714285714,0.5281774914502949,2.8597664403915406,7,1
2372,-76.0,0.05555555555555555,251.6,0.5281105512874126,2.8218266010284423,5,13
2373,-78.0,0.1,132.5,0.5279958185235859,2.879730877876282,4,6
2374,-90.0,0.3076923076923077,210.66666666666666,0.527842884332434,2.9024809086322785,6,7
2375,-22.0,0.2631578947368421,169.83333333333334,0.5276135747866482,2.976757514476776,6,13
2376,-3.0,0.625,222.125,0.5274321161075619,2.9472048449516297,8,0
2377,-47.0,0.3333333333333333,205.33333333333334,0.5272507263696738,2.9412983441352845,9,9
2378,55.0,1.0,267.0,0.5271934597185773,2.9752997088432314,5,0
2379,-34.0,0.5,156.5,0.5271171148727729,3.0098453330993653,8,0
2380,3.0,0.3125,140.57142857142858,0.5270121606528884,3.0606507885456087,7,9
2381,41.0,1.0,137.5,0.5269740012064345,3.084242318868637,4,0
2382,-11.0,0.6,135.0,0.5268595411818972,3.0274150443077086,4,1
2383,2.0,0.6666666666666666,276.0,0.5268023214702068,2.993977164030075,6,0
2384,-1.0,0.5,206.8,0.5267546436219919,2.9972958791255953,5,1
2385,-60.0,0.4,173.5,0.5266593022277247,2.9632573926448824,8,2
2386,-19.0,0.2857142857142857,289.3333333333333,0.5264019756889402,2.9675619637966157,3,4
2387,-107.0,0.18181818181818182,154.6,0.5261924049285854,2.884518219232559,5,6
2388,-4.0,0.6363636363636364,182.7,0.5260781324646467,2.8167140960693358,10,1
2389,-57.0,0.16666666666666666,186.0,0.5255737570104513,2.7948135530948637,2,4
2390,-59.0,0.2,177.5,0.5254025812714093,2.803032020330429,4,6
2391,-96.0,0.21428571428571427,102.4,0.525193450147871,2.819573117494583,5,9
2392,-105.0,0.3076923076923077,162.66666666666666,0.5250604146076744,2.8574402809143065,9,4
2393,-63.0,0.21428571428571427,177.28571428571428,0.5248894236386368,2.8794837474822996,7,7
2394,-63.0,0.3076923076923077,64.28571428571429,0.5247279886800977,2.908438013792038,7,6
2395,-40.0,0.42857142857142855,211.42857142857142,0.5246615314137997,2.9048696410655976,7,0
2396,-49.0,0.36363636363636365,143.22222222222223,0.5245761000272007,2.882076851129532,9,2
2397,-44.0,0.3333333333333333,211.5,0.5245191543120087,2.919659970998764,6,0
2398,-85.0,0.3125,144.55555555555554,0.5243009256974546,2.8805523777008055,9,7
2399,-104.0,0.21428571428571427,200.25,0.5241017611361473,2.887693659067154,8,6
2400,-51.0,0.2222222222222222,217.5,0.5239690312260837,2.8678058409690856,6,12
2401,-82.0,0.4,124.0,0.523751055609955,2.9847597885131836,8,7
2402,39.0,0.8333333333333334,213.0,0.5236657880942519,3.0042565405368804,6,0
2403,-51.0,0.1875,150.4,0.5234858292891146,3.0746731317043303,5,11
2404,-75.0,0.38461538461538464,163.375,0.5233059388553318,3.1602532732486726,8,5
2405,-98.0,0.3157894736842105,175.92307692307693,0.5231355793838887,3.223796718120575,13,6
2406,-41.0,0.4,208.83333333333334,0.5229463629979352,3.229120500087738,6,4
2407,-3.0,0.6,101.66666666666667,0.5228517831836322,3.1912504506111143,9,1
2408,-34.0,0.1,231.66666666666666,0.5227666775223985,3.2061329960823057,3,17
2409,-67.0,0.15,166.57142857142858,0.5226059641748582,3.2689802229404448,7,13
2410,0.0,0.2857142857142857,201.83333333333334,0.522549254861784,3.271950708627701,6,8
2411,-131.0,0.2857142857142857,220.33333333333334,0.5223413789257045,3.2250836527347566,9,5
2412,-27.0,0.5,115.83333333333333,0.5221241518574549,3.213823227882385,6,2
2413,15.0,0.35,250.88888888888889,0.52198253585536,3.2088315045833586,9,11
2414,10.0,0.38461538461538464,104.28571428571429,0.5219164629255533,3.190297154188156,7,6
2415,-28.0,0.3,77.6,0.5218220890706682,3.1596748435497286,5,5
2416,-50.0,0.36363636363636365,164.28571428571428,0.521680563673818,3.13099014043808,7,4
2417,-17.0,0.25,238.0,0.5215862369940656,3.147594825029373,6,10
2418,-134.0,0.07142857142857142,257.6666666666667,0.5213787846926414,3.112007299661636,6,8
2419,-57.0,0.3333333333333333,211.77777777777777,0.5211525771701375,3.1641865515708925,9,9
2420,2.0,0.42105263157894735,261.5,0.5209641538264506,3.2026466727256775,10,9
2421,-19.0,0.16666666666666666,158.0,0.5208040532327928,3.1895654082298277,4,14
2422,-90.0,0.375,163.125,0.5206157692708026,3.113476960659027,8,8
2423,-156.0,0.25,210.88888888888889,0.5204651963175932,3.1434482455253603,9,7
2424,-64.0,0.3333333333333333,190.125,0.5203617053588263,3.093293454647064,8,1
2425,-88.0,0.35714285714285715,196.25,0.5202300225177839,3.094625333547592,8,6
2426,-9.0,0.5,218.75,0.5201924056206785,3.0804732525348664,4,0
2427,-27.0,0.35714285714285715,214.5,0.5200231668194669,2.9913166427612303,8,6
2428,23.0,0.7142857142857143,108.28571428571429,0.5199573681821243,3.0225261807441712,7,0
2429,-42.0,0.2777777777777778,123.625,0.519825798539643,3.0622411262989044,8,10
2430,-62.0,0.4,129.0,0.5197130538778939,3.0772090780735017,6,4
2431,-38.0,0.3,103.0,0.5194688665840762,3.1195956194400787,4,6
2432,-107.0,0.35,172.54545454545453,0.5192529605676385,3.1266052711009977,11,9
2433,-28.0,0.4166666666666667,211.125,0.5191028236434458,3.164070221185684,8,4
2434,-17.0,0.42857142857142855,224.28571428571428,0.5189714932399402,3.137721049785614,7,7
2435,-18.0,0.5,118.8,0.518915220037211,3.148501658439636,5,1
2436,19.0,0.7142857142857143,111.57142857142857,0.5188495765015606,3.0875598406791687,7,0
2437,-96.0,0.2222222222222222,140.0,0.5185964660762151,2.9897098302841187,4,5
2438,-56.0,0.36363636363636365,182.625,0.5184746468322232,2.9856811809539794,8,3
2439,19.0,0.7272727272727273,179.55555555555554,0.5183715937461753,2.976631472110748,9,2
2440,-27.0,0.15384615384615385,340.5,0.5181936463526978,2.9964642548561096,4,9
2441,-84.0,0.375,129.77777777777777,0.5179596080439745,2.95657550573349,9,7
2442,-86.0,0.3125,215.25,0.5177631062768557,3.0106659162044527,8,8
2443,-33.0,0.5,182.33333333333334,0.5174264380554402,2.9804384219646454,3,1
2444,-28.0,0.3125,127.33333333333333,0.5172301601726975,2.944170495271683,6,10
2445,-59.0,0.35714285714285715,232.0,0.5170526464415769,2.9536221396923064,6,8
2446,-88.0,0.3,168.33333333333334,0.516912551662912,2.9658493113517763,6,4
2447,-25.0,0.35714285714285715,242.125,0.5167444933966162,3.0413971388339998,8,6
2448,4.0,0.6666666666666666,242.0,0.5166884874178346,3.0522692120075225,6,0
2449,-46.0,0.2857142857142857,206.75,0.5163339389128945,3.0674976229667665,4,3
2450,-29.0,0.25,308.0,0.5162220321968984,3.032462524175644,6,6
2451,-63.0,0.25,164.88888888888889,0.5160635436505312,3.030445727109909,9,11
2452,-45.0,0.4444444444444444,192.33333333333334,0.5158585207996599,3.003959684371948,12,6
2453,-36.0,0.42857142857142855,210.8181818181818,0.5156815281924811,2.9282746064662932,11,3
2454,-13.0,0.2777777777777778,79.57142857142857,0.5155418446875967,2.9303929364681243,7,11
2455,-83.0,0.14285714285714285,160.0,0.515439436747052,2.9367036306858063,9,12
2456,-3.0,0.35714285714285715,197.28571428571428,0.5152812142379087,2.9493389570713044,7,7
2457,-70.0,0.3157894736842105,108.57142857142857,0.5151323480692099,2.96543732047081,7,12
2458,-76.0,0.23076923076923078,190.6,0.5148533523674488,2.951607378721237,5,8
2459,-50.0,0.3,211.33333333333334,0.5146395689993042,2.9214744865894318,6,4
2460,-121.0,0.2857142857142857,211.25,0.5144723288594958,3.0053091180324554,8,6
2461,-16.0,0.6,170.375,0.5143794436825512,3.0089977991580965,8,2
2462,-96.0,0.2727272727272727,208.22222222222223,0.5142772914420995,2.9979322922229765,9,2
2463,-47.0,0.375,175.83333333333334,0.5140916176627541,2.997694272994995,6,2
2464,-2.0,0.5714285714285714,333.2857142857143,0.514008088689408,2.9982064735889433,7,0
2465,-22.0,0.4,194.2,0.5139524110594899,2.950461109876633,5,0
2466,44.0,0.6,176.4,0.5137761426364088,2.9436071801185606,10,5
2467,3.0,0.3076923076923077,307.2,0.5136092132741478,2.9669161927700043,5,8
2468,33.0,0.7142857142857143,174.16666666666666,0.5135443125274476,2.9516713178157805,6,1
2469,-140.0,0.21428571428571427,206.4,0.5133960020783762,2.955139456987381,10,4
2470,-4.0,0.35714285714285715,87.66666666666667,0.5131921526876165,2.9498902571201326,6,8
2471,-21.0,0.3333333333333333,204.5,0.5130346941251752,3.0016328489780424,6,6
2472,-188.0,0.07142857142857142,135.28571428571428,0.5129050625600862,3.028899123668671,7,7
2473,-11.0,0.42857142857142855,121.55555555555556,0.5127662118699631,3.0109201753139496,9,5
2474,10.0,0.75,91.25,0.5126736678822963,2.9729382276535032,4,0
2475,-83.0,0.058823529411764705,258.3333333333333,0.5125441373904044,2.9602498304843903,6,11
2476,-18.0,0.5,195.0,0.5124238915473198,2.935565526485443,4,0
2477,-37.0,0.5,237.0909090909091,0.5123036769640906,2.899845607280731,11,1
2478,-61.0,0.2857142857142857,226.0,0.5121650066625867,2.8828665590286255,5,2
2479,-48.0,0.25,186.0,0.5117769510631595,2.7785058176517485,2,2
2480,-93.0,0.23076923076923078,307.14285714285717,0.5116015091578286,2.781184867620468,7,6
2481,-41.0,0.2222222222222222,151.71428571428572,0.511416905477363,2.7194523966312407,7,11
2482,18.0,0.7142857142857143,196.71428571428572,0.5113523116322708,2.7183236467838285,7,0
2483,-44.0,0.47058823529411764,239.23076923076923,0.5111216931358833,2.7574376308918,13,4
2484,-30.0,0.4,175.16666666666666,0.5109925971360887,2.768506020307541,6,4
2485,48.0,0.8571428571428571,195.0,0.5109188442209375,2.80497643828392,7,0
2486,-46.0,0.14285714285714285,189.5,0.5108082369717253,2.806454908847809,6,15
2487,-108.0,0.1875,165.5,0.5106423758632063,2.8748723387718202,8,8
2488,-61.0,0.2857142857142857,186.33333333333334,0.5104397378014692,2.931542687416077,3,4
2489,18.0,0.75,181.5,0.510402904095813,2.8937914776802063,4,0
2490,-40.0,0.5,99.625,0.5102832149010177,2.9032793283462524,8,4
2491,-27.0,0.4666666666666667,108.875,0.5100623319740086,2.8632875692844393,8,7
2492,-23.0,0.5,180.0,0.510007127806488,2.8579557192325593,6,0
2493,-34.0,0.4,129.66666666666666,0.5097955731889895,2.7945483922958374,3,2
2494,-3.0,0.5714285714285714,89.4,0.5097312063145294,2.819384846687317,5,2
2495,-49.0,0.4666666666666667,145.44444444444446,0.5095381597504935,2.7571100962162016,9,6
2496,-30.0,0.19047619047619047,213.0,0.5094278838257936,2.8203412902355196,8,13
2497,-4.0,0.5714285714285714,135.42857142857142,0.5093635684242412,2.8405529582500457,7,0
2498,-80.0,0.15789473684210525,226.4,0.5091614929140069,2.916994218826294,5,14
2499,-4.0,0.19047619047619047,109.0,0.5090604884964591,2.9117867982387544,5,16
2500,-63.0,0.2857142857142857,94.5,0.5089962245266526,2.903458205461502,4,3
2501,-83.0,0.4,102.9,0.5088585463120593,2.9865197837352753,10,5
2502,-45.0,0.36363636363636365,271.3333333333333,0.5086108295865862,3.1157665634155274,6,5
2503,-56.0,0.09523809523809523,154.33333333333334,0.5085099463016454,3.15354395866394,6,15
2504,-133.0,0.19047619047619047,117.22222222222223,0.5082624177693611,3.257119407653809,9,12
2505,-23.0,0.5454545454545454,98.22222222222223,0.5081432850286685,3.351389982700348,9,2
2506,-43.0,0.16666666666666666,85.4,0.5080425045922167,3.4196960306167603,5,13
2507,-13.0,0.5555555555555556,85.14285714285714,0.5079600643612334,3.4275157165527346,7,2
2508,1.0,0.35714285714285715,96.16666666666667,0.5077402962788994,3.4060733914375305,6,8
2509,-59.0,0.16666666666666666,249.5,0.5075572367747294,3.368098875284195,4,8
2510,-125.0,0.3125,246.66666666666666,0.5073285153414654,3.2762829554080963,9,7
2511,-52.0,0.46153846153846156,221.72727272727272,0.5072004812827745,3.2816860592365265,11,2
2512,-116.0,0.16666666666666666,171.0,0.5068988285214892,3.27145810008049,4,8
2513,-113.0,0.21052631578947367,194.77777777777777,0.5066978372582602,3.2238067984580994,9,10
2514,-9.0,0.42857142857142855,135.25,0.5065882429291638,3.206585531234741,4,3
2515,14.0,0.4444444444444444,250.75,0.5064604161177324,3.2279677534103395,4,5
2516,-58.0,0.4166666666666667,261.0,0.5062961199430158,3.1429533982276916,7,5
2517,-75.0,0.3,170.92307692307693,0.5060771503623468,3.080345754623413,13,7
2518,-27.0,0.2857142857142857,187.0,0.5059494666368011,3.0702025270462037,4,3
2519,-59.0,0.375,283.75,0.505876520557981,3.053929271697998,8,0
2520,-121.0,0.22727272727272727,169.88888888888889,0.5057033203902851,3.0211890172958373,9,13
2521,-46.0,0.058823529411764705,181.5,0.505584852928421,2.949924738407135,4,13
2522,60.0,1.0,189.33333333333334,0.5055301860261494,2.9687757658958436,6,0
2523,-99.0,0.35714285714285715,165.625,0.5053480103892953,2.9573164904117584,8,6
2524,53.0,1.0,239.0,0.5052569498935705,2.930565884113312,5,0
2525,-40.0,0.3333333333333333,218.8,0.5050930868887195,2.9412678122520446,5,1
2526,22.0,0.8,188.8,0.5050475798554201,2.9530957627296446,5,0
2527,-27.0,0.23809523809523808,231.42857142857142,0.5048837922102173,2.9645244216918947,7,14
2528,-102.0,0.3888888888888889,286.7692307692308,0.5047291580101695,2.955953140258789,13,5
2529,-28.0,0.5,185.33333333333334,0.5046564071651106,2.9571139860153197,6,2
2530,-25.0,0.5,244.0,0.5045836679592558,2.954790029525757,6,2
2531,-34.0,0.3333333333333333,149.75,0.5044200472922777,3.0431596744060516,4,5
2532,30.0,0.38095238095238093,202.2,0.5042292309466525,2.996784181594849,10,11
2533,-67.0,0.35294117647058826,159.92307692307693,0.5040839008468058,2.9798785519599913,13,4
2534,27.0,0.75,181.14285714285714,0.5039476961082839,2.9555072271823883,7,1
2535,-16.0,0.625,227.28571428571428,0.5036572625314327,3.0000403654575347,7,1
2536,-60.0,0.10526315789473684,193.2,0.5035121154321971,2.9777599287033083,5,14
2537,15.0,0.7142857142857143,142.66666666666666,0.5034486281802479,2.9941072452068327,6,1
2538,6.0,0.625,139.0,0.5033670147726026,3.0020933032035826,8,0
2539,-13.0,0.5714285714285714,202.83333333333334,0.5033035478333238,2.994280035495758,6,1
2540,-59.0,0.3157894736842105,121.85714285714286,0.5030497689112674,3.0181830167770385,7,12
2541,-60.0,0.2631578947368421,210.85714285714286,0.5027146360967077,3.1135211169719694,7,12
2542,-46.0,0.2,218.25,0.5026241022231775,3.144994523525238,4,1
2543,-93.0,0.16666666666666666,121.85714285714286,0.5024702361871299,3.074096658229828,7,11
2544,-35.0,0.4444444444444444,162.0,0.5023887988741943,3.0736055874824526,6,3
2545,-18.0,0.5,244.16666666666666,0.5023345154753985,3.0582242357730864,6,0
2546,-23.0,0.4,167.33333333333334,0.5022078795409236,3.105272662639618,3,2
2547,-140.0,0.21428571428571427,118.16666666666667,0.5020812790595466,3.1478660345077514,6,8
2548,-27.0,0.6,232.0,0.5015842630614958,2.9812412786483766,3,2
2549,-81.0,0.26666666666666666,173.6,0.5012953415978667,2.9147983026504516,5,10
2550,34.0,0.8333333333333334,223.83333333333334,0.5012411894060714,2.933897852897644,6,0
2551,-50.0,0.375,163.25,0.5011689965913457,2.852404794692993,8,0
2552,-145.0,0.25,169.0,0.5009975849429168,2.9173514926433564,8,8
2553,-26.0,0.38461538461538464,64.0,0.5008532888043485,2.9138173556327818,5,8
2554,-13.0,0.5714285714285714,252.0,0.500790173762072,2.8839234828948976,5,2
2555,-133.0,0.15,125.16666666666667,0.5006098937509731,2.9170762372016905,6,14
2556,-84.0,0.14285714285714285,82.4,0.5005468127816189,2.9018575668334963,5,2
2557,-74.0,0.25,210.0,0.5003936529039278,2.8987276792526244,5,3
2558,-24.0,0.35714285714285715,275.75,0.5002855713975304,2.886411374807358,8,6
2559,-136.0,0.3333333333333333,100.9,0.500078487667597,2.8716015791893006,10,8
2560,-33.0,0.23809523809523808,188.42857142857142,0.49990749033383436,2.801592370271683,7,14
2561,58.0,1.0,104.2,0.49986250183426345,2.863972944021225,5,0
2562,-13.0,0.4166666666666667,149.75,0.49969158655952534,2.8043556249141695,8,4
2563,-12.0,0.4,109.66666666666667,0.4995746819452782,2.8494508254528044,6,9
2564,-81.0,0.15384615384615385,159.4,0.49943982976953244,2.832385507822037,5,8
2565,26.0,0.75,234.125,0.49934995079177585,2.8733556962013242,8,0
2566,-95.0,0.35714285714285715,172.0,0.4992061818117861,2.8482829773426057,10,4
2567,5.0,0.36363636363636365,214.8,0.4990444966914017,2.8894718539714814,5,6
2568,-26.0,0.06666666666666667,290.3333333333333,0.4990175548298642,2.9099476540088656,3,12
2569,-51.0,0.375,209.2,0.4988738921995654,2.8489818215370177,10,6
2570,37.0,0.8333333333333334,197.5,0.49882003056426427,2.9068341660499573,6,0
2571,-18.0,0.29411764705882354,175.71428571428572,0.498640538452854,2.9112544369697573,7,10
2572,-43.0,0.36363636363636365,84.57142857142857,0.49847905692742955,2.901756432056427,7,4
2573,-28.0,0.2727272727272727,217.5,0.4983265999672261,2.924620451927185,4,7
2574,6.0,0.6666666666666666,102.66666666666667,0.4982638386366264,2.9349018108844755,6,0
2575,-3.0,0.6,170.5,0.49821901449400724,2.918385626077652,4,1
2576,-2.0,0.6,155.54545454545453,0.49798600119517855,2.8852901029586793,11,4
2577,-31.0,0.3125,208.57142857142858,0.4978157988552171,2.756055986881256,7,9
2578,-110.0,0.2857142857142857,195.4,0.4976635673644263,2.701293205022812,10,4
2579,30.0,0.5,211.9,0.4975382391123383,2.6966653764247894,10,6
2580,-127.0,0.3333333333333333,218.1,0.497368206889644,2.6484233701229094,10,8
2581,-17.0,0.29411764705882354,213.85714285714286,0.49719823926691953,2.6392708933353424,7,10
2582,-5.0,0.45454545454545453,169.0,0.4970998664756846,2.7104210555553436,7,4
2583,-55.0,0.2,202.71428571428572,0.4970193957423023,2.7711774742603303,7,8
2584,39.0,1.0,156.25,0.4969836356210668,2.7504352748394014,4,0
2585,20.0,0.8571428571428571,297.5,0.4965636684190915,2.7505635619163513,6,1
2586,7.0,0.6666666666666666,208.88888888888889,0.4964832941926735,2.7676699435710908,9,0
2587,8.0,0.6666666666666666,151.83333333333334,0.4964297194119215,2.7822241270542145,6,0
2588,-21.0,0.375,276.6,0.49627795910803507,2.795338269472122,5,3
2589,-72.0,0.35,254.36363636363637,0.4961262503938812,2.737703181505203,11,9
2590,-62.0,0.18181818181818182,196.0,0.4960281134142581,2.778283239603043,3,8
2591,-49.0,0.26666666666666666,170.28571428571428,0.4958140712940377,2.7380172276496886,7,8
2592,4.0,0.3333333333333333,193.0,0.4957516616928306,2.776851570606232,4,5
2593,31.0,0.42105263157894735,173.0,0.4956536071136573,2.7815221011638642,9,10
2594,-77.0,0.15789473684210525,119.5,0.4955199310839303,2.737311850786209,6,13
2595,-12.0,0.5555555555555556,228.92857142857142,0.49534175874833947,2.741389949321747,14,4
2596,-78.0,0.23809523809523808,163.5,0.49514585147725054,2.7355947422981264,8,13
2597,4.0,0.3684210526315789,123.88888888888889,0.49493223274113957,2.8124222218990327,9,10
2598,9.0,0.5454545454545454,197.42857142857142,0.4947809814961762,2.8005992770195007,7,4
2599,-50.0,0.45454545454545453,189.71428571428572,0.4946208891611869,2.807368640899658,7,4
2600,-33.0,0.5,199.0,0.49453197387517966,2.765881198644638,8,2
2601,-82.0,0.3157894736842105,112.11111111111111,0.4943453096483837,2.9309765684604643,9,10
2602,-64.0,0.2777777777777778,217.5,0.4941498407184565,3.0281251525878905,8,10
2603,-1.0,0.4,178.25,0.4939810958425405,3.05764395236969,8,7
2604,-12.0,0.5,234.0,0.49378578713143717,3.2030515670776367,11,3
2605,17.0,0.2777777777777778,127.5,0.4936704178254428,3.277363530397415,6,12
2606,-97.0,0.3076923076923077,275.42857142857144,0.49355507851156866,3.312207466363907,7,6
2607,-135.0,0.16666666666666666,73.28571428571429,0.4932801595965617,3.3232154953479767,7,11
2608,-55.0,0.3333333333333333,91.33333333333333,0.493085159229566,3.3867324948310853,6,6
2609,-25.0,0.2727272727272727,178.66666666666666,0.4930054110784536,3.383658151626587,6,5
2610,-30.0,0.23076923076923078,183.83333333333334,0.4928548148414979,3.3598924493789672,6,7
2611,-3.0,0.3157894736842105,219.375,0.49273968755683467,3.3673782324790955,8,11
2612,-52.0,0.3333333333333333,185.8,0.49256262709626486,3.4032093501091003,5,4
2613,-20.0,0.5,146.0,0.49248297299247196,3.394898953437805,8,0
2614,-135.0,0.23809523809523808,158.58333333333334,0.49226178680713006,3.275184110403061,12,9
2615,-47.0,0.4,154.33333333333334,0.4920495520898697,3.241005290746689,6,4
2616,-128.0,0.1,162.0,0.4918904428924913,3.203756328821182,5,5
2617,-43.0,0.5,199.66666666666666,0.4917844019116238,3.2120650708675385,9,3
2618,-44.0,0.25,277.0,0.4916342207472185,3.1745477187633515,5,3
2619,-41.0,0.1111111111111111,116.2,0.4915282412522873,3.151595892906189,5,13
2620,21.0,0.7142857142857143,71.28571428571429,0.4914664316252868,3.1225828385353087,7,0
2621,45.0,0.8333333333333334,149.2,0.49141345883192294,3.115430147647858,5,1
2622,-9.0,0.5,104.0,0.49114869019515794,3.120632894039154,2,2
2623,-31.0,0.42857142857142855,197.0,0.49108693370158596,3.1170511507987975,7,0
2624,-76.0,0.2727272727272727,227.66666666666666,0.4909634466491437,3.0538622522354126,6,5
2625,-27.0,0.5,219.16666666666666,0.49076065011046494,2.9951470530033113,6,2
2626,-53.0,0.21052631578947367,135.71428571428572,0.49059319288231135,3.035963183641434,7,12
2627,-94.0,0.13333333333333333,101.66666666666667,0.4904081825961806,3.00248037815094,6,9
2628,-10.0,0.3333333333333333,115.88888888888889,0.4902848855674432,3.018654738664627,9,12
2629,-22.0,0.23529411764705882,200.42857142857142,0.4901704263775351,2.983775225877762,7,10
2630,-53.0,0.15384615384615385,162.4,0.4900471959112198,2.9730745267868044,5,8
2631,17.0,0.8,126.2,0.4900031933917913,2.9392232656478883,5,0
2632,-39.0,0.38461538461538464,99.71428571428571,0.48982722730999717,2.9519954645633697,7,6
2633,-15.0,0.5555555555555556,162.66666666666666,0.48973927066049333,2.9265488708019256,9,0
2634,-60.0,0.2857142857142857,179.25,0.48952824646043597,2.8543488287925722,4,3
2635,-181.0,0.2857142857142857,232.9090909090909,0.489247038378886,2.883764456510544,11,10
2636,40.0,0.7777777777777778,120.88888888888889,0.4891679810273528,2.9009665560722353,9,0
2637,-52.0,0.375,224.0,0.4890625933589324,2.88918515920639,5,3
2638,-151.0,0.25,205.5,0.4888870034419134,2.848234853744507,6,10
2639,14.0,0.5454545454545454,297.25,0.48876413228371457,2.9142417669296266,8,3
2640,-79.0,0.38461538461538464,286.6666666666667,0.48865006843826325,2.9522980320453645,9,4
2641,-84.0,0.25,210.28571428571428,0.4884834130787804,2.9606228625774382,7,9
2642,-17.0,0.5454545454545454,196.9,0.4883869573384236,2.9523672115802766,10,1
2643,-47.0,0.3157894736842105,182.33333333333334,0.48817658209299924,3.0211655676364897,9,10
2644,-56.0,0.16666666666666666,243.5,0.48804514883434585,3.0626883137226106,4,8
2645,-31.0,0.4166666666666667,198.57142857142858,0.48787872330064286,3.0880548298358916,7,5
2646,-146.0,0.07142857142857142,116.0,0.487686099042835,3.0526048040390013,7,7
2647,-64.0,0.14285714285714285,148.4,0.487581066983416,3.0537509167194368,5,2
2648,-106.0,0.18181818181818182,81.0,0.4874585614362376,3.014384902715683,5,6
2649,-61.0,0.25,254.625,0.487301104698034,2.9563025033473966,8,12
2650,-83.0,0.14285714285714285,99.25,0.4870912505368068,2.8534809625148774,4,3
2651,-30.0,0.5,136.28571428571428,0.4870038410279417,2.8606835806369784,7,3
2652,-23.0,0.23529411764705882,294.2,0.48686402217102304,2.8494330632686613,5,12
2653,-93.0,0.23529411764705882,202.28571428571428,0.48672424804898057,2.861014950275421,7,10
2654,41.0,1.0,135.5,0.48668931150661693,2.8548767817020417,4,0
2655,-14.0,0.15789473684210525,261.0,0.4865845186475015,2.829792032241821,4,15
2656,-5.0,0.625,185.14285714285714,0.48651467071250165,2.8709441733360292,7,1
2657,-23.0,0.5,63.0,0.4861481523483674,2.867562656402588,2,2
2658,-46.0,0.3333333333333333,169.5,0.4860958177102267,2.873171648979187,6,0
2659,-23.0,0.5,175.71428571428572,0.48602604796112175,2.853757121562958,7,1
2660,-200.0,0.125,132.83333333333334,0.4858865419479268,2.82030611038208,6,10
2661,-48.0,0.375,208.14285714285714,0.48581680568026525,2.8387307608127594,7,1
2662,-89.0,0.3333333333333333,194.85714285714286,0.4856076638116028,2.860146723985672,7,5
2663,-90.0,0.2222222222222222,211.0,0.4855031305167851,2.8923039543628692,8,1
2664,-46.0,0.42857142857142855,236.83333333333334,0.485328964100184,2.9147540771961213,6,1
2665,-29.0,0.21428571428571427,168.83333333333334,0.4852419070133628,2.9185058450698853,6,8
2666,-63.0,0.29411764705882354,180.14285714285714,0.4849982397786289,2.92351887345314,7,10
2667,-74.0,0.16666666666666666,232.16666666666666,0.484911248830058,2.936595792770386,6,0
2668,6.0,0.46153846153846156,260.8333333333333,0.4846069174842748,2.8860279941558837,6,7
2669,-33.0,0.42857142857142855,137.83333333333334,0.4845286952793373,2.823522733449936,6,1
2670,-60.0,0.4,196.2,0.484441798230276,2.8539986670017243,5,5
2671,-5.0,0.5714285714285714,141.66666666666666,0.484259370987422,2.8027750408649443,6,1
2672,-56.0,0.375,126.2,0.4841638444341109,2.8065648329257966,5,3
2673,-18.0,0.5,243.33333333333334,0.4840943837760022,2.7606795871257783,6,0
2674,20.0,0.7272727272727273,212.9,0.4839988935158853,2.8266683530807497,10,1
2675,-42.0,0.16666666666666666,222.8,0.4838947462796097,2.8474651312828065,5,13
2676,58.0,1.0,147.0,0.48384268203397335,2.8505661368370054,6,0
2677,-65.0,0.2857142857142857,149.66666666666666,0.4837819483099486,2.8807653272151947,6,1
2678,-69.0,0.2857142857142857,169.33333333333334,0.4836518332436914,2.9262251937389374,3,4
2679,21.0,0.8,199.2,0.4836084702285539,2.9252249491214752,5,0
2680,35.0,1.0,249.0,0.4835824545008198,2.9075642240047457,3,0
2681,-80.0,0.375,167.54545454545453,0.48337438486336737,2.8734762024879457,11,5
2682,-4.0,0.6,279.54545454545456,0.48314908876530055,2.9033988761901854,11,4
2683,-59.0,0.4,172.625,0.48306246760995175,2.8998132824897764,8,2
2684,-46.0,0.3333333333333333,121.11111111111111,0.4829325683555312,2.8900039184093473,9,9
2685,-11.0,0.5555555555555556,115.77777777777777,0.4828113642057645,2.9018428421020506,9,0
2686,-8.0,0.5,235.6,0.4825950126160663,2.8946996796131135,10,6
2687,-17.0,0.2,181.5,0.4825085022648666,2.971141296625137,6,14
2688,17.0,0.46153846153846156,194.71428571428572,0.4823787691751236,2.9818944799900056,7,6
2689,-13.0,0.5555555555555556,249.42857142857142,0.4822923020682875,2.932253738641739,7,2
2690,-35.0,0.4,104.8,0.48199844322621077,2.8869256913661956,5,5
2691,46.0,0.8571428571428571,88.16666666666667,0.4819379676775462,2.8621768176555635,6,1
2692,-84.0,0.2222222222222222,241.5,0.48179113373172117,2.8373695635795593,4,5
2693,-56.0,0.3333333333333333,156.5,0.48158392372191067,2.7352421939373017,6,6
2694,50.0,1.0,244.8,0.4815407674873862,2.7086583840847016,5,0
2695,-19.0,0.38461538461538464,192.16666666666666,0.48123879465296765,2.796062026023865,6,7
2696,-50.0,0.18181818181818182,177.2,0.48116117865557945,2.8394927954673768,5,6
2697,48.0,0.8181818181818182,185.22222222222223,0.4810577123891507,2.8687770330905913,9,2
2698,-104.0,0.35714285714285715,231.55555555555554,0.4808680887159668,2.8487964522838594,9,5
2699,11.0,0.75,141.5,0.4808336206476107,2.8475703418254854,4,0
2700,-46.0,0.2857142857142857,306.6,0.480781923715011,2.8278347742557526,5,2
2701,-61.0,0.47058823529411764,214.8,0.4806354827573214,3.0123581182956696,10,7
2702,-69.0,0.3076923076923077,188.625,0.4804632630104641,3.071635284423828,8,5
2703,-36.0,0.4444444444444444,163.1818181818182,0.48025669022565365,3.161257419586182,11,7
2704,-2.0,0.3,218.42857142857142,0.4801018256944606,3.2975598526000978,7,13
2705,50.0,0.4375,213.875,0.47998141404168415,3.329270000457764,8,8
2706,-144.0,0.11764705882352941,227.33333333333334,0.4797750724888786,3.32004026889801,6,11
2707,12.0,0.7142857142857143,185.33333333333334,0.4797149081903293,3.3270770931243896,6,1
2708,-14.0,0.5,77.42857142857143,0.47960319683730507,3.3047685337066652,7,3
2709,-42.0,0.38461538461538464,174.0,0.47948292478106425,3.304256682395935,7,6
2710,-12.0,0.6,245.0,0.479199559571514,3.2747553300857546,8,2
2711,25.0,0.75,165.875,0.478993593218799,3.264375810623169,8,0
2712,-95.0,0.2222222222222222,206.0,0.47889922500917453,3.2318251824378965,6,3
2713,20.0,0.3157894736842105,176.85714285714286,0.4788134537415853,3.1808351564407347,7,12
2714,26.0,0.6666666666666666,115.2,0.47877057454020694,3.1942961835861206,5,1
2715,-7.0,0.5714285714285714,120.8,0.4787105508615268,3.1620130825042723,5,2
2716,35.0,0.75,180.375,0.47862481732499396,3.097483856678009,8,0
2717,-106.0,0.375,205.125,0.47848767932669994,3.0618284130096436,8,8
2718,-58.0,0.23809523809523808,210.28571428571428,0.4783505852055447,3.089145268201828,7,14
2719,-12.0,0.2631578947368421,157.125,0.47825635844212344,3.0958617234230044,8,11
2720,-121.0,0.19047619047619047,201.6,0.4780508447173111,3.0361377239227294,10,11
2721,-15.0,0.5714285714285714,186.0,0.4779909217937532,3.0524620389938355,6,1
2722,-22.0,0.42105263157894735,228.16666666666666,0.47777697982280615,3.1177436566352843,12,7
2723,-24.0,0.45454545454545453,288.875,0.47762300782669215,3.0875506377220154,8,3
2724,-23.0,0.4,113.0,0.4775289411126882,3.079543820619583,6,4
2725,-68.0,0.38461538461538464,180.9,0.4772981378069884,3.1298037600517272,10,3
2726,-23.0,0.23076923076923078,157.83333333333334,0.4772468651068751,3.166948466300964,6,7
2727,11.0,0.5454545454545454,179.375,0.47712725273115925,3.163711528778076,8,3
2728,4.0,0.6666666666666666,75.16666666666667,0.47704183582258863,3.162574964761734,6,3
2729,-14.0,0.2631578947368421,145.0,0.4768795907534915,3.137637904882431,7,12
2730,-105.0,0.3888888888888889,183.36363636363637,0.4767259417592986,3.1848123264312744,11,7
2731,-60.0,0.4,269.8333333333333,0.47664060510489664,3.1554476499557493,6,4
2732,-13.0,0.5333333333333333,144.3846153846154,0.47651263212027267,3.1397203600406645,13,2
2733,-58.0,0.3333333333333333,214.4,0.4764358667555811,3.1045605075359344,5,4
2734,-49.0,0.4166666666666667,127.57142857142857,0.4762994291094069,3.1082287991046904,7,5
2735,-50.0,0.21428571428571427,181.83333333333334,0.47619712952286214,3.110274567604065,6,8
2736,-25.0,0.5555555555555556,232.0,0.4760948544852721,3.1290131211280823,8,1
2737,57.0,0.45,213.2,0.47597556462737567,3.132684772014618,10,10
2738,-54.0,0.3333333333333333,205.5,0.47584779112497116,3.028512372970581,6,3
2739,-62.0,0.11764705882352941,183.8,0.47576263008313424,2.9898460483551026,5,12
2740,10.0,0.3684210526315789,167.0,0.475524269757408,3.009598484039307,7,12
2741,-112.0,0.35294117647058826,204.1818181818182,0.47537110859095943,2.960467268228531,11,6
2742,-14.0,0.5,126.375,0.4751244648815666,3.0162595188617707,8,6
2743,-25.0,0.5384615384615384,172.5,0.474954449101037,3.0722312140464783,10,3
2744,-108.0,0.2,152.2,0.47486946670973923,3.104106512069702,5,5
2745,37.0,0.7777777777777778,147.375,0.4747929970882038,3.062027724981308,8,1
2746,-29.0,0.5,182.83333333333334,0.47453819773740014,3.0038523721694945,6,2
2747,-39.0,0.3333333333333333,223.25,0.47441934368237787,2.9557156229019164,4,2
2748,-30.0,0.2,123.25,0.47426658021772566,2.844447067975998,4,11
2749,27.0,0.8,154.8,0.47419021910599274,2.885401512384415,5,0
2750,-95.0,0.1875,175.16666666666666,0.47402905744538726,2.8495706510543823,6,10
2751,-55.0,0.4,180.83333333333334,0.47394426011391405,2.8249382793903353,6,4
2752,-60.0,0.2857142857142857,147.77777777777777,0.4737831918999696,2.8743948519229887,9,5
2753,19.0,0.7272727272727273,188.9090909090909,0.4736899698525528,2.851671129465103,11,0
2754,-49.0,0.25,99.28571428571429,0.4734866474682996,2.915665775537491,7,9
2755,-106.0,0.23076923076923078,170.16666666666666,0.47329188840848213,2.8486456835269927,6,7
2756,-32.0,0.36363636363636365,103.6,0.4731649198881899,2.8996175146102905,5,6
2757,36.0,0.75,164.14285714285714,0.47308875705747044,2.93412734746933,7,1
2758,-46.0,0.4166666666666667,147.0,0.4728518936814536,2.8761450374126434,9,3
2759,-37.0,0.42857142857142855,120.0,0.47278424279068015,2.8456182146072386,4,3
2760,-84.0,0.13333333333333333,175.2,0.4726574265412315,2.871140477657318,5,10
2761,-36.0,0.3333333333333333,151.8,0.4725560009304217,2.8972246646881104,10,8
2762,-19.0,0.5,304.1666666666667,0.47249684723114704,2.9002641010284425,6,0
2763,-1.0,0.6,202.2,0.47245459965883774,2.910642993450165,5,0
2764,-29.0,0.1875,161.8,0.4723447757406545,2.912444112300873,5,11
2765,-19.0,0.5714285714285714,198.5,0.47215054182104027,2.8843899512290956,6,1
2766,-146.0,0.29411764705882354,197.25,0.4720070350343573,2.9564307105541228,8,9
2767,-53.0,0.23076923076923078,160.28571428571428,0.4718635770316881,2.8824451422691344,7,6
2768,24.0,0.2727272727272727,133.33333333333334,0.4718382659764054,2.887417769432068,3,8
2769,-121.0,0.35294117647058826,210.0,0.47164426499770223,2.839082021713257,11,6
2770,-38.0,0.45454545454545453,178.57142857142858,0.47152622113041553,2.8550766468048097,7,4
2771,-76.0,0.42857142857142855,203.63636363636363,0.47139978223085965,2.9458734703063967,11,3
2772,1.0,0.6,236.75,0.47135764435956523,2.95207848072052,4,1
2773,-43.0,0.3,190.0,0.4711385953421787,2.8992716920375825,7,13
2774,-27.0,0.1875,147.66666666666666,0.4710880617428142,2.9044073283672334,6,10
2775,-22.0,0.375,126.8,0.47089440577869907,2.9369502782821657,5,3
2776,-54.0,0.21052631578947367,207.16666666666666,0.47063353212630515,2.8882540488243102,6,13
2777,-41.0,0.4166666666666667,232.83333333333334,0.4704653123596509,2.886764848232269,6,6
2778,-18.0,0.5555555555555556,121.0,0.47038963541455553,2.9202147090435027,7,2
2779,-72.0,0.1875,147.2,0.47022991770138545,2.9106526827812194,5,11
2780,-33.0,0.4,213.4,0.47018789681069484,2.925006504058838,5,0
2781,-13.0,0.3888888888888889,184.44444444444446,0.4700282557436306,2.904013020992279,9,9
2782,4.0,0.6,195.8,0.4699862550181275,2.833717381954193,5,0
2783,-53.0,0.375,233.4,0.469919062592862,2.8372816121578217,5,3
2784,-26.0,0.5,129.28571428571428,0.4698518809175245,2.8894648826122284,7,1
2785,-60.0,0.3076923076923077,238.5,0.46969236751224225,2.8693040001392363,8,5
2786,-93.0,0.25,211.0,0.4695496963627579,2.799425003528595,7,5
2787,2.0,0.6363636363636364,256.0,0.46941546193857514,2.811861890554428,10,1
2788,-86.0,0.10526315789473684,236.0,0.46929804204878406,2.7358342933654787,5,14
2789,-16.0,0.3076923076923077,168.16666666666666,0.46920580662580186,2.738774391412735,6,7
2790,-72.0,0.19047619047619047,308.125,0.46900463612340454,2.7770236706733704,8,13
2791,0.0,0.4166666666666667,120.71428571428571,0.4688286911272683,2.780397284030914,7,5
2792,22.0,0.75,158.25,0.4687616838974093,2.791659561395645,4,0
2793,-161.0,0.2,112.125,0.46863607423463155,2.8002437686920167,8,7
2794,-19.0,0.5,242.5,0.4684686532913586,2.8162435603141787,6,2
2795,23.0,0.75,153.25,0.4683933357125516,2.797675898075104,4,0
2796,-17.0,0.5,187.5,0.4683180316896888,2.815979963541031,8,2
2797,-29.0,0.3333333333333333,296.3333333333333,0.46822601184527113,2.798988177776337,6,6
2798,-50.0,0.3076923076923077,182.71428571428572,0.46807547757880047,2.858421280384064,7,6
2799,-100.0,0.16666666666666666,114.44444444444444,0.4679500737470421,2.8838710916042327,9,9
2800,-33.0,0.2631578947368421,317.25,0.46777457157410457,2.9222239696979524,8,11
2801,-25.0,0.42105263157894735,170.44444444444446,0.46753233257869103,3.1587781608104706,9,10
2802,36.0,0.7272727272727273,234.4,0.4674404855690652,3.286252499818802,10,1
2803,-16.0,0.3333333333333333,148.14285714285714,0.46719844028735225,3.3364815962314607,7,11
2804,-31.0,0.5,160.66666666666666,0.4668981655222326,3.3792542386054993,3,1
2805,-49.0,0.18181818181818182,132.0,0.46678978608913374,3.340567533969879,5,6
2806,-7.0,0.25,195.33333333333334,0.4667314396034305,3.302688318490982,6,10
2807,-30.0,0.375,62.6,0.46659810687713144,3.2258508908748627,5,3
2808,-67.0,0.05,164.8,0.4664731461901085,3.24433061003685,5,15
2809,-28.0,0.35714285714285715,194.28571428571428,0.466314916460109,3.218296834230423,7,7
2810,-32.0,0.29411764705882354,160.85714285714286,0.466165070064153,3.193387635946274,7,10
2811,-37.0,0.4666666666666667,137.6,0.46602359799194626,3.173114298582077,10,5
2812,-28.0,0.16666666666666666,266.2,0.4659320828674209,3.1614436256885527,5,7
2813,-98.0,0.25,220.7,0.465815638187234,3.1638291668891907,10,10
2814,26.0,0.47058823529411764,239.0,0.4656909122056105,3.1656989240646363,10,7
2815,-77.0,0.3333333333333333,114.57142857142857,0.46550804843721927,3.086894619464874,7,11
2816,13.0,0.5555555555555556,132.57142857142858,0.46534187845405667,3.0731189155578615,7,2
2817,-56.0,0.36363636363636365,176.0,0.46506784325583983,3.1818477439880373,6,5
2818,-97.0,0.19047619047619047,139.0,0.4649350427952049,3.1762439703941343,8,13
2819,43.0,0.7777777777777778,208.22222222222223,0.4648603612090461,3.194902675151825,9,0
2820,32.0,0.5,213.77777777777777,0.4647773974334585,3.245191377401352,9,7
2821,-23.0,0.5,169.2,0.46472762713204424,3.232650982141495,5,1
2822,-45.0,0.375,186.14285714285714,0.4646612760199337,3.2314873158931734,7,1
2823,2.0,0.625,176.125,0.4645866437073597,3.200432298183441,8,0
2824,-75.0,0.35714285714285715,159.57142857142858,0.4644291307121154,3.3209474980831146,7,7
2825,-47.0,0.35714285714285715,242.75,0.46428824875896246,3.1856244373321534,8,6
2826,22.0,0.75,163.0,0.46394039274998267,2.9588224399089813,6,2
2827,-39.0,0.3333333333333333,230.33333333333334,0.46389072288310423,2.990738800764084,6,0
2828,-88.0,0.25,219.33333333333334,0.4637003769335029,2.9455801582336427,6,10
2829,-11.0,0.15789473684210525,201.5,0.4636259175671989,2.8850516200065615,4,15
2830,-107.0,0.3125,192.85714285714286,0.46343569340003066,2.952908102273941,7,9
2831,1.0,0.6363636363636364,206.5,0.46334474755189275,3.0221145856380462,10,1
2832,-62.0,0.375,105.0,0.46318770638753404,3.0000667643547057,6,10
2833,-21.0,0.26666666666666666,136.57142857142858,0.46306376866720533,2.989021278619766,7,8
2834,10.0,0.6666666666666666,170.0,0.46299768375115286,2.9911319959163665,6,0
2835,-52.0,0.2631578947368421,215.75,0.46285728840723844,2.995699145793915,8,11
2836,-10.0,0.42857142857142855,189.8,0.46281600474261536,2.992900323867798,5,2
2837,-110.0,0.21428571428571427,252.16666666666666,0.4625766408820943,3.031474437713623,6,8
2838,-21.0,0.375,241.0,0.46243638866842185,3.0168848955631256,5,3
2839,-18.0,0.5,224.42857142857142,0.46237040412513913,3.0288330376148225,7,1
2840,44.0,1.0,222.2,0.4623291691465099,3.0238120806217195,5,0
2841,-44.0,0.5,198.625,0.4622302220200449,3.055228524208069,8,4
2842,-44.0,0.2727272727272727,173.2,0.4621148137157958,3.0253038358688356,5,6
2843,-67.0,0.3157894736842105,209.5,0.4619500007550992,3.075522457361221,8,11
2844,-43.0,0.5,227.11111111111111,0.4618511446181289,2.992620517015457,9,3
2845,-58.0,0.4,53.666666666666664,0.46176054733237976,2.930317895412445,6,4
2846,-55.0,0.4,252.125,0.461612340214222,2.9659505772590635,8,2
2847,-18.0,0.3333333333333333,247.33333333333334,0.46148887503286096,2.993978490829468,9,9
2848,-43.0,0.4444444444444444,172.125,0.4614148137010748,3.027012140750885,8,1
2849,-20.0,0.5454545454545454,234.375,0.46127495644149785,2.981114857196808,8,3
2850,-45.0,0.4,195.71428571428572,0.46119270967516035,2.983258093595505,7,3
2851,-23.0,0.3333333333333333,94.28571428571429,0.46108581346775396,3.0465125155448916,7,5
2852,-30.0,0.2857142857142857,309.125,0.46086388705400594,3.018739495277405,8,13
2853,47.0,0.8181818181818182,176.4,0.460773506941031,3.0254446339607237,10,1
2854,-27.0,0.36363636363636365,319.85714285714283,0.4606256550934616,2.9783104276657104,7,4
2855,-56.0,0.4,244.71428571428572,0.4605353273857532,2.97276052236557,7,3
2856,-68.0,0.42857142857142855,178.11111111111111,0.46041218525977995,2.9755818283557893,9,5
2857,-45.0,0.4444444444444444,207.875,0.4603301110304245,2.989284896850586,8,1
2858,-38.0,0.2857142857142857,214.0,0.4601988264015556,2.9530495297908783,8,6
2859,-1.0,0.6,210.0,0.46015780856984123,2.9600820434093476,5,0
2860,-73.0,0.375,226.25,0.4600183786193623,2.946682063341141,8,8
2861,11.0,0.75,241.42857142857142,0.4597560508108987,2.965996037721634,7,1
2862,-24.0,0.4,135.83333333333334,0.45957579780711083,2.9687907195091245,6,4
2863,-24.0,0.3333333333333333,138.33333333333334,0.45947751141047655,2.9499365961551667,6,6
2864,-59.0,0.05555555555555555,209.66666666666666,0.45940381209156034,3.020135772228241,3,15
2865,9.0,0.6666666666666666,123.8,0.45934649956983764,3.0213072991371153,5,1
2866,-50.0,0.375,285.6666666666667,0.45915824348225526,3.023977656364441,6,2
2867,-153.0,0.2777777777777778,131.36363636363637,0.45900279288721557,2.933551080226898,11,7
2868,-39.0,0.15384615384615385,147.6,0.4588801104526347,2.8754846596717836,5,8
2869,-60.0,0.4666666666666667,93.0,0.4587492897497187,2.8144459080696107,8,7
2870,-24.0,0.3157894736842105,217.25,0.45859399452757477,2.772002809047699,8,11
2871,-25.0,0.3333333333333333,238.33333333333334,0.4585449661899905,2.7599484848976137,6,3
2872,-94.0,0.2727272727272727,140.16666666666666,0.45844692716325874,2.751501035690308,6,5
2873,-13.0,0.5555555555555556,116.625,0.45837341333281256,2.751239640712738,8,1
2874,-13.0,0.42857142857142855,152.1,0.4581529512197406,2.880647122859955,10,11
2875,-5.0,0.46153846153846156,138.625,0.45802236317055256,2.8813710713386538,8,5
2876,-2.0,0.375,207.85714285714286,0.45787550155648776,2.870914229154587,7,9
2877,-51.0,0.18181818181818182,128.75,0.45779393461314266,2.8799306499958037,4,7
2878,-67.0,0.3333333333333333,207.71428571428572,0.45760639254120417,2.9478627181053163,7,2
2879,38.0,0.7333333333333333,163.58333333333334,0.4574841289638954,2.8935235571861266,12,3
2880,10.0,0.7142857142857143,187.14285714285714,0.45742708517899855,2.8684349918365477,7,0
2881,-58.0,0.2857142857142857,235.0,0.45737004937967257,2.82675994515419,5,2
2882,-50.0,0.375,239.83333333333334,0.45723971181899303,2.8357188761234284,6,2
2883,-58.0,0.3333333333333333,260.0,0.4569791617883321,2.9078796124458313,5,4
2884,-97.0,0.21428571428571427,135.5,0.45680826643091826,2.8315147840976715,6,8
2885,-27.0,0.5,209.77777777777777,0.45672691291325507,2.837329285144806,9,1
2886,-1.0,0.6,122.25,0.45668624225553045,2.841121516227722,4,1
2887,7.0,0.2727272727272727,226.0,0.45665370865751126,2.8632312202453614,4,7
2888,-13.0,0.5714285714285714,252.71428571428572,0.456588649269016,2.873089985847473,7,0
2889,62.0,0.8181818181818182,196.36363636363637,0.4564992096049006,2.8679414129257204,11,0
2890,-16.0,0.4,197.2,0.456409789615347,2.86716543674469,5,5
2891,-43.0,0.4444444444444444,252.8,0.4563366424366598,2.8905011892318724,5,4
2892,-22.0,0.42857142857142855,204.8,0.45623100864261457,2.884601535797119,5,2
2893,28.0,1.0,207.0,0.4562066355132972,2.9041991376876832,3,0
2894,-7.0,0.35,87.75,0.456084791800114,2.94999125123024,8,12
2895,9.0,0.5,240.8,0.45599546297244936,2.9369828367233275,5,3
2896,-41.0,0.4444444444444444,244.2,0.4557762846059292,3.027375130653381,5,4
2897,-57.0,0.25,184.2,0.45564645696838524,2.9765130722522737,5,3
2898,-82.0,0.2727272727272727,256.42857142857144,0.45544368443725824,3.0140942680835723,7,4
2899,19.0,0.5714285714285714,148.22222222222223,0.4552491181683685,2.95315905213356,9,5
2900,-1.0,0.38461538461538464,206.71428571428572,0.45512756166730484,2.994087516069412,7,6
2901,-43.0,0.18181818181818182,102.8,0.4550789492767065,3.0453207528591157,5,6
2902,-6.0,0.5714285714285714,146.0,0.45502224219339626,3.0744560110569,7,0
2903,-29.0,0.42857142857142855,251.28571428571428,0.45495744381865355,3.077452312707901,7,0
2904,50.0,1.0,121.6,0.4549169500989914,3.0885227525234225,5,0
2905,-18.0,0.25,139.25,0.4548845580386832,3.1324249744415282,4,4
2906,-46.0,0.2777777777777778,193.11111111111111,0.4546983539722041,3.2821522784233093,9,9
2907,-49.0,0.25,169.0,0.45451223553989817,3.3760367465019225,7,13
2908,-75.0,0.0625,147.33333333333334,0.45441516425238904,3.3769029426574706,6,10
2909,-120.0,0.35294117647058826,146.8181818181818,0.4542776864690908,3.41429411649704,11,6
2910,25.0,0.75,239.0,0.45400287109011017,3.482691562175751,6,2
2911,-29.0,0.4,121.4,0.45396247282294816,3.4472773385047915,5,0
2912,-134.0,0.26666666666666666,204.57142857142858,0.4538251489285733,3.3788481831550596,7,8
2913,-61.0,0.21428571428571427,181.16666666666666,0.45370401955420936,3.286588423252106,6,8
2914,-67.0,0.125,221.25,0.4535909982524548,3.325397469997406,4,12
2915,7.0,0.75,126.33333333333333,0.45332471607639235,3.3081752181053163,3,1
2916,16.0,0.6666666666666666,98.6,0.45317954531091054,3.2606239795684813,5,1
2917,-19.0,0.21428571428571427,59.75,0.45304248756664167,3.193832688331604,4,10
2918,-56.0,0.4,267.8333333333333,0.45295382797228995,3.2758818817138673,6,4
2919,-39.0,0.42857142857142855,168.0,0.45286518788090363,3.2821721196174622,7,0
2920,-72.0,0.17647058823529413,155.66666666666666,0.4527926786731095,3.235901141166687,6,11
2921,-21.0,0.5,176.5,0.45274434645166,3.216379151344299,6,0
2922,-50.0,0.4444444444444444,263.5,0.45251082245922236,3.137790858745575,6,3
2923,-149.0,0.21052631578947367,174.88888888888889,0.45237399204207523,3.123174409866333,9,10
2924,-97.0,0.10526315789473684,144.16666666666666,0.4522372081393621,3.116368099451065,6,13
2925,23.0,0.3333333333333333,160.16666666666666,0.45218894257037745,3.1190190613269806,6,9
2926,-41.0,0.4,229.1818181818182,0.4519878983643322,3.123739672899246,11,4
2927,-24.0,0.3333333333333333,97.0,0.45186732008246944,3.1675661718845367,7,8
2928,-62.0,0.5,197.30769230769232,0.4517226738851175,3.1502039337158205,13,5
2929,-38.0,0.42105263157894735,213.22222222222223,0.451521862755141,3.108704320192337,9,10
2930,-91.0,0.1875,218.0,0.4512729963567883,3.0753652584552764,6,10
2931,-21.0,0.5,253.0,0.45120077371767664,3.0897090923786164,7,1
2932,-9.0,0.8,307.75,0.4507917575621856,3.045006676912308,4,1
2933,-108.0,0.05555555555555555,135.8,0.4507035930739712,3.0799805891513823,5,13
2934,-60.0,0.4,150.42857142857142,0.45062346036889406,3.074473284482956,7,3
2935,-69.0,0.4375,252.3,0.45044722482099553,3.0355087864398955,10,6
2936,-31.0,0.4,251.14285714285714,0.4502390463951703,3.071901683807373,7,3
2937,-56.0,0.2631578947368421,153.57142857142858,0.4501109903903773,3.09165887594223,7,12
2938,-35.0,0.4444444444444444,201.22222222222223,0.45003897689351624,3.129824672937393,9,0
2939,-58.0,0.2857142857142857,164.0,0.449966976357918,3.0944913017749784,6,1
2940,-99.0,0.10526315789473684,221.0,0.44985500128177996,3.086124995946884,6,13
2941,25.0,0.35714285714285715,151.5,0.44980702156046704,3.1296084666252137,6,8
2942,-91.0,0.29411764705882354,165.44444444444446,0.4496711102793635,3.0729826855659486,9,8
2943,46.0,1.0,184.0,0.44963114516662456,3.0597471737861635,5,0
2944,-126.0,0.2,252.75,0.449415402603969,2.9402772128582,8,7
2945,-129.0,0.16666666666666666,192.2,0.4492716389380441,2.9007644605636598,5,7
2946,-52.0,0.4,224.0,0.4488326816060064,2.882141488790512,3,2
2947,-65.0,0.3333333333333333,208.85714285714286,0.44876089818401915,2.9047527253627776,7,2
2948,-53.0,0.1875,262.6666666666667,0.4486093978295996,2.949558665752411,6,10
2949,-62.0,0.3,158.75,0.44848983294588,3.0214679324626923,8,12
2950,10.0,0.45454545454545453,251.28571428571428,0.4484340482742857,2.991539341211319,7,4
2951,-40.0,0.42857142857142855,201.83333333333334,0.44833843557668257,2.955741574764252,6,1
2952,-9.0,0.5,109.0,0.4480995042019169,3.017456910610199,2,2
2953,10.0,0.6666666666666666,202.16666666666666,0.4480278527399856,3.0153260350227358,6,0
2954,-25.0,0.375,161.14285714285714,0.44788458850210927,3.0113895773887633,7,9
2955,10.0,0.35714285714285715,181.57142857142858,0.447828888558806,3.0207516992092134,7,7
2956,-56.0,0.2727272727272727,151.83333333333334,0.4476777423007614,2.966446155309677,6,5
2957,18.0,0.75,121.75,0.44764592935391223,2.984393128156662,4,0
2958,-9.0,0.625,170.14285714285714,0.44758231109481206,3.0180329525470735,7,1
2959,-112.0,0.29411764705882354,261.0,0.4474312585184032,3.0615594458580015,8,9
2960,-17.0,0.6,269.0833333333333,0.44731204702346605,3.0701424884796142,12,3
2961,-113.0,0.2631578947368421,246.22222222222223,0.44709755643574417,3.119892543554306,9,10
2962,-140.0,0.1875,176.33333333333334,0.4469228719443188,3.1168817901611328,6,10
2963,-14.0,0.6,227.22222222222223,0.44682762188551645,3.1239744210243225,9,1
2964,-9.0,0.42857142857142855,70.25,0.4467323946839852,3.0725449967384337,4,3
2965,-69.0,0.2,188.5,0.44657373346047174,3.059534146785736,6,14
2966,-75.0,0.4444444444444444,131.69230769230768,0.4463437873858725,3.0631528270244597,13,5
2967,-8.0,0.5714285714285714,134.8,0.4462883031396263,3.025067843198776,5,2
2968,-19.0,0.5,231.66666666666666,0.4462169776645465,3.04093435049057,6,2
2969,-25.0,0.5384615384615384,173.125,0.4460664438162766,3.0270608258247376,8,5
2970,-84.0,0.15789473684210525,150.66666666666666,0.44594764170433954,3.103091094493866,6,13
2971,-163.0,0.07142857142857142,206.75,0.4457180586576705,3.00601270198822,4,10
2972,-8.0,0.6,300.8,0.4456784888303291,2.9881360924243925,5,0
2973,-55.0,0.46153846153846156,196.36363636363637,0.4455360702112397,3.049088786840439,11,2
2974,-62.0,0.23529411764705882,282.375,0.4454095189180589,3.113544805049896,8,9
2975,-12.0,0.5555555555555556,160.6,0.4452513867390359,3.096731653213501,5,4
2976,-51.0,0.2857142857142857,182.8,0.44508541601289775,3.0442294239997865,10,11
2977,-83.0,0.375,247.88888888888889,0.44495110980480257,2.9980145823955535,9,7
2978,19.0,0.8,150.4,0.4449116166685118,2.99388716340065,5,0
2979,-31.0,0.5,168.2,0.4447221045790511,2.8407109570503235,5,3
2980,-21.0,0.25,155.25,0.4446589540944919,2.775948052406311,4,4
2981,24.0,0.625,161.75,0.44450112208136117,2.7986353504657746,12,4
2982,-19.0,0.375,133.75,0.4443749019185982,2.7745896649360655,8,8
2983,-12.0,0.2857142857142857,217.14285714285714,0.44426449240411436,2.7989275133609772,7,14
2984,-97.0,0.2222222222222222,195.6,0.44402800466208914,2.8668721425533295,5,4
2985,0.0,0.6666666666666666,212.5,0.4439807241384179,2.863235512971878,6,0
2986,-4.0,0.6363636363636364,122.45454545454545,0.4438940579127418,2.8782000601291657,11,0
2987,-68.0,0.11764705882352941,229.6,0.4438074107515382,2.9116881108283996,5,12
2988,-101.0,0.2,210.2,0.4436341736057745,2.8486283206939698,5,10
2989,-20.0,0.5,173.85714285714286,0.4435711971762463,2.8781080734729767,7,1
2990,-23.0,0.15384615384615385,191.5,0.44349249080771025,2.8813272774219514,4,9
2991,5.0,0.6666666666666666,202.33333333333334,0.4434295370456163,2.89800607919693,6,0
2992,26.0,0.8571428571428571,282.5,0.44305988704351296,2.8717018234729768,6,1
2993,-10.0,0.5,165.0,0.4430205830200425,2.8314046275615694,4,0
2994,-15.0,0.5714285714285714,149.66666666666666,0.4429655639898417,2.797089740037918,6,1
2995,-17.0,0.5,176.16666666666666,0.44291055266176593,2.755326260328293,6,0
2996,-30.0,0.5,286.6666666666667,0.44284769200232693,2.778876173496246,6,2
2997,-16.0,0.5714285714285714,145.83333333333334,0.4426905843491514,2.7407871890068054,6,1
2998,-99.0,0.29411764705882354,199.25,0.44258064637756794,2.7973311948776245,8,9
2999,12.0,0.75,139.0,0.44236871005648076,2.80201194524765,3,1
3000,-68.0,0.1,218.4,0.4421568881501123,2.835967466831207,5,15
3001,-23.0,0.23076923076923078,253.6,0.4420784646150972,2.931029288768768,5,8
3002,-95.0,0.26666666666666666,92.14285714285714,0.4419373417714717,3.0303907668590546,7,8
3003,7.0,0.6666666666666666,168.16666666666666,0.4418746368133187,3.052463582754135,6,0
3004,-85.0,0.1875,136.0,0.44171008402436174,3.176353312730789,6,10
3005,-65.0,0.2727272727272727,97.2,0.44154560033306456,3.263883104324341,5,6
3006,-103.0,0.15789473684210525,137.16666666666666,0.44143598291212643,3.3339956426620483,6,13
3007,-3.0,0.3157894736842105,215.5,0.4413107434369793,3.313425245285034,8,11
3008,17.0,0.7142857142857143,155.85714285714286,0.44125596376756443,3.335082998275757,7,0
3009,-4.0,0.2,154.83333333333334,0.44118554403205257,3.348912465572357,6,14
3010,-16.0,0.2631578947368421,268.2857142857143,0.4410760274127658,3.343138622045517,7,12
3011,4.0,0.7142857142857143,221.16666666666666,0.4408180023922964,3.308132988214493,6,1
3012,-30.0,0.42857142857142855,128.4,0.4407476614827376,3.301533366441727,5,2
3013,-1.0,0.4444444444444444,185.63636363636363,0.4406148298604889,3.2633554482460023,11,7
3014,-45.0,0.4,201.375,0.44043518835946593,3.2321379673480988,8,7
3015,64.0,0.8888888888888888,273.55555555555554,0.44036491635023184,3.193359626531601,9,0
3016,43.0,1.0,141.75,0.44032588181035626,3.1678193652629854,4,0
3017,43.0,1.0,128.0,0.440294656988821,3.164366397857666,4,0
3018,-57.0,0.45454545454545453,284.3333333333333,0.44014637319487043,3.1361266040802,9,2
3019,-12.0,0.6,128.33333333333334,0.44006835172263875,3.0856815457344053,9,1
3020,-26.0,0.5,58.42857142857143,0.439943549819457,3.0840644693374633,7,3
3021,8.0,0.6,135.875,0.43987336629719603,3.048875516653061,8,2
3022,-17.0,0.5833333333333334,123.625,0.43977201239853647,3.1026316142082213,8,4
3023,-149.0,0.125,172.0,0.4396005504374788,2.993289021253586,5,11
3024,-24.0,0.2,189.66666666666666,0.4394914775542726,3.0631592619419097,6,14
3025,16.0,0.75,201.5,0.4394603194824077,3.0738667953014374,4,0
3026,11.0,0.7142857142857143,168.4,0.43936686022129195,3.0219438672065735,5,2
3027,-18.0,0.4444444444444444,142.33333333333334,0.43928120893403033,3.040573925971985,6,3
3028,-6.0,0.4,266.25,0.43916444208725286,3.087373287677765,8,7
3029,-75.0,0.14285714285714285,122.4,0.43904771026527545,3.1037548065185545,5,16
3030,-8.0,0.6,279.2,0.43900880743942267,3.082882409095764,5,0
3031,25.0,0.8,225.8,0.4389621291832813,3.109073452949524,5,0
3032,13.0,0.7142857142857143,165.71428571428572,0.4389076782968466,3.1498998546600343,7,0
3033,-61.0,0.2857142857142857,201.75,0.4387132730630568,3.148977346420288,4,3
3034,-96.0,0.18181818181818182,220.2,0.43862776554915434,3.1431284737586975,5,6
3035,-35.0,0.42857142857142855,218.66666666666666,0.4385578188467475,3.1493779504299164,6,1
3036,-49.0,0.3076923076923077,184.57142857142858,0.4384878847336141,3.179675623178482,7,6
3037,-16.0,0.1875,245.0,0.4383791233531925,3.1346612763404846,4,12
3038,-110.0,0.2,170.83333333333334,0.43830145529558656,3.1311275112628936,6,4
3039,5.0,0.42857142857142855,213.42857142857142,0.4380918291138899,3.0806628286838533,7,7
3040,-152.0,0.15,179.2,0.4378900738236724,3.0392992198467255,5,15
3041,-60.0,0.06666666666666667,178.75,0.4377194397334427,3.053973191976547,4,11
3042,-14.0,0.5333333333333333,190.22222222222223,0.43754888070569775,3.070076911449432,9,6
3043,-89.0,0.15384615384615385,232.25,0.4372854370478129,3.0612609589099886,4,9
3044,-22.0,0.2631578947368421,205.5,0.4371460393835608,3.075787835121155,8,11
3045,-88.0,0.15,181.0,0.43703765366724184,3.069410762786865,5,15
3046,-50.0,0.375,209.0,0.43697573259647277,3.03394455909729,5,3
3047,-26.0,0.5,215.33333333333334,0.43672041287773444,3.0942460322380065,3,1
3048,2.0,0.5714285714285714,132.5,0.43666627580961476,3.0723941695690153,6,1
3049,-25.0,0.1111111111111111,234.33333333333334,0.43661214632015405,3.062909914255142,3,6
3050,43.0,0.8571428571428571,112.16666666666667,0.43655029332511436,3.0180290961265563,6,1
3051,-157.0,0.15384615384615385,215.0,0.43644980331311745,2.972830979824066,7,6
3052,-19.0,0.5,111.0,0.4363416125156084,3.0295201778411864,4,4
3053,-33.0,0.3333333333333333,217.33333333333334,0.43606354667031383,2.9238032150268554,3,3
3054,38.0,0.7272727272727273,90.875,0.43593230737639016,2.8933807957172393,8,3
3055,-18.0,0.5555555555555556,229.77777777777777,0.4358551286330465,2.906392055749893,9,0
3056,-74.0,0.2,148.75,0.4356236849959011,2.804891970157623,4,11
3057,-114.0,0.10526315789473684,170.2,0.43549259522952566,2.7533113777637483,5,14
3058,-64.0,0.4666666666666667,284.90909090909093,0.43534613587237864,2.7372710156440734,11,4
3059,-62.0,0.4666666666666667,204.11111111111111,0.43521514045666465,2.752230192422867,9,6
3060,-35.0,0.25,187.0,0.43512269991626357,2.8164686727523804,6,10
3061,-23.0,0.3888888888888889,103.125,0.43489939351542845,2.94808859705925,8,10
3062,-1.0,0.4444444444444444,261.8333333333333,0.4347762454142506,3.014333984851837,6,3
3063,-31.0,0.5,96.125,0.4346146733236907,3.0479914820194245,8,2
3064,-60.0,0.16666666666666666,191.16666666666666,0.4345069962906482,3.0906170535087587,6,12
3065,-4.0,0.4666666666666667,88.33333333333333,0.43442241405585125,3.124506425857544,9,6
3066,-45.0,0.375,158.57142857142858,0.43436091138994676,3.092506979703903,7,1
3067,-15.0,0.5,121.8,0.4343071046289133,3.0415036046504973,5,1
3068,2.0,0.6,232.2,0.43425330540029916,3.0308405601978303,5,0
3069,-21.0,0.5,167.2,0.4340919528984283,2.9823445069789885,5,1
3070,-18.0,0.5,299.6666666666667,0.43404586462943195,2.9586168611049652,6,0
3071,36.0,0.3684210526315789,166.25,0.433953704681557,2.9463100469112398,8,11
3072,12.0,0.7142857142857143,223.66666666666666,0.4338999549254723,2.9855921876430513,6,1
3073,-27.0,0.5,198.6,0.4338155062250863,3.019029537439346,10,0
3074,-1.0,0.23529411764705882,159.16666666666666,0.4337387507996397,2.966901286840439,6,11
3075,28.0,0.38095238095238093,151.44444444444446,0.4335699428897515,2.9370890855789185,9,12
3076,-9.0,0.5,119.0,0.4333398699528009,2.967330037355423,2,2
3077,-45.0,0.2857142857142857,271.5,0.43315591096891165,3.0035196328163147,6,8
3078,-57.0,0.375,201.85714285714286,0.4330946109272908,3.0166700434684754,7,1
3079,3.0,0.6,133.25,0.43304864233215035,3.0175562143325805,4,1
3080,-2.0,0.2,144.2,0.4329720402641461,2.9789833307266234,5,10
3081,-52.0,0.38461538461538464,224.57142857142858,0.4327193621105347,2.9395192754268646,7,6
3082,-6.0,0.21052631578947367,106.2,0.4326198680111793,2.9199799036979677,5,14
3083,-42.0,0.42857142857142855,207.0,0.4325663049791575,2.9409681820869444,7,0
3084,7.0,0.23809523809523808,83.83333333333333,0.43249744924146355,2.8931245684623716,6,15
3085,-125.0,0.29411764705882354,186.6,0.43230624832105624,2.8382529151439666,10,7
3086,-136.0,0.26666666666666666,175.375,0.4321915736486209,2.84471831202507,8,7
3087,-41.0,0.16666666666666666,242.75,0.43205400944514966,2.835027607679367,4,8
3088,-14.0,0.4166666666666667,224.0,0.4319088565023663,2.85752788066864,8,4
3089,43.0,0.7272727272727273,104.36363636363636,0.43182484579545244,2.801535246372223,11,0
3090,-44.0,0.4444444444444444,209.0,0.4317561235084006,2.794392786026001,8,1
3091,-16.0,0.25,199.66666666666666,0.4315958196027037,2.8637610375881195,6,10
3092,-64.0,0.36363636363636365,221.14285714285714,0.4313516764123123,2.9225210916996,7,4
3093,40.0,0.8,167.55555555555554,0.431275413703555,2.908919086456299,9,1
3094,7.0,0.6,56.8,0.4312220388819612,2.9067908668518068,5,0
3095,-33.0,0.25,237.57142857142858,0.43115342509038895,2.940458126068115,7,9
3096,-140.0,0.15,184.33333333333334,0.43098575447358994,2.9415978825092317,6,14
3097,-64.0,0.3,190.28571428571428,0.4308486242868941,2.8527714586257935,7,3
3098,22.0,0.8571428571428571,278.3333333333333,0.43049079478627783,2.83416530251503,6,1
3099,51.0,0.875,209.625,0.4304299211291345,2.8553036880493163,8,0
3100,-28.0,0.19047619047619047,167.71428571428572,0.43035384275299987,2.8197862088680266,7,14
3101,-32.0,0.25,165.75,0.43032341566267945,2.895518709421158,4,0
3102,-41.0,0.3333333333333333,259.2,0.43016371336793063,3.0058331823349,10,8
3103,-52.0,0.375,244.0,0.43008768822802446,3.1591250586509703,7,1
3104,-52.0,0.4,186.0,0.4299964781284995,3.191470034122467,8,2
3105,-2.0,0.47619047619047616,142.7,0.42979133542382536,3.348880453109741,10,11
3106,-28.0,0.5,173.8,0.42973057367122736,3.4064070546627043,5,3
3107,8.0,0.6666666666666666,128.66666666666666,0.42966222831923273,3.426278029680252,9,0
3108,-18.0,0.4444444444444444,131.75,0.4294269106936768,3.4539412379264833,4,5
3109,-15.0,0.375,267.625,0.4293206860308293,3.4252941513061526,8,8
3110,-35.0,0.46153846153846156,175.91666666666666,0.4292296599897438,3.421382224559784,12,1
3111,-21.0,0.16666666666666666,100.8,0.4291007438223376,3.3403925597667694,5,13
3112,-7.0,0.45454545454545453,217.16666666666666,0.42896429211734216,3.2489582121372225,6,5
3113,-46.0,0.375,131.375,0.4289036626810876,3.2265725648403167,8,0
3114,-106.0,0.375,274.9,0.4287445565573864,3.280242657661438,10,6
3115,-98.0,0.2727272727272727,204.71428571428572,0.42862337768894104,3.291828763484955,7,4
3116,-3.0,0.3333333333333333,94.71428571428571,0.4285173779838394,3.2312944531440735,7,11
3117,-31.0,0.4,147.5,0.4284795281385648,3.2363752222061155,4,1
3118,-119.0,0.3333333333333333,180.36363636363637,0.42832060011396805,3.2729834961891173,11,10
3119,-22.0,0.35294117647058826,178.25,0.42819199297438193,3.3057726335525515,8,9
3120,-38.0,0.2857142857142857,247.8,0.4280936758379902,3.369305124282837,5,2
3121,-34.0,0.42857142857142855,217.0,0.42801806466419196,3.3344216549396517,6,1
3122,-129.0,0.15,157.66666666666666,0.4278291028762436,3.219277408123016,6,14
3123,14.0,0.4166666666666667,173.16666666666666,0.42770821690610994,3.2313846588134765,6,6
3124,30.0,0.8333333333333334,284.6666666666667,0.42766289463947166,3.2057347548007966,6,0
3125,13.0,0.6666666666666666,169.16666666666666,0.42761002553514577,3.2442850983142852,6,0
3126,-29.0,0.36363636363636365,129.66666666666666,0.42744391367120027,3.19780388712883,6,5
3127,-38.0,0.42857142857142855,211.33333333333334,0.42736843243684114,3.1457260704040526,6,1
3128,19.0,0.8,247.6,0.42733069748037666,3.105789897441864,5,0
3129,-13.0,0.5714285714285714,234.6,0.4272778748803977,3.206275022029877,5,2
3130,-79.0,0.29411764705882354,180.57142857142858,0.4271043669678321,3.256385496854782,7,10
3131,-48.0,0.2727272727272727,211.75,0.426930938850552,3.247038527727127,4,7
3132,-65.0,0.2857142857142857,208.16666666666666,0.4268781722128638,3.22207178235054,6,1
3133,-2.0,0.2857142857142857,160.875,0.42678019662546673,3.241179165840149,8,13
3134,37.0,0.8333333333333334,196.83333333333334,0.42670484812124315,3.295593181848526,6,0
3135,-57.0,0.4,143.5,0.42662951468521365,3.2908218896389005,8,2
3136,-148.0,0.09090909090909091,125.2,0.4265466653057488,3.2770438373088835,5,6
3137,-30.0,0.4,99.0,0.42649395246259114,3.2343980717658996,4,1
3138,11.0,0.7142857142857143,162.0,0.42643371824906273,3.2322892642021177,5,2
3139,-3.0,0.6666666666666666,317.0,0.42632833156277755,3.172675268650055,6,0
3140,-26.0,0.5,130.4,0.4262681238464732,3.160093101263046,5,3
3141,24.0,0.4375,116.66666666666667,0.42616278352013015,3.2350570166110995,9,7
3142,-109.0,0.19047619047619047,206.4,0.4259672297210939,3.1872778010368346,10,11
3143,-13.0,0.42857142857142855,144.6,0.42586949094795756,3.2053643798828126,5,2
3144,-53.0,0.26666666666666666,160.77777777777777,0.42580184052830733,3.1738192987442018,9,6
3145,-31.0,0.42857142857142855,218.42857142857142,0.42574923195331954,3.1843976759910584,7,0
3146,-11.0,0.5,188.0,0.4257041447507714,3.1927806687355043,5,1
3147,-115.0,0.2,219.16666666666666,0.4255764270547948,3.1945116329193115,6,4
3148,-52.0,0.4,234.0,0.4251635201254804,3.110250997543335,3,2
3149,-72.0,0.2857142857142857,263.8,0.42478104842867814,3.1301492035388945,5,2
3150,-48.0,0.2222222222222222,194.33333333333334,0.42460868879215663,3.100768275260925,3,6
3151,-11.0,0.5714285714285714,207.16666666666666,0.42455624724671953,3.1090621399879455,6,1
3152,-2.0,0.29411764705882354,125.42857142857143,0.42443640842283503,3.1060555720329286,7,10
3153,-60.0,0.4,131.0,0.42434655446771946,3.182195339202881,7,3
3154,-24.0,0.3333333333333333,227.57142857142858,0.42424923701537487,3.109170674085617,7,5
3155,-47.0,0.4444444444444444,137.0,0.424181878215186,3.086218560934067,7,2
3156,-51.0,0.375,87.4,0.42412201390394416,3.0760367488861085,5,3
3157,-89.0,0.3125,123.25,0.4239574364275264,3.063632539510727,8,8
3158,14.0,0.26666666666666666,226.8,0.423897608024098,3.03547421336174,5,10
3159,27.0,0.8,75.0,0.4238527430030901,3.042458907365799,5,0
3160,4.0,0.6666666666666666,169.71428571428572,0.4236808102888648,3.0215697824954986,7,2
3161,-21.0,0.75,281.6666666666667,0.42331478247770354,3.096502653360367,3,1
3162,-8.0,0.4375,150.66666666666666,0.4231878770268103,3.1150654804706575,9,7
3163,17.0,0.6666666666666666,123.84615384615384,0.422993869777013,3.0712351310253143,13,2
3164,-3.0,0.6,186.4,0.42294165429041347,3.0658997404575348,5,0
3165,-46.0,0.4444444444444444,222.66666666666666,0.4227403201622037,3.0280010879039763,6,3
3166,-37.0,0.5384615384615384,239.44444444444446,0.4224720437227946,2.9828058457374573,9,4
3167,-27.0,0.42857142857142855,102.0,0.4223901088863381,2.9229285454750062,6,1
3168,-45.0,0.4444444444444444,216.28571428571428,0.4223230846990964,3.0255894088745117,7,2
3169,-6.0,0.2222222222222222,161.16666666666666,0.4222486275281219,3.0380256748199463,6,12
3170,-74.0,0.1875,108.8,0.4221071999226081,3.0722787630558015,5,11
3171,11.0,0.625,185.625,0.422040226654397,3.065996116399765,8,0
3172,4.0,0.5,212.5,0.4218542530383482,3.026448127031326,10,6
3173,-87.0,0.2222222222222222,178.125,0.42171297526667034,3.007280865907669,8,10
3174,-15.0,0.5714285714285714,114.33333333333333,0.42166093909275015,3.004210058450699,6,1
3175,-73.0,0.15789473684210525,208.0,0.42156431980963716,2.967874232530594,5,14
3176,35.0,1.0,249.0,0.42154202661925094,2.986138080358505,3,0
3177,-47.0,0.3333333333333333,217.0,0.4214751550730792,3.009603582620621,7,5
3178,-67.0,0.17647058823529413,192.57142857142858,0.4214082955627025,2.984411495923996,7,10
3179,26.0,0.8,157.0,0.4213711565901258,3.004305752515793,5,0
3180,-40.0,0.42857142857142855,130.83333333333334,0.42131916826747073,3.003296723365784,6,1
3181,-125.0,0.2,177.4,0.42113355509049816,3.008623104095459,5,10
3182,4.0,0.6666666666666666,75.0,0.421089021735942,2.9807054674625397,6,0
3183,-52.0,0.375,165.25,0.42102965224215044,3.0079531610012054,8,0
3184,-70.0,0.15789473684210525,194.5,0.4209331970722829,3.0453597474098206,6,13
3185,18.0,0.5,140.0,0.420873852508443,3.045097279548645,8,4
3186,-35.0,0.375,156.25,0.4207700223666389,2.938224757909775,4,4
3187,-27.0,0.42857142857142855,149.0,0.42057727207442747,2.9886776435375215,6,8
3188,4.0,0.6666666666666666,265.625,0.42048093450811447,3.0026514041423797,8,1
3189,17.0,0.7142857142857143,131.28571428571428,0.4204290708078271,3.0213513100147247,7,0
3190,-61.0,0.25,136.66666666666666,0.4202513075204414,2.970007395744324,6,10
3191,6.0,0.625,84.83333333333333,0.4201106387523422,2.967951031923294,6,2
3192,-15.0,0.5714285714285714,145.33333333333334,0.4200588268898319,2.9642533457279203,6,1
3193,12.0,0.1875,182.75,0.4200292233678373,2.9566925299167632,4,12
3194,-57.0,0.16666666666666666,231.0,0.41963720020005285,3.0031552791595457,2,4
3195,-87.0,0.23076923076923078,214.33333333333334,0.4194672061895808,3.0425562727451325,6,7
3196,19.0,0.75,225.5,0.4193933201371944,3.014322944879532,8,0
3197,-65.0,0.14285714285714285,110.4,0.4192677477568621,3.024641612768173,5,9
3198,-38.0,0.3,133.75,0.41912745267046914,3.0240314400196073,8,12
3199,11.0,0.26666666666666666,140.0,0.4190388727118485,2.8888603138923643,5,10
3200,-23.0,0.3888888888888889,147.44444444444446,0.4188912866819375,2.8509050571918486,9,9
3201,-51.0,0.5,172.125,0.41878801158085543,2.916757835149765,8,6
3202,6.0,0.45454545454545453,181.66666666666666,0.4185815481095377,3.0594018483161927,6,5
3203,41.0,1.0,146.25,0.4185520627651184,3.097505612373352,4,0
3204,-5.0,0.6,120.0,0.41850783917105533,3.1351478719711303,4,1
3205,-116.0,0.375,204.125,0.41830153255236424,3.337758468389511,8,8
3206,-1.0,0.6,211.5,0.41826470424055534,3.3327268064022064,4,1
3207,-21.0,0.5555555555555556,154.75,0.4181836949169747,3.362987557649612,8,1
3208,2.0,0.3157894736842105,206.0,0.4180806179138518,3.3703770101070405,7,12
3209,-10.0,0.5454545454545454,245.33333333333334,0.41794077385109923,3.431018775701523,9,2
3210,-159.0,0.15789473684210525,158.28571428571428,0.41775684944910596,3.3916675341129303,7,12
3211,18.0,0.6666666666666666,212.33333333333334,0.41768330543386284,3.4586136758327486,6,0
3212,-18.0,0.1875,96.8,0.4175950720289908,3.4557879066467283,5,11
3213,57.0,1.0,271.0,0.4175362615224322,3.472818932533264,5,0
3214,7.0,0.6666666666666666,137.16666666666666,0.4174701109490883,3.4814721071720123,6,3
3215,3.0,0.3684210526315789,193.44444444444446,0.41733049883490936,3.4319794380664828,9,10
3216,-80.0,0.2,175.33333333333334,0.41722031621347844,3.395385979413986,6,14
3217,-42.0,0.5555555555555556,242.53846153846155,0.41708814069266287,3.389986010789871,13,5
3218,21.0,0.8333333333333334,222.16666666666666,0.4169633519401174,3.314046267271042,6,0
3219,0.0,0.29411764705882354,251.75,0.4168899666085072,3.304575470685959,8,9
3220,31.0,0.7777777777777778,192.75,0.41682393235777854,3.2887435853481293,8,1
3221,-3.0,0.2222222222222222,151.83333333333334,0.4167725806019552,3.2819097673892976,6,12
3222,-19.0,0.42857142857142855,212.0,0.41668456574481605,3.356215193271637,6,1
3223,-71.0,0.2727272727272727,272.0,0.4165305905642546,3.237109032869339,6,5
3224,-31.0,0.5,204.28571428571428,0.41641331953963867,3.2208033907413482,7,1
3225,22.0,0.8,275.4,0.41637668003969025,3.2449782526493074,5,0
3226,-32.0,0.4,254.8,0.416296086035747,3.2168965673446657,5,0
3227,5.0,0.3125,157.0,0.41620086143311247,3.2109571647644044,6,10
3228,-15.0,0.6,187.66666666666666,0.41606905284996504,3.2149961936473845,9,1
3229,-11.0,0.5714285714285714,57.833333333333336,0.4160178067698754,3.18723054766655,6,1
3230,-18.0,0.5454545454545454,187.5,0.4159299730367202,3.1511198759078978,8,3
3231,-93.0,0.2727272727272727,192.8,0.41579094606376404,3.231187069416046,5,6
3232,-23.0,0.3076923076923077,180.8,0.4156739116875225,3.117565084695816,5,8
3233,-21.0,0.5454545454545454,238.4,0.41559347227561105,3.0834768748283388,10,1
3234,-13.0,0.5714285714285714,160.83333333333334,0.4155422927721413,3.0981472980976106,6,1
3235,-30.0,0.5,197.14285714285714,0.415432646532068,3.1219994187355042,7,1
3236,-3.0,0.2857142857142857,186.5,0.41532303318093317,3.106900589466095,6,8
3237,-8.0,0.21052631578947367,180.83333333333334,0.41521345270887156,3.0982855415344237,6,13
3238,-28.0,0.3684210526315789,269.55555555555554,0.41497979087889914,3.0838771188259124,9,10
3239,-69.0,0.1,242.75,0.4148776108433256,3.1169213104248046,4,16
3240,-111.0,0.18181818181818182,255.66666666666666,0.41475357354317477,3.157786477804184,6,5
3241,-19.0,0.5,258.6666666666667,0.414666043189587,3.103004378080368,6,2
3242,-36.0,0.42857142857142855,97.75,0.41461499351710085,3.0754848206043244,4,3
3243,40.0,0.8571428571428571,170.14285714285714,0.41456395099106874,3.063461557626724,7,0
3244,-101.0,0.125,207.0,0.4144983353854719,3.025849362611771,6,2
3245,-25.0,0.3333333333333333,239.72727272727272,0.4143744270170572,3.0934827613830564,11,10
3246,9.0,0.25,243.5,0.4143452782288629,3.0756112265586855,4,8
3247,23.0,0.5333333333333333,185.0,0.41419228534276187,3.06248853802681,11,4
3248,-62.0,0.29411764705882354,178.0,0.4139447187709028,3.023342607021332,8,9
3249,-75.0,0.3333333333333333,157.16666666666666,0.4137991699950902,3.050331689119339,6,6
3250,-25.0,0.5,95.2,0.41375551671394,3.0705370891094206,5,1
3251,-35.0,0.3333333333333333,121.16666666666667,0.4136173158774107,3.061932739019394,6,6
3252,25.0,0.46153846153846156,214.71428571428572,0.41351551728143354,3.050526443719864,7,6
3253,-4.0,0.5714285714285714,116.75,0.4133192718931252,3.0530628740787504,4,3
3254,30.0,0.8333333333333334,182.16666666666666,0.41327567619629213,3.0961737978458403,6,0
3255,-56.0,0.4,201.375,0.4131086078139158,3.0923524999618532,8,7
3256,-88.0,0.16666666666666666,237.42857142857142,0.4130069516362569,3.0007006549835205,7,11
3257,-96.0,0.23529411764705882,195.25,0.4128109807992614,3.0112660193443297,8,9
3258,23.0,0.29411764705882354,215.0,0.4127239166119899,2.9944041073322296,6,11
3259,1.0,0.35294117647058826,222.625,0.4125643531952067,2.949690662622452,8,9
3260,-49.0,0.4,272.75,0.41247734819145787,2.895971806049347,8,2
3261,32.0,0.8333333333333334,251.5,0.4124338535194074,2.8551651036739347,6,0
3262,2.0,0.42857142857142855,131.375,0.412339632966695,2.812326203584671,8,6
3263,12.0,0.26666666666666666,150.0,0.41225992701541847,2.8031645596027372,5,10
3264,-4.0,0.6,145.5,0.4122164584323438,2.770874127149582,4,1
3265,-39.0,0.45454545454545453,145.625,0.41210056770915005,2.764814101457596,8,3
3266,-35.0,0.5,175.42857142857142,0.4120281548371368,2.786962469816208,7,3
3267,-20.0,0.5,242.5,0.4119702349660761,2.759621379375458,6,2
3268,38.0,1.0,96.25,0.4119412785055527,2.7921257710456846,4,0
3269,-100.0,0.35294117647058826,246.0909090909091,0.4117386481313897,2.8775780153274537,11,6
3270,-93.0,0.2727272727272727,157.8,0.4116012135593223,2.929148951768875,5,6
3271,-27.0,0.3333333333333333,175.0,0.411456601998139,2.956057893037796,5,7
3272,-44.0,0.45454545454545453,179.16666666666666,0.4113120482700127,3.002747119665146,6,5
3273,-63.0,0.2857142857142857,171.75,0.41113866010333217,2.986944363117218,4,3
3274,-64.0,0.25,135.75,0.4109797940459824,3.0032189786434174,4,8
3275,36.0,0.8333333333333334,131.83333333333334,0.4109364790696474,3.028721174001694,6,0
3276,-97.0,0.15384615384615385,88.16666666666667,0.410871516350235,2.9951571547985076,6,7
3277,-100.0,0.21428571428571427,213.25,0.41074162598601727,3.02467045545578,8,6
3278,-53.0,0.4666666666666667,124.6,0.4106117823739149,3.0138146436214446,10,5
3279,-14.0,0.21428571428571427,209.0,0.4105252459309336,3.02005366563797,5,9
3280,19.0,0.8,144.4,0.41048919520890664,3.027943730354309,5,0
3281,-13.0,0.5,184.66666666666666,0.4104459391009,3.054500102996826,3,1
3282,-94.0,0.25,155.4,0.41030178955709035,3.053355133533478,5,7
3283,-10.0,0.6,137.14285714285714,0.4102225318820517,3.006180695295334,7,3
3284,-109.0,0.0,129.75,0.4100928751101935,2.9605835318565368,4,16
3285,-107.0,0.3076923076923077,180.0,0.40999206321948595,2.9328205466270445,9,4
3286,-26.0,0.36363636363636365,121.83333333333333,0.40985529222359757,2.8510213446617128,6,5
3287,-42.0,0.2777777777777778,127.75,0.40976893731646724,2.845644826889038,8,10
3288,-31.0,0.5,180.66666666666666,0.40968979685602747,2.869125690460205,6,4
3289,-72.0,0.3157894736842105,203.11111111111111,0.4095747145351869,2.8529138112068178,9,10
3290,-27.0,0.5,226.75,0.40951718718317215,2.8560415720939636,8,0
3291,12.0,0.6666666666666666,138.6,0.4093877842897046,2.876167515516281,5,1
3292,-31.0,0.4,206.0,0.40935184730815466,2.8512411487102507,5,0
3293,-8.0,0.6,164.125,0.40927998412525085,2.913326429128647,8,2
3294,-2.0,0.5,276.875,0.40922250392632936,2.9208661735057833,8,2
3295,-13.0,0.375,268.25,0.40906448079224067,2.939303550720215,8,8
3296,12.0,0.2857142857142857,163.2,0.4089998550021937,2.9270565474033354,5,9
3297,-58.0,0.3,172.4,0.4087988713640635,3.0097960662841796,5,5
3298,1.0,0.38461538461538464,188.33333333333334,0.40867690048402433,3.0335744392871855,6,7
3299,50.0,0.875,215.25,0.4086123444521544,3.0574796640872957,8,0
3300,-74.0,0.25,97.14285714285714,0.4085047768847606,3.0276946675777436,7,5
3301,-32.0,0.5,103.71428571428571,0.4083255693019474,3.2000447499752043,7,3
3302,-15.0,0.3076923076923077,163.85714285714286,0.40826824179718174,3.2516668856143953,7,6
3303,-26.0,0.21052631578947367,116.0,0.4081464513005284,3.3102899992465975,6,13
3304,-57.0,0.4,145.625,0.4080748291727198,3.2896856462955473,8,2
3305,-84.0,0.2857142857142857,169.33333333333334,0.4078815209628806,3.464011790752411,9,5
3306,18.0,0.8,175.0,0.40783857775700894,3.4895988440513612,4,1
3307,25.0,0.6,236.5,0.40778132816465734,3.5323974466323853,8,2
3308,26.0,0.8,157.0,0.4077455518206879,3.5229143476486207,5,0
3309,-73.0,0.1,196.5,0.4075667237555194,3.435060079097748,4,6
3310,-112.0,0.14285714285714285,115.66666666666667,0.4074952175616261,3.4547780179977416,6,8
3311,-112.0,0.15384615384615385,171.66666666666666,0.40736654244621434,3.396577789783478,6,7
3312,-31.0,0.36363636363636365,212.28571428571428,0.4072593485633669,3.3916811084747316,7,4
3313,-61.0,0.3333333333333333,177.1,0.4071093311428338,3.3928602540493014,10,11
3314,-27.0,0.4,69.0,0.4070736219952067,3.364292093515396,5,0
3315,14.0,0.3333333333333333,189.57142857142858,0.4069950744389157,3.365877102613449,7,11
3316,2.0,0.3333333333333333,174.16666666666666,0.4069522376002448,3.381613048315048,6,6
3317,-28.0,0.42857142857142855,161.16666666666666,0.4068594420824088,3.332779723405838,6,1
3318,26.0,0.75,167.0,0.40680234913923286,3.313922401666641,8,0
3319,21.0,0.625,145.83333333333334,0.4066739234115607,3.374307067394257,6,2
3320,-28.0,0.5454545454545454,173.5,0.4065954637792862,3.3694328916072847,10,1
3321,-46.0,0.45454545454545453,73.28571428571429,0.40651702140623214,3.304011301994324,7,4
3322,7.0,0.6666666666666666,292.0,0.40647424193048326,3.30302663564682,5,1
3323,53.0,1.0,245.8,0.40643859628860207,3.326581703424454,5,0
3324,-27.0,0.5,234.0,0.4063530612901031,3.2583278596401213,6,2
3325,20.0,0.4,143.71428571428572,0.40621767285224525,3.225114653110504,7,8
3326,-37.0,0.42857142857142855,240.71428571428572,0.406153559441512,3.20741890668869,7,0
3327,-92.0,0.23076923076923078,232.25,0.405897221171565,3.2078393793106077,4,9
3328,-6.0,0.3684210526315789,221.8,0.40575489075107823,3.18057324051857,10,9
3329,-40.0,0.4,243.0,0.40533534755915623,3.268068722486496,2,3
3330,-81.0,0.25,162.375,0.40522165843916663,3.1879575955867767,8,8
3331,-49.0,0.375,177.8,0.4051577242948932,3.18784566283226,5,3
3332,3.0,0.2777777777777778,176.0,0.40508669985271517,3.1348383009433745,7,11
3333,5.0,0.6363636363636364,175.625,0.4050085893712156,3.2147910034656526,8,3
3334,-88.0,0.2222222222222222,173.71428571428572,0.40494469357592283,3.202877594232559,7,2
3335,13.0,0.6666666666666666,174.57142857142858,0.40488080928083825,3.139733328819275,7,2
3336,-52.0,0.3333333333333333,325.5,0.4046963192315822,3.158668974637985,6,9
3337,-58.0,0.25,160.0,0.40459701816499544,3.204969300031662,5,7
3338,53.0,1.0,200.8,0.40456156023610496,3.178515659570694,5,0
3339,-29.0,0.45454545454545453,158.16666666666666,0.4044268524393176,3.1400885581970215,6,5
3340,-54.0,0.375,234.25,0.40432054033119935,3.1577092695236204,8,0
3341,-60.0,0.5,189.9090909090909,0.4042071758975701,3.1667493069171906,11,5
3342,-81.0,0.1111111111111111,306.8333333333333,0.4041080117719443,3.2596770322322843,6,12
3343,-14.0,0.6666666666666666,142.4,0.4038460687740955,3.2375724792480467,5,1
3344,-62.0,0.2777777777777778,164.875,0.4037045586504974,3.232534841299057,8,10
3345,-27.0,0.46153846153846156,137.83333333333334,0.4035701764524449,3.1799313497543333,6,7
3346,-57.0,0.16666666666666666,326.0,0.4031955906309645,3.1092962443828585,2,4
3347,-27.0,0.4117647058823529,251.5,0.4030119766676043,3.1107820749282835,8,9
3348,-45.0,0.4444444444444444,141.28571428571428,0.402948440230255,3.1318033158779146,7,2
3349,-28.0,0.4,112.33333333333333,0.4028284581586847,3.1690519869327547,3,2
3350,11.0,0.3333333333333333,207.85714285714286,0.4027367346841319,3.1787319910526275,7,8
3351,-6.0,0.23076923076923078,125.6,0.40268030132137184,3.1277078557014466,5,8
3352,-66.0,0.2857142857142857,248.0,0.40259566820543485,3.1352168273925782,4,3
3353,-55.0,0.16666666666666666,205.75,0.4024969552387976,3.0922689414024354,4,8
3354,15.0,0.7142857142857143,166.57142857142858,0.4024476091193731,3.134928865432739,7,0
3355,-71.0,0.36363636363636365,203.83333333333334,0.40237007917397355,3.1121481752395628,6,5
3356,-26.0,0.14285714285714285,168.0,0.40231370447140213,3.1642415535449984,5,16
3357,-27.0,0.42857142857142855,250.5,0.40220098212250904,3.1788002157211306,4,3
3358,-5.0,0.625,123.375,0.40214463447330157,3.165873463153839,8,0
3359,-17.0,0.5454545454545454,175.0,0.40206717117499274,3.103066462278366,8,3
3360,32.0,1.0,287.3333333333333,0.4020390069278836,3.0770273315906524,3,0
3361,-58.0,0.375,148.33333333333334,0.401855994231706,3.0344218683242796,6,2
3362,-28.0,0.5,155.75,0.4017997017761455,3.0701122212409975,4,4
3363,-59.0,0.3888888888888889,160.11111111111111,0.4016519769257896,3.0826294684410094,9,9
3364,1.0,0.42105263157894735,276.0,0.4015324355768157,3.0108692038059233,10,9
3365,-12.0,0.625,104.4,0.4012934747765036,3.0434336709976195,5,3
3366,-26.0,0.45,160.66666666666666,0.4010897836372737,3.1209315073490145,9,11
3367,-88.0,0.13333333333333333,214.83333333333334,0.400984472499643,3.158480099439621,6,9
3368,-24.0,0.5,268.1666666666667,0.4008791929506151,3.174805942773819,6,2
3369,-4.0,0.36363636363636365,179.5,0.4007809605297696,3.1791805911064146,6,5
3370,-131.0,0.3125,149.88888888888889,0.4006687285804697,3.221024978160858,9,7
3371,-178.0,0.1875,139.28571428571428,0.40054952147910794,3.196069850921631,7,9
3372,-60.0,0.47058823529411764,180.08333333333334,0.4004303549012712,3.1982542979717254,12,5
3373,-34.0,0.5,173.375,0.4003462617076818,3.1824308967590333,8,4
3374,-39.0,0.42857142857142855,153.5,0.400206151226963,3.160474877357483,8,6
3375,-61.0,0.2777777777777778,172.5,0.4000520944154071,3.11746665596962,8,10
3376,-108.0,0.25,240.0,0.3999680919934413,3.1094474530220033,5,7
3377,-27.0,0.4166666666666667,191.625,0.39988410972963767,3.099458677768707,8,4
3378,-48.0,0.47619047619047616,192.0,0.3997511790263736,3.123225990533829,15,6
3379,-75.0,0.15789473684210525,170.5,0.3996602555403921,3.166798927783966,6,13
3380,-9.0,0.5,104.0,0.399450522313328,3.086489918231964,2,2
3381,-109.0,0.21428571428571427,219.875,0.39929679790535993,3.1326951718330385,8,6
3382,2.0,0.625,215.57142857142858,0.3992409148884557,3.110222123861313,7,1
3383,35.0,0.7777777777777778,169.77777777777777,0.39917805718113913,3.0995340847969057,9,0
3384,-96.0,0.42105263157894735,141.8,0.3990244526314585,3.1004471814632417,10,9
3385,-20.0,0.25,127.5,0.3989337180697785,3.1204155242443083,6,10
3386,-99.0,0.05,93.6,0.39881510077171817,3.1407686364650726,5,15
3387,-5.0,0.5,126.0,0.39874534472740075,3.129832806587219,6,0
3388,40.0,0.8571428571428571,185.14285714285714,0.3986965237966838,3.0964201354980467,7,0
3389,1.0,0.6,249.6,0.3986616558877286,3.0984455871582033,5,0
3390,-11.0,0.5,156.33333333333334,0.3986198189992856,3.134647054672241,6,0
3391,27.0,0.7272727272727273,184.11111111111111,0.39854313107508677,3.2193630051612856,9,2
3392,13.0,0.7142857142857143,199.28571428571428,0.3984943384522995,3.1930210852622984,7,0
3393,-26.0,0.5714285714285714,153.8,0.39839677369723603,3.1874665319919586,10,4
3394,-125.0,0.13636363636363635,110.28571428571429,0.3982644080742922,3.0842823183536527,7,15
3395,-109.0,0.125,182.0,0.39803462940026657,3.1280053985118865,4,12
3396,-108.0,0.3888888888888889,192.33333333333334,0.39779109040827804,3.178843684196472,9,9
3397,-50.0,0.375,152.66666666666666,0.3977354482853013,3.1635571336746215,6,2
3398,-59.0,0.2222222222222222,175.57142857142858,0.39758247834391075,3.208088709115982,7,11
3399,53.0,0.4,173.77777777777777,0.39751296879942816,3.160828266143799,9,11
3400,30.0,0.4166666666666667,203.5,0.39745042209441656,3.151767281293869,6,6
3401,-9.0,0.8,317.75,0.39709620334615264,3.370736733675003,4,1
3402,-15.0,0.5,134.0,0.3969088219938642,3.4829536473751066,3,1
3403,-97.0,0.4117647058823529,215.72727272727272,0.3966730041820512,3.5453976655006407,11,6
3404,-54.0,0.4,244.625,0.3965274320925735,3.391002620458603,8,2
3405,-36.0,0.42857142857142855,106.5,0.3964789216478909,3.3983664619922638,4,3
3406,-22.0,0.4,168.14285714285714,0.39634728467027447,3.3686047947406768,7,3
3407,2.0,0.625,212.125,0.3962364712702696,3.3073620426654817,8,0
3408,-65.0,0.23529411764705882,287.8,0.3961256933248797,3.3002295196056366,5,12
3409,-18.0,0.5,230.33333333333334,0.3960841607336861,3.3088622748851777,6,0
3410,-89.0,0.35714285714285715,276.625,0.3959042437525737,3.398116022348404,8,6
3411,-33.0,0.4,69.8,0.39586965505766203,3.4398090958595278,5,0
3412,-126.0,0.23809523809523808,188.3,0.3957175058847094,3.4283864879608155,10,11
3413,-21.0,0.5454545454545454,135.3,0.3956345436391647,3.3572990322113037,10,1
3414,-24.0,0.375,55.25,0.3954686788689474,3.3726843976974488,4,4
3415,29.0,0.8333333333333334,188.16666666666666,0.3953788686882709,3.3330683398246763,6,0
3416,-89.0,0.058823529411764705,109.33333333333333,0.39530289369471516,3.266064791679382,3,14
3417,-98.0,0.2222222222222222,174.42857142857142,0.39515099384190777,3.2069377946853637,7,11
3418,-68.0,0.09523809523809523,116.0,0.39497846148167126,3.206658568382263,5,16
3419,-52.0,0.375,209.0,0.39488188103435,3.2291127395629884,6,2
3420,-35.0,0.45454545454545453,191.5,0.3947094831968838,3.1920016515254974,6,5
3421,-27.0,0.2,154.6,0.39464744107386696,3.1691368448734285,5,10
3422,44.0,0.6470588235294118,190.30769230769232,0.39448204999918496,3.1345786011219023,13,4
3423,-43.0,0.5,139.8,0.39438560852762133,3.0771923434734343,10,4
3424,-4.0,0.5714285714285714,122.25,0.39426853732395434,3.0244145905971527,4,3
3425,-47.0,0.3888888888888889,106.4,0.3941102102148122,2.95977676987648,10,8
3426,-4.0,0.2857142857142857,210.33333333333334,0.3940001125641071,3.0767205333709717,6,8
3427,-19.0,0.2857142857142857,296.0,0.39381440264951223,3.0479469311237337,3,4
3428,47.0,0.8571428571428571,84.83333333333333,0.3937593967456779,3.0965314781665803,6,1
3429,-87.0,0.2,139.5,0.3935944318299871,3.2045526587963105,6,14
3430,20.0,0.8333333333333334,196.5,0.3934707600967759,3.2208605992794035,6,0
3431,-57.0,0.375,229.14285714285714,0.39336773432338556,3.208698197603226,7,1
3432,9.0,0.625,223.25,0.3933059336934309,3.2114020264148713,8,0
3433,-24.0,0.3333333333333333,142.66666666666666,0.39328533595534765,3.2152616775035856,3,0
3434,-102.0,0.16666666666666666,267.4,0.3931892295168094,3.2523137593269347,5,13
3435,-19.0,0.38461538461538464,83.85714285714286,0.3930451203054652,3.2954993617534636,7,6
3436,-49.0,0.3,133.55555555555554,0.39294222220486036,3.304556860923767,9,11
3437,8.0,0.36363636363636365,183.6,0.39283935496905575,3.2520289731025698,5,6
3438,-41.0,0.2857142857142857,238.2,0.3926953926741669,3.1752930450439454,5,2
3439,-60.0,0.3,82.0,0.39246243902036726,3.2119951462745666,5,5
3440,-19.0,0.5,199.375,0.3923871055707661,3.1735309195518493,8,2
3441,4.0,0.6666666666666666,177.2,0.3923460215831862,3.1480000364780425,5,1
3442,36.0,0.7777777777777778,220.625,0.39228440484497396,3.1380810952186584,8,1
3443,2.0,0.45454545454545453,187.83333333333334,0.3920927792384385,3.102716555595398,6,5
3444,-32.0,0.5,165.66666666666666,0.3920243675239903,3.135199785232544,6,4
3445,-63.0,0.3333333333333333,214.0,0.39192861410718755,3.1073368883132932,6,9
3446,-139.0,0.19047619047619047,61.57142857142857,0.3918055419604245,3.1307089805603026,7,14
3447,-35.0,0.42857142857142855,315.42857142857144,0.3917576925340881,3.1341412377357485,7,0
3448,-28.0,0.17647058823529413,205.4,0.3916893478302794,3.1133981561660766,5,12
3449,-34.0,0.375,269.44444444444446,0.3915663618038735,3.09697221159935,9,7
3450,-42.0,0.4444444444444444,177.625,0.39150488539179196,3.11449183344841,8,1
3451,42.0,0.5333333333333333,165.625,0.39138196575991213,3.2226321542263032,8,7
3452,-62.0,0.23076923076923078,131.16666666666666,0.3912522652575795,3.2066066026687623,6,7
3453,52.0,1.0,287.0,0.3911908453777882,3.275228295326233,5,0
3454,-61.0,0.4666666666666667,154.11111111111111,0.3909861922726326,3.159287484884262,9,6
3455,-10.0,0.2631578947368421,95.42857142857143,0.39084982507098215,3.15301921248436,7,12
3456,-54.0,0.35714285714285715,161.88888888888889,0.3906862564145661,3.056283211708069,9,5
3457,-15.0,0.5,217.42857142857142,0.3906181259765541,3.024170855283737,7,1
3458,-42.0,0.2777777777777778,207.0,0.3905227662522651,2.935118191242218,8,10
3459,-34.0,0.5,201.625,0.3904682869681237,2.9482179999351503,8,0
3460,-100.0,0.3076923076923077,248.0,0.3903661618015742,2.9531185531616213,11,2
3461,-28.0,0.25,120.57142857142857,0.39031170757214045,2.9504810047149657,7,5
3462,-3.0,0.5714285714285714,226.0,0.39026406726797946,2.9974783205986024,7,0
3463,-55.0,0.25,224.83333333333334,0.39014839715014266,2.9902975225448607,6,14
3464,0.0,0.46153846153846156,164.5,0.39005997006290316,3.0152878868579864,8,5
3465,14.0,0.7142857142857143,154.0,0.3900123649995265,3.041950687170029,6,1
3466,-53.0,0.2222222222222222,154.33333333333334,0.3898084187705138,3.0038931381702425,6,12
3467,-88.0,0.3333333333333333,209.8,0.3897268745357086,2.9505457627773284,5,7
3468,11.0,0.6666666666666666,226.33333333333334,0.3896861097566999,2.9749996733665465,6,0
3469,-25.0,0.5,244.66666666666666,0.3895978028485587,3.0597480750083923,9,1
3470,-88.0,0.21428571428571427,141.33333333333334,0.38950272877475256,3.1316676568984985,6,8
3471,-13.0,0.5,170.0,0.3894484126835518,3.170930895805359,4,0
3472,-47.0,0.375,71.4,0.3893330198411342,3.1491797041893004,5,3
3473,10.0,0.375,135.0,0.3892990882357587,3.1704176831245423,4,4
3474,-54.0,0.4666666666666667,153.92307692307693,0.3891973137762202,3.317633852958679,13,2
3475,-15.0,0.21428571428571427,82.5,0.3890006363761895,3.4289924836158754,4,10
3476,-20.0,0.375,207.4,0.38884473194422486,3.3078109645843505,5,3
3477,-36.0,0.5,131.1,0.3887634189665059,3.3250640952587127,10,2
3478,-87.0,0.14285714285714285,90.0,0.388668578487482,3.3295223867893218,6,8
3479,18.0,0.75,177.14285714285714,0.3886143958496505,3.3109453082084657,7,1
3480,-63.0,0.16666666666666666,206.16666666666666,0.3885128267670198,3.2116750192642214,6,12
3481,-46.0,0.35714285714285715,178.875,0.3883706812324295,3.1453514003753664,8,6
3482,-80.0,0.0625,157.2,0.3881947742179762,3.020353045463562,5,11
3483,-81.0,0.15789473684210525,107.42857142857143,0.3880527622374081,3.0363906836509704,7,12
3484,-30.0,0.5,201.5,0.38799867812229477,3.082581810951233,8,0
3485,70.0,0.6666666666666666,140.66666666666666,0.38791756817312856,3.0845140075683593,12,3
3486,11.0,0.6666666666666666,36.0,0.38786350568733513,3.082846473455429,4,2
3487,-13.0,0.4166666666666667,145.0,0.38769461616039175,3.0633322858810423,7,5
3488,-32.0,0.5,147.125,0.3876405893440666,3.0377077782154083,8,0
3489,-56.0,0.4,120.85714285714286,0.3875325616408309,3.0911744582653045,7,3
3490,-24.0,0.3333333333333333,213.33333333333334,0.3875123102946789,3.104336849451065,3,0
3491,-36.0,0.5,171.375,0.3874313170597852,3.0787298929691316,8,4
3492,4.0,0.5714285714285714,132.5,0.38717496668430135,3.121806197166443,4,3
3493,25.0,0.5714285714285714,113.25,0.3870805709096549,3.1217724931240083,4,3
3494,-18.0,0.3333333333333333,295.8,0.38700642134080643,3.1546258556842806,5,7
3495,-150.0,0.09090909090909091,152.6,0.3869322880830688,3.1836281955242156,5,6
3496,6.0,0.38461538461538464,190.85714285714286,0.3868851208645195,3.17792671084404,7,6
3497,-45.0,0.4375,206.88888888888889,0.3867301893459031,3.1108127081394197,9,7
3498,11.0,0.6666666666666666,215.5,0.38667631682552434,3.0840255463123323,6,0
3499,29.0,0.8333333333333334,215.5,0.3866157205423248,3.031833325624466,6,0
3500,29.0,0.8333333333333334,176.6,0.38656859764012896,3.0932598912715914,5,1
3501,-90.0,0.16666666666666666,245.5,0.38647437162504744,3.120236934423447,6,12
3502,-6.0,0.6666666666666666,180.66666666666666,0.38623892198189924,3.2483136510849,6,3
3503,-104.0,0.375,147.75,0.3861313427404616,3.402547526359558,8,8
3504,-48.0,0.2,133.71428571428572,0.38605068089801226,3.395450835227966,7,8
3505,-20.0,0.23529411764705882,147.0,0.3859633190785074,3.5114130926132203,6,11
3506,4.0,0.6,243.2,0.38592972442636014,3.5047256863117218,5,0
3507,-71.0,0.4375,184.77777777777777,0.38580209538213234,3.410285437107086,9,7
3508,-54.0,0.45454545454545453,259.14285714285717,0.38561409885265957,3.3160965526103974,7,4
3509,50.0,1.0,216.6,0.3855738275771221,3.331339030265808,5,0
3510,-66.0,0.4166666666666667,197.55555555555554,0.3854932995222568,3.312014710903168,9,3
3511,17.0,0.5714285714285714,152.2,0.38541949911470436,3.2848972201347353,5,2
3512,-46.0,0.3333333333333333,222.33333333333334,0.3853792511897344,3.323106896877289,6,0
3513,-95.0,0.10526315789473684,213.4,0.38529876982759864,3.2685839676856996,5,14
3514,-18.0,0.3,169.88888888888889,0.3851847876239299,3.372082624435425,9,11
3515,-25.0,0.3333333333333333,216.71428571428572,0.3851043529274498,3.4168322503566744,7,5
3516,-13.0,0.42105263157894735,190.9,0.38499043681429107,3.3781142377853395,10,9
3517,41.0,0.8333333333333334,104.2,0.384950240373708,3.374727317094803,5,1
3518,-6.0,0.5714285714285714,151.75,0.38474263558880994,3.282235733270645,4,3
3519,-16.0,0.5,300.8333333333333,0.38470246888258985,3.261028447151184,6,0
3520,-9.0,0.75,244.33333333333334,0.38445488067455197,3.2334713912010193,3,1
3521,-22.0,0.16666666666666666,177.66666666666666,0.38436793370917194,3.135148460865021,3,15
3522,13.0,0.46153846153846156,159.71428571428572,0.3841740565374354,3.2434752309322357,7,6
3523,-62.0,0.4,134.14285714285714,0.38409386438730936,3.260130602121353,7,3
3524,-50.0,0.375,174.0,0.3840404136451808,3.259029791355133,8,0
3525,-71.0,0.25,186.14285714285714,0.38398029178185467,3.2056225526332853,7,1
3526,-10.0,0.2,198.6,0.38391350240265887,3.245060509443283,5,15
3527,15.0,0.7,184.125,0.3836931922014368,3.267654300928116,8,2
3528,-53.0,0.2857142857142857,146.33333333333334,0.3836331328323459,3.234806501865387,6,1
3529,-79.0,0.14285714285714285,219.2,0.3835330579044859,3.1927402997016907,5,9
3530,3.0,0.625,173.25,0.3834796968842167,3.169536097049713,8,0
3531,-11.0,0.5714285714285714,133.0,0.38343301299460136,3.201250741481781,5,2
3532,-64.0,0.3157894736842105,210.0,0.38331966504042736,3.170105825662613,12,7
3533,-23.0,0.5,209.125,0.38326633816028505,3.078488357067108,8,0
3534,-71.0,0.4,109.5,0.383153046865922,3.1429536962509155,12,3
3535,-128.0,0.15789473684210525,174.33333333333334,0.3830397940840515,3.1306463098526,6,13
3536,-46.0,0.21428571428571427,135.4,0.3829465559956495,3.138558510541916,5,9
3537,5.0,0.7142857142857143,163.0,0.38268030526534513,3.09429589509964,6,1
3538,34.0,1.0,301.25,0.3826536919054725,3.086441457271576,4,0
3539,-66.0,0.10526315789473684,134.33333333333334,0.3825738645990751,3.0306636583805084,6,13
3540,-24.0,0.22727272727272727,142.125,0.3824874066343018,3.0442631208896636,8,14
3541,-4.0,0.4166666666666667,176.85714285714286,0.3823344975990245,3.092144229412079,7,5
3542,-65.0,0.4,146.77777777777777,0.3822281675735042,3.158921756744385,9,6
3543,-10.0,0.3888888888888889,215.11111111111111,0.3820687363196309,3.1565717792510988,9,9
3544,-133.0,0.2631578947368421,159.44444444444446,0.38184964326232196,3.126049493551254,9,10
3545,-61.0,0.3333333333333333,177.88888888888889,0.38166385948640746,3.099413332939148,9,9
3546,-78.0,0.25,322.0,0.3815444819862317,3.0877441596984863,6,2
3547,14.0,0.7142857142857143,178.16666666666666,0.3814914391126569,3.059480457305908,6,1
3548,27.0,0.8,196.2,0.38145829162614764,3.085368893146515,5,0
3549,-41.0,0.2857142857142857,371.0,0.38112037653468284,3.1783508682250976,2,5
3550,-39.0,0.2857142857142857,177.66666666666666,0.38084235220495993,3.097116754055023,3,4
3551,-160.0,0.2,185.875,0.38073649958957617,3.1298245286941526,8,7
3552,-13.0,0.5,144.42857142857142,0.38069019972070006,3.129187300205231,7,1
3553,-12.0,0.42105263157894735,173.0909090909091,0.38053150651425055,3.0520128297805784,11,8
3554,-72.0,0.25,218.83333333333334,0.3804389706480524,2.9803789365291595,6,6
3555,-21.0,0.5555555555555556,198.83333333333334,0.38026058177323346,2.952195122241974,6,3
3556,1.0,0.6,220.75,0.38022755736630404,2.9552536177635194,4,1
3557,-40.0,0.4444444444444444,215.2,0.38016812175534365,2.952323993444443,5,4
3558,-1.0,0.5,223.66666666666666,0.380148312262329,2.97164985537529,3,1
3559,-39.0,0.4444444444444444,185.5,0.38004268170419575,3.0313914442062377,6,3
3560,-30.0,0.42857142857142855,194.75,0.3799370849424334,3.001894762516022,4,3
3561,-112.0,0.3125,246.71428571428572,0.37975237189934485,3.127652724981308,7,9
3562,-34.0,0.4,129.66666666666666,0.37960072069072326,3.060923891067505,3,2
3563,26.0,0.75,220.625,0.379547988794077,3.0680295991897584,8,0
3564,-119.0,0.2857142857142857,149.88888888888889,0.3793898437173106,2.9188527035713197,9,5
3565,-12.0,0.6,218.8,0.37928445583028236,2.924641423225403,5,0
3566,-91.0,0.23529411764705882,136.6,0.37919226908939585,2.9203363394737245,5,12
3567,-24.0,0.4,238.125,0.3790211336085506,2.9285974204540253,8,7
3568,-103.0,0.25,178.33333333333334,0.37892244207293857,2.8792360007762907,6,6
3569,-111.0,0.2222222222222222,100.75,0.3788040513054091,2.973369493484497,8,10
3570,-65.0,0.25,133.66666666666666,0.378725147801895,3.0108192110061647,6,6
3571,-52.0,0.45454545454545453,159.125,0.37865283622394375,2.98011167883873,8,3
3572,13.0,0.75,205.71428571428572,0.3784425657025045,2.983932580947876,7,1
3573,-26.0,0.4,152.33333333333334,0.37834404771123137,3.1134154415130615,3,2
3574,-128.0,0.1,303.6,0.3782783854681323,3.139463527202606,5,5
3575,-47.0,0.4166666666666667,153.55555555555554,0.3782061721670837,3.1132420182228087,9,3
3576,10.0,0.6666666666666666,125.8,0.3781667897894136,3.1448146438598634,5,1
3577,7.0,0.6666666666666666,137.16666666666666,0.3781077250832345,3.1028576505184176,6,3
3578,12.0,0.7142857142857143,188.33333333333334,0.37802898867796103,3.092770780324936,6,1
3579,-15.0,0.375,183.0,0.37790436134295685,3.091755499839783,7,9
3580,-45.0,0.375,214.75,0.3778387870283382,3.050607143640518,8,0
3581,-21.0,0.5384615384615384,147.88888888888889,0.3776618018736354,3.0361974585056304,9,4
3582,-7.0,0.5,212.4,0.37749146202885914,2.9859875631332398,5,3
3583,-21.0,0.21428571428571427,119.75,0.377367038915177,2.982103202342987,4,10
3584,-19.0,0.5,193.1818181818182,0.37720994044314726,3.0053900694847107,11,5
3585,-5.0,0.38461538461538464,157.0,0.3771117921839893,3.00877165555954,7,6
3586,-1.0,0.6,154.0,0.3770790826402754,2.9902930212020875,5,0
3587,-9.0,0.5714285714285714,223.0,0.37701367336489294,2.952445380687714,6,1
3588,-33.0,0.3333333333333333,138.25,0.3769221223540904,2.8852073776721956,8,4
3589,22.0,0.46153846153846156,147.28571428571428,0.3768109877264472,2.924087625741959,7,6
3590,-49.0,0.375,140.2,0.3767587021513686,2.9387197482585905,5,3
3591,-28.0,0.14285714285714285,113.5,0.3766476230771498,2.8953316342830657,4,10
3592,33.0,0.8571428571428571,295.7142857142857,0.3766018956109163,2.884819674491882,7,0
3593,-118.0,0.17647058823529413,133.6,0.3764973997245543,2.9085889303684236,5,12
3594,-45.0,0.45454545454545453,239.85714285714286,0.3764255781972726,2.9051619601249694,7,4
3595,7.0,0.46153846153846156,256.0,0.3761906363701778,2.901904082298279,6,7
3596,22.0,0.3157894736842105,167.125,0.3761123600109878,2.8989598822593687,8,11
3597,-129.0,0.18181818181818182,123.57142857142857,0.37604062318312587,2.8304515278339384,7,4
3598,22.0,0.8,189.8,0.3760080207509563,2.860538032054901,5,0
3599,-32.0,0.1,62.0,0.37594934458823415,2.875305414199829,3,7
3600,-57.0,0.4,146.53846153846155,0.37580595842388476,2.901776646375656,13,7
3601,-16.0,0.5,209.16666666666666,0.37576686405458304,2.981668232679367,6,0
3602,-3.0,0.4666666666666667,229.625,0.3756170457579679,3.1843886649608613,8,7
3603,-16.0,0.5555555555555556,184.5,0.3755193752955424,3.232679861783981,8,1
3604,78.0,1.0,159.0,0.37547380577294204,3.2979582965373995,7,0
3605,-78.0,0.3,218.16666666666666,0.3754087175208296,3.426423363685608,6,4
3606,-51.0,0.3684210526315789,176.33333333333334,0.3752655691800649,3.5087074494361876,9,10
3607,-17.0,0.3076923076923077,193.6,0.37515499768476307,3.600631103515625,5,8
3608,-4.0,0.5714285714285714,137.0,0.3751029770468955,3.572471725940704,6,1
3609,-15.0,0.42857142857142855,169.44444444444446,0.3749859610393037,3.510889573097229,9,5
3610,10.0,0.29411764705882354,176.71428571428572,0.3749209703463818,3.5435849976539613,7,10
3611,5.0,0.6363636363636364,207.11111111111111,0.37483650187546885,3.5169177794456483,9,2
3612,-37.0,0.38461538461538464,184.42857142857142,0.3746221805180588,3.4607967591285704,7,6
3613,-50.0,0.25,187.83333333333334,0.3745377897224029,3.4243986916542055,6,10
3614,-46.0,0.3333333333333333,129.0,0.37429772059454086,3.4871877002716065,3,3
3615,-159.0,0.2631578947368421,131.75,0.3741745108720448,3.469574373960495,8,11
3616,38.0,0.4375,178.625,0.37409023645536704,3.4529014825820923,8,8
3617,-40.0,0.3888888888888889,141.44444444444446,0.3739865441713516,3.423441298007965,9,9
3618,-13.0,0.5,190.375,0.37380516249822415,3.3830619370937347,8,6
3619,2.0,0.4166666666666667,167.71428571428572,0.3737274585840673,3.3386617147922517,7,5
3620,-22.0,0.25,200.0,0.3736562463768088,3.3121658408641816,7,9
3621,-24.0,0.5555555555555556,101.0909090909091,0.37342976628162633,3.315433257818222,11,7
3622,-30.0,0.5,141.6,0.37326809182046905,3.2622028303146364,5,3
3623,-60.0,0.17647058823529413,81.42857142857143,0.3730806506903954,3.2067590510845183,7,10
3624,-30.0,0.5,173.375,0.3730289619214968,3.177593232393265,8,0
3625,-64.0,0.3333333333333333,294.75,0.37284165944655073,3.1424285233020783,8,10
3626,-51.0,0.25,195.0,0.3726286542507627,3.1856246113777162,3,1
3627,-19.0,0.5,153.2,0.3724931786678413,3.2080207109451293,5,1
3628,7.0,0.35714285714285715,207.42857142857142,0.372441583886947,3.2180311560630797,7,7
3629,-13.0,0.6,166.2,0.37229974079780476,3.251309885978699,5,0
3630,12.0,0.5714285714285714,191.0,0.3722159537579845,3.2129217004776,5,2
3631,27.0,0.75,216.125,0.3721579601058933,3.2367294692993163,8,0
3632,-44.0,0.4444444444444444,213.0,0.3720999768917201,3.2109912037849426,7,2
3633,-50.0,0.125,196.5,0.3720226821730034,3.1305572283267975,6,10
3634,-11.0,0.23809523809523808,260.8333333333333,0.3719389671590617,3.0998097932338715,6,15
3635,-123.0,0.16666666666666666,143.2,0.371803781183897,3.074537467956543,5,13
3636,5.0,0.6,162.0,0.37166221866621385,3.1215301394462585,8,2
3637,-25.0,0.4,163.4,0.3715335795082941,3.041542428731918,5,5
3638,-82.0,0.25,194.4,0.3714049917957478,3.069225727319717,5,3
3639,-23.0,0.42857142857142855,149.75,0.3712571794989564,3.0531222105026243,4,3
3640,-2.0,0.6,212.2,0.3712186309503757,3.028649425506592,5,0
3641,0.0,0.4444444444444444,202.66666666666666,0.37114154772930413,3.039924354553223,6,3
3642,-2.0,0.15789473684210525,202.5,0.37101953712465013,3.0291543436050414,4,15
3643,-6.0,0.6,198.5,0.37098743677598184,3.0472165036201475,4,1
3644,-20.0,0.5454545454545454,166.625,0.3709039908908552,3.049616471529007,8,3
3645,-5.0,0.2857142857142857,100.83333333333333,0.37082698317433704,3.1929570090770723,6,8
3646,-63.0,0.3125,204.85714285714286,0.3706922641343826,3.2487613940238953,7,9
3647,-22.0,0.4666666666666667,203.2,0.3705704242250605,3.2348680889606474,10,5
3648,-198.0,0.21052631578947367,290.625,0.3704229957410679,3.241700441837311,8,11
3649,-69.0,0.29411764705882354,140.71428571428572,0.37030766422351985,3.2082393300533294,7,10
3650,-3.0,0.625,148.42857142857142,0.3702500140326324,3.2385233747959137,7,1
3651,-47.0,0.21052631578947367,197.33333333333334,0.3701923742178455,3.1846461057662965,6,13
3652,-35.0,0.3333333333333333,183.28571428571428,0.3700131166850773,3.065037033557892,7,8
3653,-51.0,0.5,200.375,0.369923525555749,3.1110304391384123,8,6
3654,-15.0,0.5555555555555556,160.71428571428572,0.369712445692899,3.06956356048584,7,2
3655,-9.0,0.45454545454545453,194.16666666666666,0.36952706623963544,3.048005166053772,6,5
3656,11.0,0.75,171.5,0.36950150509679563,3.04111997961998,4,0
3657,-46.0,0.2777777777777778,276.22222222222223,0.3693481811750342,3.109638849496841,9,9
3658,12.0,0.3888888888888889,129.625,0.3692651614409618,2.9954871380329133,8,10
3659,25.0,0.35714285714285715,238.66666666666666,0.3692268519202061,3.013506730794907,6,8
3660,-23.0,0.3333333333333333,257.1666666666667,0.3691119509369328,3.025554003715515,6,9
3661,-20.0,0.42857142857142855,97.4,0.36906727839095277,2.9952434301376343,5,2
3662,-97.0,0.15,194.625,0.368946055858904,2.9088369143009185,8,12
3663,-52.0,0.45454545454545453,93.0,0.3688758954445435,2.9631650936603546,8,3
3664,5.0,0.5714285714285714,201.44444444444446,0.3687228717433565,2.966322610378265,9,5
3665,-64.0,0.3333333333333333,274.0,0.36865913354304036,2.9526432621479035,5,4
3666,-108.0,0.29411764705882354,210.625,0.368487104063067,2.9997976636886596,8,9
3667,-32.0,0.21428571428571427,88.16666666666667,0.3684234130115719,3.066060655117035,6,8
3668,10.0,0.42857142857142855,204.5,0.3683024351018861,3.0401866590976714,8,6
3669,-111.0,0.1875,167.75,0.36814332366550906,3.1199875962734223,4,12
3670,-26.0,0.5454545454545454,245.4,0.3680542560049371,3.116159278154373,10,1
3671,-36.0,0.42857142857142855,184.5,0.3680097315258827,3.125681995153427,4,3
3672,-51.0,0.08333333333333333,90.0,0.3679779321427257,3.1705533802509307,5,7
3673,-94.0,0.14285714285714285,223.0,0.3678698380228389,3.248890122175217,4,3
3674,-3.0,0.625,192.25,0.3677236515228211,3.2862920677661895,8,0
3675,-49.0,0.375,140.2,0.36767281980522337,3.313214571475983,5,3
3676,4.0,0.5294117647058824,194.36363636363637,0.3675775322531293,3.2726695668697356,11,6
3677,-40.0,0.2,245.66666666666666,0.3674251316167266,3.247941873073578,6,14
3678,-77.0,0.25,198.4,0.36736165293848266,3.215904407501221,5,3
3679,-37.0,0.5,161.85714285714286,0.36717129306039376,3.1626662397384644,7,3
3680,-3.0,0.625,189.71428571428572,0.36711420736550965,3.1101243782043455,7,1
3681,-18.0,0.375,137.8,0.3669683683756607,3.1401688623428345,5,3
3682,10.0,0.4375,165.125,0.36687329212729836,3.148694236278534,8,8
3683,-16.0,0.5555555555555556,252.14285714285714,0.3667022267413607,3.0894409370422364,7,2
3684,-12.0,0.5,182.25,0.3666135625314418,3.0773229670524596,4,2
3685,-103.0,0.2,197.0,0.36655024615078463,3.0193376874923707,5,5
3686,-86.0,0.26666666666666666,228.33333333333334,0.36644263736162414,3.021955337524414,9,6
3687,-118.0,0.35294117647058826,101.25,0.3663224120036915,3.0054635119438173,8,9
3688,-8.0,0.23529411764705882,198.6,0.3662528287274917,3.005749069452286,5,12
3689,-84.0,0.2,271.5,0.36611370809163596,2.9893947088718416,6,9
3690,1.0,0.6,162.2,0.36608209830134264,2.969167773723602,5,0
3691,-133.0,0.21428571428571427,192.16666666666666,0.36588618813882184,2.950250766277313,6,8
3692,-61.0,0.09523809523809523,182.75,0.3658167008213165,2.9420346283912657,4,17
3693,-87.0,0.35714285714285715,120.875,0.36572828452394585,2.969610869884491,8,6
3694,-69.0,0.38461538461538464,119.11111111111111,0.3656462058406608,2.9260789835453034,9,4
3695,49.0,0.8571428571428571,215.0,0.3656020184650316,2.9374001932144167,7,0
3696,-41.0,0.29411764705882354,113.28571428571429,0.3655073520601628,2.984803351163864,7,10
3697,-64.0,0.21428571428571427,296.6666666666667,0.3653748667961505,3.013701652288437,6,8
3698,-187.0,0.13636363636363635,215.5,0.3652424371642655,3.007602252960205,10,12
3699,-60.0,0.0,600.0,0.3648580758989705,3.1278797674179075,0,4
3700,-65.0,0.2,231.0,0.3644867624874073,3.171141256093979,2,3
3701,-54.0,0.375,190.77777777777777,0.3643609929379992,3.2938475692272187,9,7
3702,-13.0,0.5714285714285714,112.16666666666667,0.3643169854795818,3.3224956810474398,6,1
3703,-54.0,0.2,265.2,0.364178716427393,3.353439532518387,5,10
3704,-43.0,0.2857142857142857,175.33333333333334,0.36406563244581713,3.411093657016754,6,8
3705,-1.0,0.6,210.0,0.3640342274528484,3.4056181955337523,5,0
3706,29.0,0.8333333333333334,226.83333333333334,0.36399654560651,3.4064450097084045,6,0
3707,11.0,0.45454545454545453,79.16666666666667,0.36382703324433946,3.406906716823578,6,5
3708,-12.0,0.23529411764705882,213.5,0.36376427411381285,3.4389331269264223,6,11
3709,-64.0,0.2222222222222222,183.71428571428572,0.3636074311907543,3.406454943418503,7,11
3710,-124.0,0.2,204.25,0.3634569357455791,3.44355207324028,4,11
3711,-39.0,0.4375,162.6,0.36327518343611154,3.5303484308719635,10,6
3712,-56.0,0.18181818181818182,337.0,0.3631686879789969,3.48158478140831,4,7
3713,-67.0,0.4166666666666667,125.125,0.3629996225392652,3.410456533432007,8,4
3714,-36.0,0.36363636363636365,142.16666666666666,0.36281813539455204,3.347659180164337,6,5
3715,-123.0,0.3125,227.41666666666666,0.362705541133993,3.326855480670929,12,4
3716,34.0,1.0,114.0,0.3626805256913333,3.313423664569855,4,0
3717,-17.0,0.5,182.875,0.36255547849216385,3.2731921243667603,8,4
3718,-60.0,0.0,600.0,0.36217439331762713,3.2471380925178526,0,4
3719,0.0,0.625,243.33333333333334,0.3619621868885341,3.2826242208480836,6,2
3720,-20.0,0.25,146.4,0.3618810872633512,3.32030194401741,5,11
3721,-79.0,0.16666666666666666,169.14285714285714,0.3617875369704178,3.3242602097988128,7,11
3722,-3.0,0.5714285714285714,89.4,0.3617438897706172,3.261929416656494,5,2
3723,-17.0,0.5,176.33333333333334,0.36168154722712526,3.2650210082530977,6,0
3724,-52.0,0.2857142857142857,172.5,0.36150082434443576,3.17001757979393,8,6
3725,22.0,0.8,242.4,0.3614696758194535,3.151628905534744,5,0
3726,-24.0,0.5454545454545454,192.55555555555554,0.36140116002778666,3.156224123239517,9,2
3727,40.0,0.8571428571428571,187.28571428571428,0.36135756691697174,3.109314659833908,7,0
3728,-87.0,0.3684210526315789,131.5,0.3611708084099764,3.1396155285835268,8,11
3729,-71.0,0.2777777777777778,218.27272727272728,0.3610712496815313,3.167601934671402,11,7
3730,-67.0,0.3157894736842105,176.75,0.36093440843895247,3.201352450847626,8,11
3731,-69.0,0.2777777777777778,220.88888888888889,0.3607914115028874,3.1899427616596223,9,9
3732,-97.0,0.2727272727272727,266.1666666666667,0.3606484803302862,3.1543493628501893,6,5
3733,14.0,0.6666666666666666,171.75,0.3605925686360301,3.077035436630249,8,1
3734,-67.0,0.2857142857142857,127.16666666666667,0.36046835645266856,3.050278162956238,6,8
3735,-19.0,0.2222222222222222,294.5,0.3604248939252131,3.010257738828659,4,5
3736,2.0,0.6,128.2,0.3603876451729119,3.009954596757889,5,0
3737,-48.0,0.2857142857142857,216.8,0.36022008109089243,2.9832817935943603,5,9
3738,42.0,0.8571428571428571,103.71428571428571,0.36013323162767935,2.960211043357849,7,0
3739,-56.0,0.35294117647058826,211.5,0.3600526074690509,2.998422927856445,8,9
3740,-28.0,0.5,218.55555555555554,0.35995340650766117,3.0397069478034973,9,1
3741,-58.0,0.07142857142857142,235.5,0.3599038179298119,3.093462121486664,4,10
3742,-192.0,0.2222222222222222,162.46153846153845,0.35979227263471497,3.1371497797966,13,5
3743,-3.0,0.3333333333333333,218.28571428571428,0.3596993488921829,3.2036402583122254,7,8
3744,-62.0,0.15789473684210525,199.83333333333334,0.35960026095545283,3.180914123058319,6,13
3745,-11.0,0.42857142857142855,165.25,0.3594516884904384,3.1721528923511504,8,6
3746,41.0,1.0,137.5,0.3594269333455782,3.1632945692539214,4,0
3747,29.0,0.45,118.3,0.3592413328712812,3.165532097816467,10,10
3748,-55.0,0.125,275.75,0.3591300260278814,3.138046156167984,4,12
3749,3.0,0.6666666666666666,97.33333333333333,0.35911147878274263,3.1289356863498687,3,0
3750,-89.0,0.4,282.4,0.3590125789343518,3.088235261440277,10,5
3751,48.0,1.0,103.25,0.3589816792214698,3.10872628569603,4,0
3752,-58.0,0.42857142857142855,172.5,0.3588148741561112,3.122775309085846,8,6
3753,7.0,0.6363636363636364,120.0,0.35874694235656884,3.162333468198776,8,3
3754,-7.0,0.46153846153846156,249.71428571428572,0.35858026401489884,3.083767560720444,7,6
3755,-38.0,0.42857142857142855,141.0,0.3585370658018822,3.0633873426914215,5,2
3756,-29.0,0.05,26.0,0.3584938736361921,3.068459839820862,3,17
3757,-37.0,0.5333333333333333,224.58333333333334,0.35840133935493745,3.1193755066394804,12,3
3758,-69.0,0.2857142857142857,200.25,0.3582533422341976,3.055613214969635,8,13
3759,-101.0,0.05555555555555555,260.25,0.3581793703090474,3.018397697210312,4,14
3760,-10.0,0.10526315789473684,189.33333333333334,0.3580992540883271,3.008789676427841,3,16
3761,-68.0,0.3333333333333333,235.57142857142858,0.358012998373546,2.9900597631931305,7,8
3762,-14.0,0.5555555555555556,146.77777777777777,0.3579575610233499,2.9841597950458527,9,0
3763,33.0,0.8571428571428571,250.71428571428572,0.35791444998264993,3.0037197172641754,7,0
3764,-63.0,0.23809523809523808,162.0,0.35778515306791,2.983698344230652,8,13
3765,4.0,0.5555555555555556,259.6666666666667,0.357711293494677,2.9700278520584105,6,3
3766,-102.0,0.2727272727272727,188.28571428571428,0.3576436044561754,3.0001631069183348,7,4
3767,-153.0,0.3157894736842105,138.8,0.3575267220955371,3.0798940229415894,10,9
3768,16.0,0.625,127.8,0.3573299679614347,3.052545630931854,5,3
3769,19.0,0.6363636363636364,162.375,0.3572254935339869,3.1285419380664825,8,3
3770,-15.0,0.5,187.66666666666666,0.35705963655289374,2.9925894176959993,3,1
3771,-28.0,0.2631578947368421,166.875,0.3569736718902734,2.9502896308898925,8,11
3772,-60.0,0.36363636363636365,224.0,0.35690614511067564,2.9476927518844604,9,2
3773,41.0,0.8333333333333334,109.2,0.3568693185828983,2.9415257811546325,5,1
3774,0.0,0.625,215.75,0.35682022341964276,2.91906698346138,8,0
3775,-47.0,0.3157894736842105,117.5,0.3567097880187765,2.876614784002304,10,9
3776,-35.0,0.1111111111111111,231.5,0.35666071837836943,2.903565639257431,4,14
3777,-109.0,0.35294117647058826,248.92307692307693,0.3564890364515037,2.956483920812607,13,4
3778,-77.0,0.36363636363636365,180.85714285714286,0.3564216162799752,2.964273445606232,7,4
3779,-120.0,0.2857142857142857,185.75,0.3563297035826851,2.9399519252777098,8,6
3780,-67.0,0.23076923076923078,189.66666666666666,0.3562133204095271,2.9829121935367584,6,7
3781,-36.0,0.4444444444444444,206.16666666666666,0.35613371529533394,2.9783496189117433,6,3
3782,-97.0,0.21052631578947367,217.55555555555554,0.3560174065835765,2.9227089631557464,9,10
3783,-25.0,0.3157894736842105,199.33333333333334,0.35590726014475493,2.9169301736354827,9,10
3784,-79.0,0.25,156.5,0.35573600003637984,2.9150202584266665,6,10
3785,38.0,0.75,151.28571428571428,0.3556809725089993,2.893994629383087,7,1
3786,9.0,0.38461538461538464,154.66666666666666,0.3556137300919845,2.850098662376404,6,7
3787,-28.0,0.5384615384615384,217.54545454545453,0.355515949344109,2.929364746809006,11,2
3788,-116.0,0.25,233.0,0.35540598339740326,2.916990314722061,7,5
3789,-42.0,0.25,174.85714285714286,0.3553082691178346,2.9219200789928435,7,13
3790,-10.0,0.5714285714285714,120.42857142857143,0.35526552895203944,2.905011795759201,7,0
3791,29.0,0.38461538461538464,138.83333333333334,0.3551861702315927,2.9084589326381685,6,7
3792,-28.0,0.2727272727272727,201.0,0.3550946281125276,2.941883484125137,6,5
3793,8.0,0.46153846153846156,144.5,0.3549665152742996,2.9697037363052368,6,7
3794,-21.0,0.35294117647058826,147.71428571428572,0.3548567470882599,2.9876969695091247,7,10
3795,-2.0,0.4444444444444444,224.33333333333334,0.3548201664734901,2.9552790796756745,6,3
3796,45.0,1.0,179.25,0.3547896859808928,2.9254967987537386,4,0
3797,-14.0,0.5,127.8,0.3546190515388465,2.886711896657944,5,3
3798,5.0,0.3125,101.42857142857143,0.3545520427187484,2.8745966494083404,7,9
3799,-35.0,0.2,227.4,0.3544667800841131,2.849670697450638,5,15
3800,-22.0,0.5555555555555556,202.22222222222223,0.3544119809957638,2.840992566347122,9,0
3801,17.0,0.3888888888888889,209.375,0.3542780691868841,2.993271814584732,8,10
3802,-54.0,0.375,168.375,0.3542293885903658,3.0187138068675994,8,0
3803,-26.0,0.5,156.8,0.3540955571044721,3.2102519941329954,5,5
3804,-63.0,0.3333333333333333,242.8,0.35395570531658127,3.348395519256592,5,1
3805,-84.0,0.16666666666666666,247.33333333333334,0.35384630095663366,3.4918853974342348,6,6
3806,-15.0,0.5714285714285714,180.66666666666666,0.35380376545205455,3.5142206525802613,6,1
3807,-38.0,0.2631578947368421,201.85714285714286,0.35364582856116994,3.515278331041336,7,12
3808,1.0,0.75,118.66666666666667,0.35344548843383394,3.4739863622188567,3,1
3809,-105.0,0.2857142857142857,200.42857142857142,0.3532574105411765,3.379144493341446,7,7
3810,53.0,0.8571428571428571,239.85714285714286,0.3532088932369777,3.37443709731102,7,0
3811,-19.0,0.5454545454545454,176.33333333333334,0.35314219461758267,3.365388833284378,9,2
3812,30.0,0.4666666666666667,150.57142857142858,0.35306338789230035,3.3361779272556307,7,8
3813,-67.0,0.4,239.63636363636363,0.3529118940749647,3.3189375734329225,11,9
3814,-68.0,0.2777777777777778,94.375,0.3527907535470554,3.4325010061264036,8,10
3815,-1.0,0.36363636363636365,230.83333333333334,0.3527120381845738,3.4206120109558107,6,5
3816,-14.0,0.45454545454545453,287.8333333333333,0.3525304654389339,3.380282988548279,6,5
3817,-92.0,0.2,201.42857142857142,0.35236109580621144,3.3660561656951904,7,8
3818,45.0,0.8181818181818182,145.22222222222223,0.3522824921402212,3.250525598526001,9,2
3819,-121.0,0.25,163.625,0.35216764661523964,3.208828909397125,8,4
3820,-35.0,0.5,172.875,0.35210721912886667,3.2301269221305846,8,2
3821,-77.0,0.2,215.6,0.3519924401949763,3.279450596570969,5,10
3822,-81.0,0.25,253.66666666666666,0.3518958180744778,3.23374373793602,6,2
3823,-2.0,0.3,171.14285714285714,0.35181733536497267,3.1441067051887512,7,13
3824,-59.0,0.5,213.88888888888889,0.3517026665659857,3.11986798286438,9,9
3825,-12.0,0.5714285714285714,300.0,0.35166043114921464,3.1678235030174253,7,0
3826,-14.0,0.5,196.5,0.3515337603708575,3.1550754010677338,8,4
3827,-35.0,0.42857142857142855,217.28571428571428,0.35149154859929843,3.1826158392429353,7,0
3828,-16.0,0.5,214.11111111111111,0.3513770035757636,3.1354482913017274,9,3
3829,-83.0,0.3,159.5,0.3512143039266915,3.199973534345627,6,4
3830,-42.0,0.45454545454545453,255.6,0.3511480440686793,3.16540101647377,10,1
3831,-11.0,0.2727272727272727,250.5,0.3510938422990525,3.1485198497772218,4,7
3832,3.0,0.3125,205.66666666666666,0.35100954782498595,3.118700567483902,6,10
3833,-17.0,0.3684210526315789,115.11111111111111,0.3509072219751056,3.0833196663856506,9,10
3834,-17.0,0.42857142857142855,229.75,0.35079289895350485,3.1201814913749697,8,6
3835,17.0,0.7142857142857143,195.57142857142858,0.35075079089528427,3.1118828415870667,7,0
3836,-2.0,0.2631578947368421,99.14285714285714,0.3506545660389958,3.109377429485321,7,12
3837,-28.0,0.5,184.75,0.3505764060130694,3.1739150035381316,8,0
3838,-11.0,0.5714285714285714,255.85714285714286,0.35046821798191874,3.170742505788803,7,0
3839,-1.0,0.14285714285714285,219.25,0.3503901064001891,3.1876431584358214,4,17
3840,-107.0,0.375,171.72727272727272,0.35027597984517583,3.161366801261902,11,5
3841,-21.0,0.5,187.5,0.35014989041427486,3.1723538756370546,4,2
3842,-36.0,0.5,108.14285714285714,0.35000585303861165,3.1695011150836945,7,3
3843,-43.0,0.3888888888888889,111.55555555555556,0.3498618847842983,3.2099408888816834,9,9
3844,-72.0,0.25,142.16666666666666,0.34972398003782096,3.247534795999527,6,10
3845,-34.0,0.5,223.25,0.349652054913972,3.2227450549602508,8,4
3846,6.0,0.6,165.5,0.34959213049563076,3.2813571894168856,4,1
3847,32.0,0.8333333333333334,251.5,0.34955618159694835,3.245274201631546,6,0
3848,-25.0,0.45454545454545453,207.85714285714286,0.34937650179732044,3.0525070893764497,7,4
3849,4.0,0.6,130.9,0.34929268811128084,3.0135256242752075,10,0
3850,-50.0,0.3333333333333333,225.25,0.3491789784959938,2.9176181352138517,8,10
3851,-19.0,0.4444444444444444,182.16666666666666,0.34910718415682007,2.9426023781299593,6,3
3852,-36.0,0.10526315789473684,167.2,0.3490593308357227,2.9763761055469513,5,14
3853,45.0,0.4666666666666667,129.14285714285714,0.34898756520854185,2.9838545513153076,7,8
3854,-38.0,0.5,156.7,0.3489038604095023,2.9279339122772217,10,2
3855,-24.0,0.3333333333333333,192.5,0.34879029852067206,3.0245747458934784,6,6
3856,15.0,0.75,166.75,0.34876042098472165,3.051940871477127,4,0
3857,-24.0,0.4444444444444444,259.6666666666667,0.34867080630130093,3.1148998272418975,6,3
3858,-52.0,0.3333333333333333,253.375,0.3485394200536225,3.095403790473938,8,4
3859,14.0,0.6666666666666666,164.0,0.34841405982469087,2.97031010389328,7,2
3860,-39.0,0.5333333333333333,195.6,0.34832454903403337,3.0755942595005035,10,5
3861,-40.0,0.3333333333333333,223.375,0.34816946059502446,2.998248963356018,8,10
3862,-55.0,0.3333333333333333,147.4,0.348062138908273,2.949088398218155,5,4
3863,2.0,0.6666666666666666,229.16666666666666,0.3480263735975655,2.9057478642463686,6,0
3864,37.0,0.3333333333333333,102.14285714285714,0.347954855850375,2.9540724205970763,7,11
3865,-30.0,0.5,250.83333333333334,0.34790718688705774,2.9921960365772247,6,2
3866,-122.0,0.15,168.0,0.3477999596018478,2.9860417902469636,8,12
3867,-104.0,0.2727272727272727,202.85714285714286,0.3477344508169659,2.910977293252945,7,4
3868,-111.0,0.10526315789473684,143.77777777777777,0.34765109684083845,2.976516388654709,9,10
3869,-55.0,0.4,175.33333333333334,0.34759157257409534,3.0101355504989624,6,4
3870,-18.0,0.375,127.25,0.34748445888958873,3.038003058433533,4,4
3871,-101.0,0.2,141.5,0.3473773837590684,3.01988822221756,4,6
3872,-24.0,0.3,107.66666666666667,0.3472108990442342,2.9201010560989378,3,7
3873,-32.0,0.3333333333333333,237.0,0.3471158067721151,2.9602752208709715,6,6
3874,-39.0,0.23809523809523808,147.875,0.3470326259920716,2.8899828958511353,8,13
3875,36.0,0.8333333333333334,174.5,0.34699698421550185,2.8829953813552858,6,0
3876,-55.0,0.36363636363636365,205.0,0.3468722716735984,2.9029093182086942,8,3
3877,-19.0,0.35714285714285715,119.42857142857143,0.3467594816418257,2.8876338267326354,7,7
3878,1.0,0.6,227.75,0.3467298071774095,2.9159171414375304,4,1
3879,-7.0,0.15384615384615385,165.33333333333334,0.346676400618852,2.908121463060379,3,10
3880,-59.0,0.46153846153846156,168.57142857142858,0.34659927478148445,2.934740411043167,7,6
3881,-50.0,0.2222222222222222,279.57142857142856,0.34651030834468277,2.9319841074943542,7,11
3882,-109.0,0.375,167.0,0.3463798725069998,2.9889745700359343,10,6
3883,-9.0,0.5,119.0,0.3462020979212046,3.003114711046219,2,2
3884,-68.0,0.25,185.16666666666666,0.34605995503122516,3.0685934841632845,6,2
3885,20.0,0.8571428571428571,295.8333333333333,0.34578178943180976,3.0758820104599,6,1
3886,-29.0,0.3076923076923077,101.4,0.34563984824149346,3.0352798652648927,5,8
3887,-70.0,0.2777777777777778,109.71428571428571,0.34551570557701644,3.0350165832042695,7,11
3888,40.0,1.0,138.75,0.34548615548398803,3.0538690769672394,4,0
3889,-91.0,0.2777777777777778,184.0,0.3453620773569154,3.105041884183884,9,9
3890,-89.0,0.2857142857142857,254.5,0.34527348202367275,3.100267708301544,6,8
3891,-129.0,0.3125,199.125,0.34517900962581505,3.021949827671051,8,8
3892,17.0,0.8,212.4,0.34514949320069827,3.0309590911865234,5,0
3893,0.0,0.38461538461538464,183.4,0.3450314570122295,3.0593607378005983,5,8
3894,-132.0,0.09523809523809523,139.5,0.34491936635713816,3.0109887516498564,6,15
3895,-4.0,0.4,131.8,0.34476015289081013,2.908165365457535,5,5
3896,-42.0,0.35294117647058826,199.4,0.34461870196835975,2.900678162574768,10,7
3897,-71.0,0.26666666666666666,151.71428571428572,0.34444787266650456,2.9169823467731475,7,8
3898,-41.0,0.4444444444444444,179.83333333333334,0.3442771424169165,2.991968848705292,6,3
3899,-23.0,0.5,203.75,0.34424183127853714,3.0452146434783938,4,2
3900,-65.0,0.05,166.66666666666666,0.344153571968712,3.0606385600566863,3,17
3901,-50.0,0.375,156.77777777777777,0.3440124121352373,3.1775354039669037,9,7
3902,-43.0,0.16666666666666666,201.8,0.34394773651914623,3.216583386659622,5,13
3903,-46.0,0.17647058823529413,144.66666666666666,0.34386544267459673,3.279575890302658,6,11
3904,-58.0,0.2,140.2,0.3437655454075851,3.3812040293216707,5,5
3905,-135.0,0.16666666666666666,213.8,0.3436950501364582,3.4600977075099943,5,7
3906,-7.0,0.4,168.83333333333334,0.3435775956088752,3.5044936203956603,6,9
3907,-7.0,0.35714285714285715,168.33333333333334,0.3434425809706427,3.524906301498413,6,8
3908,-32.0,0.25,200.28571428571428,0.34338389832290894,3.535365118980408,7,9
3909,-152.0,0.25,202.44444444444446,0.3432724336211808,3.5291598558425905,9,7
3910,-88.0,0.15384615384615385,163.33333333333334,0.3431844650870344,3.5729918694496154,6,7
3911,-33.0,0.5384615384615384,206.11111111111111,0.34310824703488785,3.4933073389530183,9,4
3912,-66.0,0.2,135.0,0.3430203277493296,3.5255881559848787,6,14
3913,-38.0,0.45454545454545453,194.28571428571428,0.34293829354288463,3.510957988500595,7,4
3914,-21.0,0.5454545454545454,130.2,0.34286799678838237,3.4815196692943573,10,1
3915,41.0,0.8333333333333334,109.2,0.342832854737333,3.466057173013687,5,1
3916,22.0,0.75,206.33333333333334,0.34258697842186364,3.485077177286148,6,2
3917,-86.0,0.3333333333333333,298.0,0.34251091569605685,3.5143340325355528,7,5
3918,-24.0,0.5,186.125,0.34239978266470555,3.567756726741791,8,2
3919,-24.0,0.15,174.25,0.34234130855577843,3.573912813663483,4,16
3920,29.0,0.7,104.3,0.3422360846261421,3.512032914161682,10,0
3921,-26.0,0.4,103.5,0.3422068624788112,3.4324170398712157,4,1
3922,19.0,0.25,135.66666666666666,0.3421425840399534,3.457523081302643,6,14
3923,-99.0,0.2,75.16666666666667,0.3420082293552416,3.4508987891674043,6,9
3924,-28.0,0.42857142857142855,145.14285714285714,0.34196735106467896,3.466430858373642,7,0
3925,-48.0,0.375,211.44444444444446,0.3418505874785272,3.3891915595531463,9,7
3926,-5.0,0.8,280.25,0.3415530516483688,3.291249154806137,4,1
3927,-65.0,0.25,138.0,0.3414597695977655,3.24505601644516,5,11
3928,-96.0,0.3333333333333333,237.44444444444446,0.3413898276464319,3.1868984973430634,9,3
3929,-12.0,0.6666666666666666,120.4,0.3411742789368323,3.1889289772510527,5,1
3930,-63.0,0.15384615384615385,163.0,0.341110227641367,3.150748621225357,5,8
3931,-14.0,0.5454545454545454,201.88888888888889,0.3410461904356369,3.2113163018226625,9,2
3932,-81.0,0.4375,250.375,0.34095307055467294,3.2684683167934416,8,8
3933,41.0,0.7777777777777778,270.55555555555554,0.34089488575923554,3.2418532586097717,9,0
3934,-6.0,0.5555555555555556,89.5,0.340772735560554,3.2248474752902982,6,3
3935,-23.0,0.3333333333333333,317.8,0.34065644972504733,3.1810582280158997,5,4
3936,-15.0,0.5714285714285714,265.2857142857143,0.3406157606703861,3.171459662914276,7,0
3937,-20.0,0.3333333333333333,215.8,0.34045887052377616,3.065952377319336,5,7
3938,-23.0,0.5,157.75,0.340383361034099,3.0024752902984617,4,2
3939,-18.0,0.5,220.5,0.3403078711743372,2.9845775616168977,6,2
3940,26.0,0.8571428571428571,287.5,0.3400351099932727,2.9324951219558715,6,1
3941,27.0,0.8333333333333334,213.83333333333334,0.3399713092874092,2.9361172902584074,6,0
3942,-69.0,0.1875,154.71428571428572,0.3399191191489908,2.8819805252552033,7,9
3943,-61.0,0.23076923076923078,190.0,0.33982635987313886,2.8910725462436675,7,6
3944,49.0,0.8181818181818182,161.88888888888889,0.3397626050872503,2.8493479573726654,9,2
3945,-10.0,0.29411764705882354,204.71428571428572,0.33970465836109864,2.8562437677383423,7,10
3946,-48.0,0.2857142857142857,170.45454545454547,0.3396061755202875,2.884353504180908,11,10
3947,-151.0,0.17647058823529413,118.16666666666667,0.3393745832291393,3.018952560424805,6,11
3948,-51.0,0.42857142857142855,190.66666666666666,0.33914317613773426,3.196306471824646,6,1
3949,-3.0,0.5555555555555556,193.0,0.3390622273817704,3.2413309025764465,6,3
3950,-32.0,0.42857142857142855,136.83333333333334,0.33901020086336886,3.207774369716644,6,1
3951,5.0,0.6666666666666666,216.33333333333334,0.3389408467379896,3.2349093341827393,6,0
3952,-42.0,0.3888888888888889,192.0,0.3387675342288989,3.1503508508205416,10,8
3953,-17.0,0.4666666666666667,181.5,0.33857701053604244,3.019013293981552,8,7
3954,-107.0,0.3333333333333333,155.71428571428572,0.33842122101730876,2.9200093138217924,7,5
3955,-11.0,0.6,200.4,0.3383347076286607,2.976364177465439,10,5
3956,-70.0,0.47368421052631576,145.63636363636363,0.33822516125489105,3.002508212327957,11,8
3957,-39.0,0.38095238095238093,210.0,0.33811565650083514,2.9665276157855986,12,9
3958,-61.0,0.4666666666666667,215.5,0.3379428389573822,3.1648045670986176,10,5
3959,-71.0,0.36363636363636365,153.42857142857142,0.33787374096812284,3.1379140317440033,7,4
3960,-31.0,0.16666666666666666,173.6,0.3378449550333467,3.0989453208446505,5,7
3961,0.0,0.5714285714285714,265.3333333333333,0.3377701250733544,3.100978511571884,6,1
3962,-55.0,0.3333333333333333,190.44444444444446,0.33762627597608885,3.1547792494297027,9,9
3963,-19.0,0.5,177.83333333333334,0.3375572539528287,3.17211057305336,6,2
3964,55.0,1.0,152.8,0.33752849966517173,3.1827800416946412,5,0
3965,23.0,0.4444444444444444,239.2,0.3374250080349035,3.133398164510727,10,8
3966,10.0,0.625,227.0,0.3372985688500287,3.1325477838516234,5,3
3967,-59.0,0.3333333333333333,224.8,0.3371606986284809,3.0807542824745178,5,7
3968,-89.0,0.1111111111111111,223.625,0.33708030488851376,2.9733708453178407,8,10
3969,3.0,0.3,74.5,0.3370286350840558,3.0423957097530363,4,6
3970,-76.0,0.2631578947368421,155.88888888888889,0.33691384658925166,3.042110778093338,9,10
3971,-34.0,0.25,134.0,0.3368277853451069,3.006176825761795,5,11
3972,-57.0,0.11764705882352941,97.16666666666667,0.33675895493660346,2.9883532512187956,6,11
3973,28.0,0.7272727272727273,102.22222222222223,0.33669587490557534,2.99540918469429,9,2
3974,-3.0,0.625,109.14285714285714,0.3366213436675807,2.9694821560382842,7,1
3975,-76.0,0.08333333333333333,236.25,0.33645515148864424,2.9304223537445067,4,8
3976,-52.0,0.21052631578947367,99.14285714285714,0.3363864105015354,2.864989619255066,7,12
3977,-118.0,0.3333333333333333,232.8181818181818,0.33629478151159514,2.9074029326438904,11,4
3978,17.0,0.38095238095238093,178.77777777777777,0.33621463019448006,2.911047693490982,9,12
3979,-66.0,0.2857142857142857,195.33333333333334,0.3360372321228443,2.941872591972351,6,8
3980,-38.0,0.15384615384615385,162.0,0.33589424925547856,3.0800598788261415,4,9
3981,-31.0,0.1875,158.0,0.33580277773194106,3.0605272674560546,6,10
3982,-11.0,0.5714285714285714,123.0,0.33576276814379513,3.1003891706466673,5,2
3983,44.0,0.8571428571428571,107.85714285714286,0.3357227641565994,3.142309625148773,7,0
3984,-67.0,0.15789473684210525,194.28571428571428,0.3356142101327907,3.146765990257263,7,12
3985,-54.0,0.14285714285714285,276.7142857142857,0.33544289300698826,3.079022104740143,7,14
3986,-132.0,0.26666666666666666,106.55555555555556,0.33535727298273205,3.0003384351730347,9,6
3987,-52.0,0.16666666666666666,193.5,0.33524885781918423,3.1066782319545747,4,2
3988,-4.0,0.3157894736842105,148.57142857142858,0.33516329599675354,3.083908619880676,7,12
3989,-14.0,0.38095238095238093,132.54545454545453,0.33499794924027,3.015866994857788,11,10
3990,-1.0,0.18181818181818182,129.66666666666666,0.33498084987630167,3.006082923412323,3,8
3991,-46.0,0.4166666666666667,166.125,0.3348383950680334,3.0449797677993775,8,4
3992,-23.0,0.5,227.375,0.3346960114693654,3.04580819606781,8,4
3993,-60.0,0.0,600.0,0.33434889412000995,3.048514678478241,0,4
3994,-67.0,0.3333333333333333,218.0,0.3342692875750928,3.07872013092041,8,1
3995,9.0,0.6666666666666666,199.33333333333334,0.3342351773072407,3.0587411952018737,6,0
3996,-72.0,0.4166666666666667,160.75,0.33414991954335255,3.1467046654224395,8,4
3997,-77.0,0.35714285714285715,258.77777777777777,0.33403628230449817,3.196035854816437,9,5
3998,-95.0,0.2222222222222222,188.0,0.3339397263839513,3.235648885965347,7,2
3999,-21.0,0.75,313.3333333333333,0.33366160175542225,3.2916317236423493,3,1
4000,-106.0,0.35294117647058826,179.1,0.33353114742541096,3.253974714279175,10,7
4001,-45.0,0.36363636363636365,219.83333333333334,0.3333950851322096,3.44236932516098,6,5
4002,-37.0,0.3333333333333333,210.71428571428572,0.3332987471816443,3.6183249616622923,7,5
4003,-10.0,0.35714285714285715,204.85714285714286,0.33324775799631595,3.5959187817573546,7,7
4004,14.0,0.5,175.375,0.33315713321449547,3.690286124944687,8,6
4005,19.0,0.8,166.6,0.33312881891691254,3.665431512594223,5,0
4006,-71.0,0.36363636363636365,211.16666666666666,0.3329872898926587,3.801968114376068,6,5
4007,-3.0,0.4,206.8,0.3329306980940487,3.8470053553581236,5,5
4008,-15.0,0.5714285714285714,209.14285714285714,0.33287411761266655,3.8470989656448364,7,0
4009,-13.0,0.5714285714285714,157.6,0.3328345180082378,3.7785534596443178,5,2
4010,-5.0,0.3333333333333333,243.0,0.3327383706180975,3.656482231616974,4,5
4011,-86.0,0.35714285714285715,159.88888888888889,0.33264790881416034,3.73105352640152,9,5
4012,-27.0,0.6,235.33333333333334,0.3323371670537661,3.609113175868988,3,2
4013,42.0,0.7777777777777778,133.125,0.3322863509372841,3.591706371307373,8,1
4014,-79.0,0.36363636363636365,223.75,0.33215652907716997,3.645493628978729,8,3
4015,-79.0,0.2631578947368421,203.5,0.33201548607632003,3.5719907653331755,8,11
4016,-104.0,0.21052631578947367,221.22222222222223,0.3319083405505502,3.5418644654750824,9,10
4017,-21.0,0.42857142857142855,160.25,0.33169417160623926,3.4320370066165924,4,3
4018,-28.0,0.23809523809523808,89.75,0.33162094064205955,3.330637868642807,8,13
4019,-144.0,0.0625,225.75,0.33139573398422006,3.3988144969940186,4,12
4020,31.0,0.8333333333333334,98.66666666666667,0.3313619685221102,3.395420484542847,6,0
4021,2.0,0.625,195.16666666666666,0.33131695420838775,3.4139484572410583,6,2
4022,-8.0,0.6666666666666666,209.0,0.3311313462759655,3.4290876722335817,4,2
4023,-87.0,0.16666666666666666,213.6,0.33103015720643153,3.4959653568267823,5,7
4024,-41.0,0.5,202.55555555555554,0.33096271806172306,3.3995166659355163,9,3
4025,14.0,0.35714285714285715,106.0,0.3309065311369905,3.3612796473503113,6,8
4026,-2.0,0.3333333333333333,152.8,0.3308447384975799,3.2060021018981932,5,7
4027,-49.0,0.4444444444444444,113.75,0.33079419099406215,3.1573785507678984,8,1
4028,-14.0,0.3333333333333333,166.28571428571428,0.3307155796266888,3.155067130327225,7,8
4029,12.0,0.7142857142857143,208.83333333333334,0.33067628219642536,3.1940696942806244,6,1
4030,22.0,0.7142857142857143,115.0,0.330625765012313,3.2091755759716034,6,1
4031,12.0,0.7142857142857143,103.0,0.3305864801552154,3.2617555367946625,5,2
4032,-90.0,0.125,228.0,0.3304630492607352,3.283361095190048,7,9
4033,-49.0,0.3125,145.0,0.33032285278814383,3.379276820421219,6,10
4034,-46.0,0.3333333333333333,192.5,0.33023316382625084,3.446180202960968,6,6
4035,-64.0,0.2,133.25,0.33004827095948314,3.387835440635681,4,16
4036,-5.0,0.8,320.25,0.32976276735469606,3.098575909137726,4,1
4037,51.0,1.0,199.8,0.3297180088926918,3.039762077331543,5,0
4038,46.0,1.0,201.0,0.329690038490346,2.9970005667209625,5,0
4039,-80.0,0.3125,185.66666666666666,0.32957818484716983,2.9529578423500062,9,7
4040,-57.0,0.3333333333333333,121.0,0.32949432397147604,2.927172545194626,7,8
4041,-20.0,0.4444444444444444,163.4,0.3293993120542669,2.8087528026103974,5,4
4042,-45.0,0.4444444444444444,243.6,0.3293378509665825,2.8493859362602234,5,4
4043,-44.0,0.5,165.375,0.32927081792663704,2.9203532934188843,8,4
4044,-39.0,0.42857142857142855,111.0,0.32922613817024465,3.0186583161354066,4,3
4045,-39.0,0.5,310.0,0.3290363289387416,3.095254666805267,4,0
4046,1.0,0.5625,170.6,0.3289358939397082,3.1223412811756135,10,6
4047,-35.0,0.42857142857142855,212.14285714285714,0.3288968456480008,3.1815664875507355,7,0
4048,-9.0,0.2,252.6,0.3288410718564363,3.1789039075374603,5,10
4049,-122.0,0.21052631578947367,251.14285714285714,0.3287295577320054,3.197535597085953,7,12
4050,-60.0,0.0,600.0,0.32838971501777986,3.067240662574768,0,4
4051,-72.0,0.2777777777777778,129.25,0.3282561200199359,3.090931478738785,8,10
4052,-95.0,0.2222222222222222,168.16666666666666,0.3281670923067233,3.1125611650943754,6,12
4053,-44.0,0.25,167.0,0.3280780930778212,3.0885656595230104,7,13
4054,-62.0,0.3333333333333333,135.5,0.32796688408387165,3.13305951833725,6,3
4055,-96.0,0.375,147.11111111111111,0.32786683401569433,3.1393685758113863,9,7
4056,-68.0,0.2,168.66666666666666,0.327733489940505,3.1273760664463044,6,9
4057,-17.0,0.5882352941176471,134.30769230769232,0.3276390766051017,3.1056352937221527,13,4
4058,-142.0,0.3157894736842105,152.375,0.3275280431826247,3.2041017949581145,8,11
4059,-20.0,0.21052631578947367,145.57142857142858,0.3274503462086175,3.142129281759262,7,12
4060,-103.0,0.1875,163.16666666666666,0.3273671235887721,3.1263179850578307,6,10
4061,-65.0,0.2222222222222222,270.75,0.32729501751083534,3.046895447969437,8,10
4062,-15.0,0.5714285714285714,154.0,0.3272340193170303,3.0432797586917877,5,2
4063,-1.0,0.36363636363636365,198.8,0.32716194784170566,3.036450146436691,5,6
4064,19.0,0.8,239.4,0.3271342330326851,3.032387531995773,5,0
4065,19.0,0.7142857142857143,217.33333333333334,0.3270954369558492,3.0229167783260347,6,1
4066,24.0,0.7272727272727273,220.3,0.32703448266493673,2.930662957429886,10,1
4067,-23.0,0.5,273.75,0.3269624630623979,2.8555384886264803,4,2
4068,-55.0,0.3333333333333333,250.22222222222223,0.32685723732059135,2.855927873849869,9,9
4069,46.0,1.0,164.0,0.32682955298109934,2.808063008785248,5,0
4070,-78.0,0.3333333333333333,115.11111111111111,0.32672437773552876,2.8702984392642974,9,12
4071,-42.0,0.4444444444444444,209.83333333333334,0.3266635050686658,2.8676044499874114,6,3
4072,-80.0,0.16666666666666666,173.57142857142858,0.3265749869107045,2.903819361925125,7,11
4073,-28.0,0.42857142857142855,235.14285714285714,0.3264256767351484,2.9561750638484954,7,0
4074,-46.0,0.3333333333333333,130.33333333333334,0.32622119740104905,3.0415171909332277,3,3
4075,46.0,1.0,209.2,0.3261935766623689,3.021199734210968,5,0
4076,-6.0,0.6,85.0,0.3261659586856245,3.0395623087882995,5,0
4077,-43.0,0.26666666666666666,238.75,0.32611073101683835,3.0450061202049254,8,7
4078,-108.0,0.16666666666666666,150.33333333333334,0.3260113490435009,2.986665256023407,6,12
4079,-53.0,0.2857142857142857,190.75,0.3259230395420807,3.012935140132904,8,6
4080,-31.0,0.2857142857142857,137.33333333333334,0.32580166011011547,3.092078958749771,3,4
4081,18.0,0.6666666666666666,156.0,0.32569136150726263,3.1052979254722595,12,6
4082,-24.0,0.1,139.5,0.32563622874842085,3.086033160686493,4,16
4083,-44.0,0.35294117647058826,170.625,0.3254984450828335,3.1600389564037323,8,9
4084,48.0,1.0,213.0,0.3254708966157715,3.1878030669689177,5,0
4085,-55.0,0.375,161.25,0.32542682479815244,3.123519792556763,8,0
4086,17.0,0.7,73.66666666666667,0.3253717449413621,3.1363659262657166,9,1
4087,-8.0,0.5555555555555556,180.0,0.32523959822154025,3.0945020294189454,6,3
4088,-37.0,0.5,104.0,0.32503599626087276,3.0821718883514406,5,1
4089,-40.0,0.26666666666666666,48.4,0.3249315024373775,3.1031269037723543,5,10
4090,26.0,1.0,375.3333333333333,0.3249150070420981,3.08823033452034,3,0
4091,-29.0,0.23809523809523808,163.11111111111111,0.3248435384315891,3.1180633091926575,9,12
4092,-31.0,0.18181818181818182,189.5,0.32479407104686964,3.141187617778778,4,7
4093,-8.0,0.3157894736842105,143.57142857142858,0.32468966913749087,3.208118534088135,7,12
4094,-3.0,0.3,248.75,0.32460727459654876,3.2759707951545716,4,6
4095,-7.0,0.4,162.33333333333334,0.32454137675870237,3.2796458053588866,6,4
4096,-13.0,0.5714285714285714,182.0,0.32450294365633614,3.299860556125641,5,2
4097,-37.0,0.2222222222222222,144.85714285714286,0.32440962851996513,3.2630500268936156,7,11
4098,-30.0,0.3157894736842105,183.5,0.32426148732228754,3.193250827789307,8,11
4099,-11.0,0.5714285714285714,281.85714285714283,0.3241901886048187,3.1735535621643067,7,0
4100,-71.0,0.2727272727272727,198.75,0.3240421658727067,3.062373487949371,4,7
4101,-56.0,0.1,261.2,0.3239709241714023,3.2061874222755433,5,15
4102,8.0,0.25,105.2,0.32384492652796315,3.447714750766754,5,11
4103,-42.0,0.375,276.8333333333333,0.3237956388772098,3.4613330388069152,6,2
4104,-58.0,0.3,149.83333333333334,0.32365330215574856,3.6812272930145262,6,4
4105,20.0,0.8571428571428571,310.8333333333333,0.3233961889138779,3.873158619403839,6,1
4106,-39.0,0.45454545454545453,240.33333333333334,0.3233360483680195,3.843894908428192,9,2
4107,-76.0,0.4444444444444444,152.5,0.3232322004020028,3.890377678871155,12,6
4108,-65.0,0.15,132.42857142857142,0.3231502430361018,3.837972731590271,7,13
4109,-16.0,0.42105263157894735,169.44444444444446,0.32305192664662075,3.7770774006843566,9,10
4110,-52.0,0.16666666666666666,272.6,0.3230027817230001,3.8238009858131408,5,7
4111,9.0,0.46153846153846156,136.57142857142858,0.3228936024476218,3.7809889245033266,7,6
4112,-104.0,0.15789473684210525,183.0,0.32281720293536725,3.81573832988739,6,13
4113,27.0,0.3684210526315789,134.77777777777777,0.3227353700500332,3.768624647855759,9,10
4114,-87.0,0.16666666666666666,287.2,0.32256087525749083,3.6768940722942354,5,1
4115,-119.0,0.1,217.0,0.32245187270935083,3.6074020397663116,5,15
4116,-44.0,0.125,282.6666666666667,0.32230478841442156,3.511369856595993,3,5
4117,19.0,0.5,148.66666666666666,0.3222339983725381,3.537039897441864,3,3
4118,-62.0,0.3157894736842105,145.55555555555554,0.32213601177177037,3.5549933767318724,9,10
4119,-38.0,0.35294117647058826,163.42857142857142,0.3219945378320613,3.5549446511268616,7,10
4120,38.0,1.0,286.25,0.321972779139394,3.5504283106327055,4,0
4121,-12.0,0.45454545454545453,150.85714285714286,0.32190751350459,3.5154926431179048,7,4
4122,-135.0,0.2,195.57142857142858,0.3218259534851532,3.467863665819168,7,8
4123,-85.0,0.3333333333333333,195.4,0.32169550833682053,3.4819382536411285,5,4
4124,-28.0,0.3076923076923077,204.66666666666666,0.32159228365758374,3.3748975551128386,6,7
4125,-58.0,0.375,240.4,0.32137509671701714,3.3919900071620943,5,3
4126,-23.0,0.5,222.8,0.3213316801749584,3.424052916765213,5,3
4127,-77.0,0.16666666666666666,114.5,0.32120147222088336,3.3934645760059357,4,14
4128,-107.0,0.21428571428571427,129.0,0.32110927939399697,3.3730155169963836,6,8
4129,-126.0,0.3333333333333333,161.1,0.3210062774394381,3.3339377093315123,10,8
4130,-16.0,0.5555555555555556,197.5,0.3208762256411958,3.3629608798027038,6,3
4131,-50.0,0.2857142857142857,259.4,0.3208437224443496,3.3597149515151976,5,2
4132,42.0,0.8571428571428571,144.42857142857142,0.320805806977352,3.31568993806839,7,0
4133,-41.0,0.42857142857142855,162.75,0.3206704379189481,3.28692879319191,4,3
4134,-28.0,0.5,167.6,0.320627134113278,3.3127402210235597,5,3
4135,-1.0,0.625,164.0,0.3205676026924694,3.3621638417243958,8,0
4136,62.0,0.5555555555555556,139.0,0.32045939729391487,3.394106149673462,10,8
4137,-22.0,0.5454545454545454,229.875,0.3203999027711477,3.3588821268081666,8,3
4138,-24.0,0.4,214.75,0.320372864132825,3.364823536872864,4,1
4139,-161.0,0.2,171.33333333333334,0.3202863586579167,3.405750048160553,6,9
4140,12.0,0.75,125.66666666666667,0.3201404434249001,3.3735006165504458,3,1
4141,-27.0,0.2777777777777778,224.77777777777777,0.320059413446977,3.3081790804862976,9,9
4142,-21.0,0.42857142857142855,157.25,0.3198542462661614,3.30413792014122,4,3
4143,-45.0,0.3333333333333333,211.6,0.3197733021345084,3.3249110090732574,5,7
4144,-54.0,0.4444444444444444,207.0,0.31950905380124855,3.3907241833209993,4,5
4145,42.0,0.8333333333333334,215.5,0.3194767146551799,3.400394381284714,6,0
4146,-49.0,0.5,279.0,0.3193851081461862,3.3958186566829682,11,5
4147,-115.0,0.3333333333333333,141.3,0.3192989187026259,3.416527121067047,10,5
4148,-14.0,0.5555555555555556,173.22222222222223,0.31925044925964013,3.405102181434631,9,0
4149,22.0,0.8,117.5,0.3192181411442547,3.3903947925567626,4,1
4150,-15.0,0.5714285714285714,215.83333333333334,0.31918045324270916,3.43410933971405,6,1
4151,-19.0,0.3684210526315789,154.54545454545453,0.3191050932666902,3.404779140949249,11,8
4152,-72.0,0.3,195.75,0.31905665870914307,3.354043494462967,8,2
4153,17.0,0.7272727272727273,169.54545454545453,0.3189974727549208,3.3432712316513062,11,0
4154,-10.0,0.5555555555555556,152.92307692307693,0.3188468763411094,3.3602069675922395,13,5
4155,-75.0,0.25,200.0,0.3187447339363859,3.28766814827919,10,10
4156,-64.0,0.23076923076923078,163.5,0.3186265122641291,3.201973320245743,6,7
4157,6.0,0.4117647058823529,195.8181818181818,0.31856204963701035,3.1228376972675322,11,6
4158,49.0,1.0,263.8,0.31852445358184645,3.1267882418632507,5,0
4159,-47.0,0.3125,103.0,0.31838485716419807,3.0039551877975463,6,10
4160,23.0,0.47368421052631576,223.58333333333334,0.31832045252734414,3.015083453655243,12,7
4161,-46.0,0.2857142857142857,187.41666666666666,0.31825069827813246,2.9495979726314543,12,9
4162,19.0,0.3684210526315789,232.33333333333334,0.318180962162668,3.0114910972118376,9,10
4163,5.0,0.5,200.66666666666666,0.3181487823780341,3.022598307132721,6,2
4164,-66.0,0.2857142857142857,166.0,0.31804154431412557,3.1031654822826384,7,7
4165,-1.0,0.1111111111111111,176.66666666666666,0.31802546230393186,3.103672536611557,3,15
4166,-34.0,0.2,48.42857142857143,0.31795578474220837,3.1478492152690887,7,8
4167,-32.0,0.5,200.875,0.3179129152463007,3.162011134624481,8,0
4168,-89.0,0.2777777777777778,146.3,0.3178164839554859,3.1425579142570497,10,8
4169,-35.0,0.125,217.25,0.31777363674592124,3.113138792514801,4,12
4170,-60.0,0.2857142857142857,217.4,0.31773615106083597,3.106343238353729,5,2
4171,-24.0,0.19047619047619047,164.8,0.3176451362428711,3.1608968389034273,5,16
4172,1.0,0.75,55.333333333333336,0.3174685487332391,3.1625613129138945,3,1
4173,1.0,0.4444444444444444,138.4,0.317361582708377,3.0982606911659243,5,4
4174,-18.0,0.2857142857142857,207.75,0.31730811573871054,3.106828010082245,4,3
4175,-13.0,0.3125,72.0,0.3172172464280175,3.234530074596405,5,11
4176,-5.0,0.625,271.14285714285717,0.31708367120139297,3.22206698179245,7,1
4177,-61.0,0.15789473684210525,184.0,0.317003558117596,3.2157884097099303,7,12
4178,-89.0,0.13333333333333333,169.25,0.31688610239417836,3.2327845597267153,4,11
4179,-74.0,0.2,174.71428571428572,0.3167580278053895,3.2489091658592226,7,8
4180,19.0,0.8,144.4,0.31673135333635466,3.2000640130043028,5,0
4181,-8.0,0.25,227.0,0.31668867973380005,3.174038681983948,5,7
4182,-60.0,0.2857142857142857,154.28571428571428,0.31660335300928927,3.064802892208099,7,0
4183,38.0,0.8333333333333334,112.33333333333333,0.3165713625263955,3.0730007112026216,6,0
4184,-6.0,0.5454545454545454,156.66666666666666,0.31639548347359997,3.07692045211792,6,5
4185,15.0,0.3888888888888889,114.57142857142857,0.31628362086333356,3.0385583424568177,7,11
4186,-62.0,0.3333333333333333,126.0,0.31619309982168914,3.0039061379432677,7,8
4187,-48.0,0.4444444444444444,165.71428571428572,0.31613986652523185,3.056638997793198,7,2
4188,-14.0,0.21052631578947367,247.8,0.3160281112515415,3.102333753108978,5,14
4189,-9.0,0.625,214.75,0.3159855501587195,3.155999186038971,8,0
4190,-42.0,0.4,252.0,0.3158472736276509,3.067339369058609,6,4
4191,-69.0,0.3157894736842105,156.625,0.3157515858339813,3.08180495262146,8,11
4192,-60.0,0.25,147.0,0.3156399936039397,3.135155326128006,5,7
4193,-60.0,0.4,247.0,0.3155868709176646,3.136792150735855,8,2
4194,4.0,0.21428571428571427,147.75,0.31554438041764843,3.1376943480968476,4,10
4195,-35.0,0.3333333333333333,92.4,0.3154434927229657,3.149487050771713,5,7
4196,-20.0,0.5555555555555556,228.85714285714286,0.3153957171942022,3.197887750864029,7,2
4197,-70.0,0.23076923076923078,148.4,0.31526835781864443,3.2570834338665007,5,8
4198,35.0,0.8333333333333334,129.5,0.3152312228480584,3.249661823511124,6,0
4199,-29.0,0.29411764705882354,244.33333333333334,0.315130454130645,3.2341276729106903,6,11
4200,-73.0,0.1875,92.8,0.3150615291732038,3.227056608200073,5,11
4201,23.0,0.7142857142857143,227.57142857142858,0.3150191227211427,3.331670830249786,7,0
4202,-78.0,0.23529411764705882,162.83333333333334,0.31480189611559156,3.6435711693763735,6,11
4203,-14.0,0.5714285714285714,155.57142857142858,0.31473305657212997,3.68032662153244,7,0
4204,30.0,0.8333333333333334,253.0,0.3147012905113431,3.7579287123680114,6,0
4205,-79.0,0.3157894736842105,108.55555555555556,0.31461659964963995,3.924368612766266,9,10
4206,-59.0,0.25,312.0,0.31456368162168924,4.01184045791626,5,3
4207,-52.0,0.46153846153846156,177.625,0.31447903478778605,4.057773101329803,8,5
4208,-20.0,0.42857142857142855,220.4,0.3143838394714475,3.9271582734584807,5,2
4209,-50.0,0.2857142857142857,178.5,0.31431510860858425,3.9458453571796417,6,8
4210,-163.0,0.2,143.22222222222223,0.31423582596899224,3.8763471710681916,9,6
4211,16.0,0.75,210.25,0.31421468794844687,3.894499431848526,4,0
4212,-40.0,0.4,207.28571428571428,0.3140720505325231,3.8056107342243193,7,3
4213,-47.0,0.4444444444444444,177.14285714285714,0.3140245218411378,3.824504791498184,7,2
4214,-69.0,0.36363636363636365,92.33333333333333,0.3139611635591939,3.804208666086197,6,5
4215,-13.0,0.17647058823529413,147.25,0.31390309849060255,3.8339180755615234,4,13
4216,29.0,0.8,160.6,0.31387670950022506,3.8451409006118773,5,0
4217,-16.0,0.4444444444444444,157.33333333333334,0.31375535412773053,3.814897629022598,6,3
4218,10.0,0.6666666666666666,159.66666666666666,0.31372370538419775,3.7801797187328336,6,0
4219,-76.0,0.2777777777777778,163.125,0.31359187649147524,3.7272028720378874,8,10
4220,-26.0,0.5,272.5,0.31354443422363903,3.7701600801944735,6,2
4221,15.0,0.6363636363636364,174.9,0.3134864608254175,3.7666305339336397,10,1
4222,-12.0,0.5555555555555556,136.5,0.3133916227713942,3.6987090170383454,6,3
4223,0.0,0.36363636363636365,160.16666666666666,0.31336001767300553,3.7176335513591767,6,5
4224,17.0,0.8,264.4,0.31333368298799447,3.756683015823364,5,0
4225,11.0,0.75,155.5,0.3133126171360007,3.7655324816703795,4,0
4226,-54.0,0.35714285714285715,247.625,0.3132020490577254,3.7422091436386107,8,6
4227,-4.0,0.5714285714285714,139.71428571428572,0.31316520335011705,3.806365201473236,7,0
4228,-18.0,0.5,257.5,0.313096789291459,3.8222649621963503,10,2
4229,-42.0,0.3684210526315789,210.0909090909091,0.3129810521682051,3.677873556613922,11,8
4230,-3.0,0.6666666666666666,163.0,0.3127392208596694,3.460815906524658,4,2
4231,-36.0,0.26666666666666666,149.33333333333334,0.31267091754206194,3.4677000033855436,6,9
4232,33.0,0.8333333333333334,76.66666666666667,0.31263939892311193,3.4380567586421966,6,0
4233,32.0,0.7777777777777778,234.77777777777777,0.3125711215558342,3.4442292153835297,9,0
4234,-71.0,0.36363636363636365,272.7142857142857,0.31250811204810425,3.4361558735370634,7,4
4235,41.0,1.0,137.0,0.31248711223914394,3.4879685652256014,4,0
4236,1.0,0.7142857142857143,155.5,0.3122772065228341,3.6421298921108245,6,1
4237,-32.0,0.2,342.0,0.3122457351463718,3.660071643590927,4,6
4238,-53.0,0.46153846153846156,194.71428571428572,0.31209367672119287,3.609474928379059,7,6
4239,36.0,0.38095238095238093,158.7,0.31201506041121263,3.568150932788849,10,11
4240,-78.0,0.38461538461538464,275.0,0.31194694535084727,3.5803277468681336,10,3
4241,26.0,1.0,132.0,0.31193122900562126,3.5956230640411375,3,0
4242,-48.0,0.125,99.66666666666667,0.3118788479980955,3.528398072719574,6,10
4243,-19.0,0.375,208.0,0.31177935294111425,3.458425670862198,9,7
4244,-11.0,0.5454545454545454,249.14285714285714,0.3117008309141249,3.4524064695835115,7,4
4245,43.0,0.8571428571428571,113.83333333333333,0.3116589621307707,3.522222546339035,6,1
4246,-32.0,0.3888888888888889,192.0,0.31154385751230623,3.5173190200328825,10,8
4247,-73.0,0.3333333333333333,162.0,0.3114654061233493,3.4735415041446687,11,7
4248,36.0,0.35294117647058826,189.85714285714286,0.31142880352873337,3.4975762355327604,7,10
4249,-42.0,0.4444444444444444,234.0,0.311292895889947,3.5392968678474426,5,4
4250,-44.0,0.14285714285714285,236.66666666666666,0.3111518358158142,3.4303442549705507,3,4
4251,11.0,0.75,159.25,0.31113094450461254,3.4308191657066347,4,0
4252,-40.0,0.4,248.0,0.31082299171797395,3.362988847494125,2,3
4253,-48.0,0.3333333333333333,120.5,0.3107186833843443,3.3948052978515624,8,10
4254,-20.0,0.5,193.5,0.31065611840842944,3.3796939754486086,6,0
4255,16.0,0.75,201.5,0.31063526675303416,3.3788784909248353,4,0
4256,-58.0,0.2777777777777778,190.11111111111111,0.31053624416715087,3.3016363644599913,9,9
4257,29.0,0.75,228.75,0.31046330423085167,3.324489194154739,8,0
4258,-109.0,0.2,200.55555555555554,0.3103331051312237,3.460195837020874,9,6
4259,-4.0,0.6,86.8,0.3103070731223327,3.5051169276237486,5,0
4260,-46.0,0.5,135.11111111111111,0.31023419734494334,3.436575518846512,9,5
4261,27.0,0.5,202.0909090909091,0.31013012448196564,3.4838673853874207,11,9
4262,-94.0,0.4,138.66666666666666,0.31004689615937325,3.4684478759765627,9,6
4263,-25.0,0.2857142857142857,190.0,0.309901310665267,3.462041174173355,3,4
4264,-67.0,0.2727272727272727,122.2,0.3097921750348742,3.40941993355751,5,6
4265,-43.0,0.42857142857142855,256.85714285714283,0.3097246378495797,3.4209231185913085,7,0
4266,31.0,0.375,130.85714285714286,0.30965711822167086,3.3536736834049226,7,9
4267,-52.0,0.46153846153846156,159.88888888888889,0.3095740412368663,3.3404560363292695,9,4
4268,14.0,0.7142857142857143,223.33333333333334,0.3095377034148001,3.360682973861694,6,1
4269,1.0,0.6,183.8,0.3095065607589871,3.448889902830124,5,0
4270,-18.0,0.38461538461538464,289.8333333333333,0.30940277889244056,3.341697210073471,6,7
4271,-78.0,0.08333333333333333,243.0,0.3093249697307306,3.430765540599823,5,7
4272,-17.0,0.45454545454545453,151.16666666666666,0.3091331402387957,3.4609380853176117,6,5
4273,-56.0,0.2777777777777778,169.77777777777777,0.30904504994731263,3.4897005832195283,9,9
4274,54.0,1.0,149.16666666666666,0.3089777069892903,3.407686972618103,6,0
4275,13.0,0.42857142857142855,242.625,0.3089155597975741,3.4695124769210817,8,6
4276,-52.0,0.45454545454545453,273.6666666666667,0.3088586046397158,3.391719990968704,6,5
4277,-78.0,0.3,212.0,0.30880683809561477,3.294959224462509,5,5
4278,-45.0,0.15789473684210525,207.0,0.30873955706462297,3.3545491349697114,5,14
4279,-17.0,0.5714285714285714,174.83333333333334,0.3085688452980402,3.3498038375377654,6,1
4280,-75.0,0.14285714285714285,195.66666666666666,0.3084292558141319,3.2183792674541474,6,15
4281,-40.0,0.25,123.28571428571429,0.3083569057519853,3.22050484418869,7,13
4282,-58.0,0.25,206.0,0.3082845759450203,3.3064285564422606,5,7
4283,-58.0,0.2222222222222222,160.75,0.3080883542409944,3.161789827346802,4,5
4284,12.0,0.6666666666666666,166.66666666666666,0.3080470634076706,3.159244346618652,6,0
4285,-102.0,0.375,172.0,0.30795934231954203,3.2576326727867126,9,7
4286,-27.0,0.5,226.33333333333334,0.30787680853610944,3.2110908031463623,9,7
4287,-39.0,0.3125,94.71428571428571,0.3077943011592622,3.1615119016170503,7,9
4288,-17.0,0.5,209.0,0.3077221288595311,3.14840864777565,6,2
4289,-75.0,0.3684210526315789,168.75,0.30762936559153176,3.131228069067001,8,11
4290,-19.0,0.42857142857142855,163.16666666666666,0.307598451922518,3.1755427324771883,6,1
4291,-6.0,0.5,161.88888888888889,0.3074902832897135,3.1475352215766907,9,5
4292,-65.0,0.35714285714285715,150.71428571428572,0.30735127607206375,3.0867436969280244,7,7
4293,-18.0,0.5,230.33333333333334,0.3073203957717901,3.0772861099243163,6,0
4294,-145.0,0.13333333333333333,79.83333333333333,0.3072380664185423,3.13914315700531,6,9
4295,-13.0,0.5555555555555556,139.0,0.30715576340647255,3.151685037612915,8,1
4296,0.0,0.3333333333333333,141.5,0.3070991953612363,3.2002190852165224,6,9
4297,38.0,0.8333333333333334,214.5,0.30706320399334025,3.1765621495246887,6,0
4298,22.0,0.7142857142857143,134.0,0.307027217663883,3.2266924452781676,5,2
4299,-97.0,0.25,122.42857142857143,0.3069449821126205,3.2601785349845884,7,9
4300,-33.0,0.4166666666666667,207.125,0.3068473615684958,3.3430734181404116,8,4
4301,-27.0,0.38095238095238093,178.33333333333334,0.30674464316891786,3.5755637669563294,12,9
4302,-37.0,0.35294117647058826,181.55555555555554,0.3066624980270275,3.7077381348609926,9,8
4303,-3.0,0.6,280.8,0.3066265677924788,3.714309583902359,5,0
4304,-22.0,0.35714285714285715,261.375,0.30657524761110955,3.72458789229393,8,6
4305,-55.0,0.375,171.71428571428572,0.30641622026116333,3.879950886964798,7,9
4306,-31.0,0.3333333333333333,220.66666666666666,0.3062316670297112,3.9400094640254975,3,3
4307,-158.0,0.17647058823529413,161.83333333333334,0.3061445630714332,3.947227187156677,6,11
4308,-11.0,0.25,159.8,0.30609846119937334,3.9540104818344117,5,7
4309,-147.0,0.3333333333333333,158.0,0.30596020536276114,3.9050257706642153,10,8
4310,-27.0,0.42857142857142855,189.16666666666666,0.30591925500601896,3.8368101263046266,6,1
4311,59.0,0.5,146.1,0.3058680762730617,3.7567024278640746,10,8
4312,-26.0,0.3684210526315789,191.88888888888889,0.30573505946076823,3.691279904842377,9,10
4313,-115.0,0.25,181.4,0.30567369041107817,3.6893789553642273,5,7
4314,-8.0,0.6,222.2,0.3056481243203629,3.7006705093383787,5,0
4315,-64.0,0.3333333333333333,139.5,0.3055254426666415,3.7086433076858523,6,9
4316,-87.0,0.4444444444444444,189.36363636363637,0.3053823884776596,3.807920227050781,11,7
4317,-34.0,0.4375,170.25,0.30527004494411925,3.8600436878204345,8,8
4318,-7.0,0.3076923076923077,193.33333333333334,0.30517306075520345,3.727369669675827,6,7
4319,22.0,0.8,321.8,0.3051475447249507,3.7331203067302705,5,0
4320,-34.0,0.4,178.33333333333334,0.30503020384484875,3.70681009888649,3,2
4321,-52.0,0.3,90.66666666666667,0.3049180152384604,3.743126825094223,6,4
4322,-110.0,0.21052631578947367,118.42857142857143,0.3048160684230874,3.7059711277484895,7,12
4323,-65.0,0.35714285714285715,176.75,0.3047294456865232,3.675945339202881,8,6
4324,33.0,0.5833333333333334,195.28571428571428,0.3045359248550322,3.728225280046463,7,5
4325,-46.0,0.3888888888888889,201.9090909090909,0.30440868870429316,3.644949425458908,11,7
4326,-33.0,0.26666666666666666,243.2,0.3043374642433458,3.7247782027721406,5,10
4327,-59.0,0.2857142857142857,175.625,0.30421032729810915,3.7468266880512235,8,6
4328,-114.0,0.3333333333333333,158.875,0.3041340756382406,3.5913700544834137,8,7
4329,-74.0,0.2857142857142857,165.55555555555554,0.30405276574431317,3.5928499364852904,9,12
4330,-1.0,0.5,183.66666666666666,0.30403752303565434,3.599223358631134,3,1
4331,-82.0,0.1,40.666666666666664,0.30392069264810717,3.6511221647262575,3,7
4332,19.0,0.8,86.25,0.3038953018484036,3.5881904196739196,4,1
4333,36.0,0.8333333333333334,139.5,0.3038648362401548,3.555280774831772,6,0
4334,-27.0,0.2727272727272727,194.4,0.3038089921192605,3.458727215528488,5,6
4335,-60.0,0.26666666666666666,237.85714285714286,0.3037480852702661,3.4194789731502535,7,8
4336,-11.0,0.5555555555555556,212.77777777777777,0.3036973407278355,3.4851899588108064,9,0
4337,2.0,0.46153846153846156,100.0,0.3036263154164393,3.535649448633194,7,6
4338,-33.0,0.42857142857142855,178.71428571428572,0.3035908102177029,3.5043533301353453,7,0
4339,-194.0,0.21052631578947367,113.25,0.30349446401675767,3.459017493724823,8,11
4340,-22.0,0.23076923076923078,252.66666666666666,0.3034640465061629,3.4297832584381105,6,7
4341,-44.0,0.14285714285714285,106.0,0.3034184270836629,3.448900420665741,7,14
4342,-160.0,0.2,231.66666666666666,0.30333734616063573,3.4946875369548795,9,6
4343,-46.0,0.35,206.375,0.3031904531029672,3.453324294090271,8,12
4344,15.0,0.7142857142857143,146.71428571428572,0.3031550089206834,3.4620758295059204,7,0
4345,26.0,1.0,132.0,0.3031398200758181,3.4581116247177124,3,0
4346,30.0,0.8,177.4,0.30310944511994276,3.4890384697914123,5,0
4347,-40.0,0.5,364.5,0.3029424480012748,3.5331549775600433,6,2
4348,-27.0,0.17647058823529413,183.66666666666666,0.3029120967286274,3.544292987585068,6,11
4349,-144.0,0.29411764705882354,128.0,0.3028261212324022,3.5388527238368988,8,9
4350,-3.0,0.3333333333333333,181.75,0.30276039498566415,3.49694748878479,8,7
4351,-86.0,0.23076923076923078,207.16666666666666,0.302618888789905,3.4259314239025116,6,7
4352,19.0,0.5333333333333333,182.9,0.30253806367819985,3.480651069879532,10,5
4353,0.0,0.4444444444444444,219.5,0.3024926109176089,3.5368219411373136,6,3
4354,-1.0,0.6363636363636364,182.33333333333334,0.3024370686530802,3.5273343670368194,9,2
4355,-57.0,0.16666666666666666,123.5,0.3021696271293569,3.4645307195186614,2,4
4356,-63.0,0.11764705882352941,153.6,0.30210407154889807,3.5259309649467467,5,12
4357,-5.0,0.3125,195.71428571428572,0.3020637381242103,3.497546772956848,7,9
4358,48.0,0.8571428571428571,185.0,0.30201837073453547,3.4493158507347106,7,0
4359,-10.0,0.5,145.66666666666666,0.30198309063229745,3.438056628704071,6,2
4360,-65.0,0.17647058823529413,241.75,0.3018067641903095,3.473203725814819,4,13
4361,-42.0,0.3333333333333333,232.8,0.301771513710914,3.528763024806976,5,1
4362,-7.0,0.17647058823529413,211.8,0.30172619891689983,3.428439384698868,5,12
4363,-69.0,0.2631578947368421,165.6,0.301615463752899,3.3163863623142245,10,9
4364,1.0,0.4166666666666667,197.14285714285714,0.30149974725640727,3.349821981191635,7,5
4365,-13.0,0.5555555555555556,129.57142857142858,0.3014444233978585,3.3403608548641204,7,2
4366,-36.0,0.4666666666666667,214.77777777777777,0.3013036539398827,3.4693210804462433,9,6
4367,-38.0,0.5,194.33333333333334,0.3011780335206346,3.444514452219009,6,2
4368,-63.0,0.2222222222222222,90.6,0.30114287105737164,3.4369047701358797,5,4
4369,17.0,0.26666666666666666,137.2,0.3011177580259384,3.475411823987961,5,10
4370,-99.0,0.17647058823529413,190.875,0.30104243399769975,3.4352912068367005,8,9
4371,-25.0,0.25,243.66666666666666,0.30097215195612537,3.3704132509231566,3,5
4372,-76.0,0.3,138.88888888888889,0.30087178317043833,3.328480615615845,9,11
4373,-92.0,0.14285714285714285,290.6,0.30081659744879286,3.2436870622634886,5,2
4374,-5.0,0.8,322.75,0.30056089494983895,3.4871638941764833,4,1
4375,-24.0,0.3157894736842105,160.88888888888889,0.3004406545802603,3.5588904333114626,9,10
4376,16.0,0.3,144.5,0.3004005872809969,3.6375102257728575,8,12
4377,-54.0,0.45454545454545453,207.625,0.3003455052110449,3.6831282567977905,8,3
4378,25.0,0.75,186.85714285714286,0.3003054531344627,3.6789991569519045,7,1
4379,-31.0,0.4,71.4,0.30028042384063486,3.6904074883461,5,0
4380,-114.0,0.4,183.2,0.3001503118522865,3.611463921070099,15,5
4381,-36.0,0.3,178.83333333333334,0.3000952848368727,3.565235683917999,6,4
4382,-97.0,0.09090909090909091,131.33333333333334,0.3000152671492377,3.6196468377113344,6,5
4383,-67.0,0.3157894736842105,186.875,0.29980034644863685,3.579979068040848,8,11
4384,21.0,0.8,148.2,0.2997503913750211,3.542689677476883,5,0
4385,-31.0,0.45454545454545453,202.57142857142858,0.2996754774952524,3.566602200269699,7,4
4386,-24.0,0.5,193.375,0.29962554739293,3.608997803926468,8,2
4387,15.0,0.38461538461538464,212.14285714285714,0.2995706358129988,3.5878718960285187,7,6
4388,-70.0,0.2857142857142857,226.66666666666666,0.29949577585181053,3.533815299272537,6,1
4389,-39.0,0.375,273.5,0.2994558597210499,3.4915226113796236,6,2
4390,-8.0,0.46153846153846156,245.16666666666666,0.2992713306690262,3.548451852798462,6,7
4391,-41.0,0.3333333333333333,167.0,0.29921649700820285,3.5213073325157165,4,5
4392,-97.0,0.3125,140.44444444444446,0.2991118480572775,3.439589464664459,9,7
4393,16.0,0.75,160.625,0.2990719933500499,3.4469243121147155,8,0
4394,40.0,0.8571428571428571,195.85714285714286,0.29903712571177254,3.455149176120758,7,0
4395,-64.0,0.13333333333333333,115.57142857142857,0.29898732326704064,3.4627107620239257,7,8
4396,21.0,0.375,208.42857142857142,0.29894748848218566,3.4418896532058714,7,9
4397,11.0,0.7142857142857143,130.0,0.2989076600703865,3.510171275138855,5,2
4398,-31.0,0.4,69.0,0.29888277054887624,3.5201904153823853,5,0
4399,14.0,0.7142857142857143,168.28571428571428,0.29884295249111803,3.4343474304676054,7,0
4400,-26.0,0.1,115.66666666666667,0.2988280223618769,3.433908625841141,3,7
4401,-5.0,0.3076923076923077,203.0,0.29876831080218386,3.5825550734996794,6,7
4402,18.0,0.3888888888888889,207.55555555555554,0.2986887176783061,3.716050099134445,9,9
4403,65.0,1.0,91.16666666666667,0.2986588768226719,3.744172521829605,6,0
4404,-5.0,0.25,154.4,0.29859920585303723,3.800983258485794,5,11
4405,-42.0,0.4444444444444444,88.71428571428571,0.2985494909835193,3.8206958281993866,7,2
4406,-22.0,0.5714285714285714,192.72727272727272,0.2984799068682747,3.9748879325389863,11,3
4407,-30.0,0.42857142857142855,130.4,0.2984351845101713,4.0378184735775,5,2
4408,41.0,1.0,83.75,0.2984153104903819,4.024454559087753,4,0
4409,-133.0,0.11764705882352941,190.88888888888889,0.29827623686075805,4.125496754646301,9,8
4410,-16.0,0.5384615384615384,155.9,0.2981521297716855,4.131510972976685,10,3
4411,-63.0,0.3333333333333333,218.25,0.29810250430844293,4.151583950519562,8,1
4412,-26.0,0.3888888888888889,215.33333333333334,0.29798840340168153,4.065518109798432,9,9
4413,7.0,0.6,138.5,0.29796856512295117,4.056473653316498,4,1
4414,-55.0,0.15789473684210525,133.66666666666666,0.29791401803902334,4.0370383644104,6,13
4415,-94.0,0.2777777777777778,215.9090909090909,0.29781487226228504,4.070079424381256,11,7
4416,-187.0,0.13333333333333333,225.0,0.29774053895116054,4.041743543148041,6,9
4417,-28.0,0.3333333333333333,160.0,0.2976266045101734,3.977349123954773,8,10
4418,-75.0,0.38461538461538464,182.85714285714286,0.297532524276836,4.09510390996933,7,6
4419,-22.0,0.5555555555555556,255.83333333333334,0.29746817418639826,4.124786207675934,6,3
4420,32.0,0.75,191.0,0.2974236339237886,4.173718132972717,8,0
4421,13.0,0.6666666666666666,209.5,0.2973791016777047,4.131095843315125,6,0
4422,-99.0,0.18181818181818182,165.0,0.2972752242707825,4.103213202953339,5,6
4423,-75.0,0.42857142857142855,199.375,0.29712690363685984,4.117888534069062,8,6
4424,13.0,0.7,200.44444444444446,0.2970774831983411,4.020883877277374,9,1
4425,-26.0,0.4,170.75,0.2970527766853675,4.003135662078858,4,1
4426,50.0,1.0,103.25,0.2970280726429217,4.035945358276368,4,0
4427,-71.0,0.2222222222222222,141.0,0.29693915854226854,4.0367047262191775,7,11
4428,-20.0,0.5555555555555556,255.0,0.2968947134939054,4.042976071834564,6,3
4429,10.0,0.7142857142857143,141.6,0.29674662109797056,4.015345894098282,5,2
4430,-103.0,0.19047619047619047,137.66666666666666,0.2966232786256093,3.946723302602768,9,12
4431,-60.0,0.3333333333333333,135.63636363636363,0.2965591649083111,4.046257375478745,11,7
4432,-6.0,0.3333333333333333,245.66666666666666,0.2964605609644513,3.8317132031917573,3,6
4433,-25.0,0.25,119.6,0.2964309874715806,3.8448618447780607,5,7
4434,-23.0,0.5,160.25,0.2963669237434835,3.800199159383774,4,2
4435,-23.0,0.47368421052631576,176.8,0.29626347136203207,3.8655760169029234,10,9
4436,33.0,0.3888888888888889,261.0,0.29618960340137157,3.7935852098464964,8,10
4437,8.0,0.42857142857142855,104.66666666666667,0.29607638222667365,3.7225212454795837,6,8
4438,-106.0,0.2,84.4,0.295963213121739,3.6892723071575166,5,10
4439,-49.0,0.21052631578947367,235.5,0.295874682301519,3.662892850637436,8,11
4440,-134.0,0.3333333333333333,220.11111111111111,0.2956977162456869,3.7289747941493987,9,9
4441,23.0,0.5714285714285714,78.0,0.29567314770250996,3.6883260262012483,5,2
4442,-67.0,0.4,182.88888888888889,0.2955994568123854,3.70173003077507,9,1
4443,-5.0,0.45454545454545453,260.42857142857144,0.29550123667499756,3.7744306826591494,7,4
4444,-27.0,0.2,187.5,0.29539814780577195,3.7792779994010925,2,3
4445,-27.0,0.2857142857142857,201.6,0.29529019637179454,3.738668315410614,5,9
4446,-70.0,0.26666666666666666,107.2,0.29517738882918754,3.7097359561920165,5,10
4447,24.0,0.8,135.6,0.29515287231615067,3.677653229236603,5,0
4448,-9.0,0.6,131.77777777777777,0.29509894461650554,3.708404998779297,9,1
4449,-23.0,0.4,218.0,0.29498622502947464,3.675357632637024,6,4
4450,-11.0,0.5714285714285714,196.14285714285714,0.2949519293587235,3.687150766849518,7,0
4451,14.0,0.3333333333333333,139.57142857142858,0.2948882501357479,3.718045234680176,7,11
4452,-101.0,0.2727272727272727,244.5,0.29482948400793274,3.70052344083786,6,5
4453,-70.0,0.16666666666666666,278.14285714285717,0.2947658366166101,3.6945189309120177,7,11
4454,-48.0,0.4,148.16666666666666,0.29463369874527334,3.6816539478302004,6,4
4455,-33.0,0.5,172.33333333333334,0.29445762587601604,3.6159998178482056,3,1
4456,35.0,0.3888888888888889,137.5,0.29438429958774637,3.5868074893951416,8,10
4457,-10.0,0.2727272727272727,64.2,0.29429633707409725,3.5290678691864015,5,6
4458,-13.0,0.5,184.0,0.29426702327251164,3.516012349128723,4,0
4459,-97.0,0.35714285714285715,229.83333333333334,0.29419863808036906,3.542929222583771,6,8
4460,7.0,0.2727272727272727,114.0,0.2941791029707374,3.585060875415802,4,7
4461,-96.0,0.14285714285714285,189.28571428571428,0.2940668064135592,3.6385992789268493,7,7
4462,-65.0,0.125,175.16666666666666,0.2940131176221318,3.683644851446152,6,10
4463,-54.0,0.2,225.0,0.2939545615009181,3.6410285198688506,4,11
4464,11.0,0.7,170.44444444444446,0.2939057754673839,3.5999023151397704,9,1
4465,-98.0,0.2727272727272727,166.5,0.29385212209886796,3.598241274356842,4,7
4466,-52.0,0.2222222222222222,170.625,0.2937497257123329,3.6125524055957796,8,10
4467,-164.0,0.3,168.9,0.29364737232325,3.5850981843471526,10,10
4468,-44.0,0.4444444444444444,190.28571428571428,0.29359377579717294,3.6023296797275544,7,2
4469,-2.0,0.2631578947368421,98.0,0.2934817484285764,3.6016100215911866,6,13
4470,-3.0,0.6666666666666666,171.75,0.2932578482299059,3.7044488537311553,4,2
4471,-29.0,0.4,74.4,0.2932335236613316,3.6749652421474455,5,0
4472,-15.0,0.3,242.8,0.2931800181719458,3.6287539160251616,5,5
4473,53.0,0.5,142.2,0.2931070751085008,3.592552398443222,10,8
4474,-21.0,0.35714285714285715,215.0,0.29298069229182455,3.539006153345108,7,7
4475,-47.0,0.5,164.83333333333334,0.2928932349858591,3.4249817943572998,12,6
4476,-10.0,0.5,51.0,0.2927669633371404,3.456493228673935,3,3
4477,-48.0,0.25,201.0,0.29256312471214546,3.4784311735630036,2,2
4478,-129.0,0.3125,202.0,0.2924709682355943,3.547570823431015,9,7
4479,-22.0,0.4,156.0,0.29235945723970136,3.5951549661159516,10,10
4480,-21.0,0.5454545454545454,237.88888888888889,0.29230614402377736,3.6192704010009766,9,2
4481,-88.0,0.4117647058823529,222.75,0.2921898649838481,3.6186994433403017,12,5
4482,-64.0,0.2857142857142857,270.8333333333333,0.2921269038042603,3.583311936855316,6,1
4483,-44.0,0.25,246.25,0.29197683165107646,3.6654304563999176,4,4
4484,-60.0,0.3333333333333333,243.33333333333334,0.29185587347731434,3.7124291384220123,6,6
4485,-119.0,0.18181818181818182,219.6,0.2917833275976972,3.765763074159622,5,6
4486,8.0,0.375,165.375,0.29168179992241045,3.752952514886856,8,8
4487,-24.0,0.4444444444444444,161.57142857142858,0.2915948101335399,3.7284050679206846,7,2
4488,-17.0,0.5,193.22222222222223,0.2914885318000291,3.655839844942093,9,5
4489,9.0,0.75,172.5,0.29146921349022775,3.6832633554935454,4,0
4490,-88.0,0.38461538461538464,237.44444444444446,0.2914064396556724,3.5448813104629515,9,4
4491,-72.0,0.16666666666666666,281.6,0.291329201953674,3.5795525097846985,5,1
4492,12.0,0.7142857142857143,233.66666666666666,0.2912954182303163,3.5880482673645018,6,1
4493,-26.0,0.16666666666666666,196.16666666666666,0.29126163923634885,3.5884277915954588,6,12
4494,10.0,0.3684210526315789,126.125,0.29113621579686644,3.5757245516777036,8,11
4495,-29.0,0.3,82.0,0.29106388578217207,3.5791922509670258,8,12
4496,-38.0,0.2857142857142857,84.42857142857143,0.2909915774632275,3.6404235327243804,7,7
4497,11.0,0.3333333333333333,217.71428571428572,0.2909578410039899,3.645199112892151,7,8
4498,-63.0,0.1111111111111111,246.6,0.2908952001089981,3.736708059310913,5,4
4499,-10.0,0.23529411764705882,153.0,0.29081330966312574,3.6948502802848817,5,12
4500,-103.0,0.1,140.66666666666666,0.29073626173235995,3.657225841283798,6,14
4501,24.0,1.0,234.0,0.29067849196219386,3.8308236873149872,3,0
4502,29.0,0.8,151.4,0.29065442531635005,3.8497660744190214,5,0
4503,-101.0,0.21052631578947367,135.1,0.2905629940077787,3.918330413103104,10,9
4504,-34.0,0.4444444444444444,183.44444444444446,0.2904812164927813,4.079826320409775,9,9
4505,0.0,0.6666666666666666,137.57142857142858,0.2904331250587865,4.139615648984909,7,2
4506,-81.0,0.36363636363636365,253.85714285714286,0.29029852020163127,4.2888013398647304,7,4
4507,-122.0,0.2857142857142857,232.33333333333334,0.2902312460347977,4.299942967891693,6,8
4508,-66.0,0.14285714285714285,224.0,0.29017840097383985,4.228795766830444,4,10
4509,-73.0,0.16666666666666666,157.83333333333334,0.29010155618135075,4.258843014240265,6,12
4510,-35.0,0.5,86.4,0.28992394675336985,4.2596163868904116,5,1
4511,-58.0,0.4,129.33333333333334,0.2898615746359406,4.151065530776978,6,4
4512,-79.0,0.25,281.8,0.2897464687077481,4.158942375183106,5,3
4513,-26.0,0.5,106.0,0.289708112341346,4.1465366435050965,5,3
4514,-104.0,0.375,247.14285714285714,0.28963141801714315,4.1738305974006655,7,9
4515,-13.0,0.29411764705882354,231.85714285714286,0.2895451662329096,4.142092235088349,7,10
4516,-169.0,0.2631578947368421,144.44444444444446,0.2894541563627116,4.043712944984436,9,10
4517,-16.0,0.45454545454545453,106.125,0.28934881970967513,4.086432394981384,8,3
4518,-85.0,0.3125,159.71428571428572,0.2892674549437679,4.047804841995239,7,9
4519,40.0,0.6,204.0,0.2892100376449328,4.005022423267365,7,3
4520,5.0,0.6666666666666666,211.85714285714286,0.2891669837131268,3.9738098192214966,7,2
4521,-14.0,0.5714285714285714,170.83333333333334,0.28906177338826194,3.996221046447754,6,1
4522,2.0,0.6666666666666666,211.5,0.2890330876966312,4.009911351203918,6,0
4523,-123.0,0.18181818181818182,280.0,0.28898050620151455,4.022346518039703,4,7
4524,-66.0,0.25,136.5,0.2888610458159989,4.022722330093384,4,4
4525,-22.0,0.4117647058823529,174.3,0.28878939824992633,3.9737926650047304,10,7
4526,-18.0,0.5,265.0,0.2887607452413513,3.9360521364212038,5,1
4527,-71.0,0.16666666666666666,175.0,0.2886986755170024,3.8832542490959168,4,14
4528,-29.0,0.25,175.0,0.28861275945963444,3.973231701850891,5,7
4529,-71.0,0.38461538461538464,160.1,0.28852687432648055,3.943681502342224,10,3
4530,15.0,0.7,141.77777777777777,0.28847917372183474,3.990048637390137,9,1
4531,0.0,0.3333333333333333,340.6666666666667,0.28839810458530346,3.96291348695755,6,6
4532,-52.0,0.2857142857142857,128.75,0.2883599639399028,4.037237246036529,4,3
4533,-42.0,0.3333333333333333,236.0,0.288302764412775,3.996447699069977,7,5
4534,-60.0,0.2857142857142857,80.4,0.2882598737754539,4.06988721370697,5,2
4535,-1.0,0.5,214.66666666666666,0.2882026982670832,4.075125639438629,6,2
4536,-52.0,0.375,166.5,0.28816458888419244,4.0598754835128785,8,0
4537,7.0,0.6666666666666666,207.4,0.2881360108482428,4.019326457977295,5,1
4538,-51.0,0.3333333333333333,208.0,0.2880122123130105,3.971221046447754,8,7
4539,6.0,0.6666666666666666,252.0,0.28798365256115227,3.961604504585266,6,0
4540,-30.0,0.3125,228.77777777777777,0.28792178485463676,3.9267033743858337,9,7
4541,17.0,0.5,75.33333333333333,0.287859933231634,3.8696394324302674,3,3
4542,-62.0,0.3333333333333333,225.2,0.28776480828459905,3.6766695988178255,5,4
4543,-83.0,0.38461538461538464,239.77777777777777,0.2877029974701992,3.6778079545497895,9,4
4544,-80.0,0.25,309.42857142857144,0.28760793528491563,3.633209456205368,7,1
4545,-47.0,0.45454545454545453,170.0,0.2875509162230084,3.6649877607822416,7,4
4546,14.0,0.7142857142857143,106.28571428571429,0.2874939108440339,3.6499187362194063,7,0
4547,-2.0,0.6363636363636364,138.5,0.28737044611400686,3.7386228144168854,8,3
4548,-57.0,0.16666666666666666,221.0,0.28711896674873655,3.745041425228119,2,4
4549,-74.0,0.15789473684210525,186.28571428571428,0.2870478417279984,3.6986460661888123,7,12
4550,-10.0,0.5714285714285714,179.33333333333334,0.287005176956432,3.7314448142051697,6,1
4551,65.0,1.0,91.16666666666667,0.28697673804156626,3.702621006965637,6,0
4552,-63.0,0.21052631578947367,129.83333333333334,0.2868535421714869,3.723361301422119,6,13
4553,15.0,0.42105263157894735,202.7,0.28677776116359993,3.74075074672699,10,9
4554,-79.0,0.2,250.25,0.28666413511067573,3.7196474289894104,4,6
4555,20.0,0.8571428571428571,304.1666666666667,0.28644177534913273,3.665495216846466,6,1
4556,19.0,0.7142857142857143,54.857142857142854,0.2864086758176051,3.684741530418396,7,0
4557,-31.0,0.5,133.5,0.28628577526309346,3.6898044204711913,6,2
4558,4.0,0.6,197.5,0.2862196245075578,3.7701040291786194,4,1
4559,-78.0,0.08333333333333333,197.66666666666666,0.286077935243883,3.8961926388740538,3,9
4560,9.0,0.75,109.66666666666667,0.2859221752130863,3.7276017475128174,3,1
4561,-14.0,0.5,193.83333333333334,0.2858891484204859,3.736321008205414,6,0
4562,7.0,0.5714285714285714,144.0,0.285832541817929,3.686129050254822,5,2
4563,20.0,0.5555555555555556,96.4,0.2857476573829896,3.7115239679813383,5,4
4564,-49.0,0.375,68.2,0.2857099407752174,3.740384255647659,5,3
4565,-54.0,0.375,180.25,0.2856722302016197,3.734903942346573,8,0
4566,-174.0,0.2631578947368421,248.44444444444446,0.285582691767523,3.6922052681446074,9,10
4567,-25.0,0.45454545454545453,121.0,0.2854884775349187,3.744895420074463,6,5
4568,-7.0,0.5714285714285714,120.85714285714286,0.2854555114557432,3.7293896579742434,7,0
4569,-77.0,0.4,222.66666666666666,0.28532839980279223,3.7097921538352967,6,4
4570,-59.0,0.35,146.41666666666666,0.2852154692763815,3.549100499153137,12,8
4571,40.0,0.8571428571428571,185.85714285714286,0.28518254141568683,3.503880572319031,7,0
4572,-8.0,0.4,241.25,0.28509789093877724,3.492449630498886,8,7
4573,-36.0,0.25,161.25,0.28493807871525295,3.3795746719837187,4,8
4574,-83.0,0.25,217.75,0.2848535162290763,3.354777637720108,8,4
4575,-36.0,0.26666666666666666,126.16666666666667,0.2847689841799156,3.4691103422641754,6,9
4576,5.0,0.29411764705882354,271.7142857142857,0.28473142414732955,3.4975796258449554,7,10
4577,-22.0,0.1,154.75,0.2846891762934039,3.4992774188518525,4,16
4578,-35.0,0.3333333333333333,136.75,0.2845343325411094,3.4337694203853606,4,5
4579,-43.0,0.3076923076923077,149.2,0.28442178307552235,3.4359048342704774,5,8
4580,-60.0,0.4,176.66666666666666,0.28437490340703037,3.4277965676784516,6,4
4581,25.0,0.8333333333333334,235.66666666666666,0.28431397385332974,3.3816430413722993,6,0
4582,-15.0,0.29411764705882354,160.0,0.28423432064403253,3.392826153039932,6,11
4583,25.0,0.8,68.4,0.2842108983831007,3.413506225347519,5,0
4584,-42.0,0.4444444444444444,173.1818181818182,0.2841406456520223,3.350535863637924,11,7
4585,-12.0,0.18181818181818182,96.6,0.2840516891094881,3.3880146133899687,5,17
4586,-37.0,0.2,217.33333333333334,0.28393001386945527,3.379007549285889,3,7
4587,-46.0,0.4,264.25,0.2838645226347725,3.2717156970500945,8,2
4588,-5.0,0.4444444444444444,192.0,0.2837850222129143,3.3332087707519533,6,3
4589,-59.0,0.38461538461538464,131.14285714285714,0.2836868531205374,3.4307557201385497,7,6
4590,-70.0,0.36363636363636365,172.66666666666666,0.283635447667658,3.420519013404846,6,5
4591,-70.0,0.2727272727272727,118.8,0.2835233295632752,3.4201210880279542,5,6
4592,36.0,0.8333333333333334,207.66666666666666,0.2834812991468048,3.4385411882400514,6,0
4593,-121.0,0.15789473684210525,110.71428571428571,0.2834112652626687,3.4636380708217622,7,12
4594,-48.0,0.3333333333333333,165.25,0.2833039207717736,3.4476978969573975,4,2
4595,-20.0,0.4444444444444444,102.2,0.2832152821242899,3.46570565700531,5,4
4596,-74.0,0.15789473684210525,96.83333333333333,0.2831593171726429,3.4633339285850524,6,13
4597,-22.0,0.3157894736842105,166.88888888888889,0.28307073346408795,3.496259732246399,9,10
4598,-25.0,0.375,164.57142857142858,0.2829262743962787,3.5236412596702578,7,9
4599,-30.0,0.45454545454545453,158.71428571428572,0.2828284659022538,3.5874338603019713,7,4
4600,-1.0,0.45,143.8,0.28274466274000326,3.5163909721374513,10,10
4601,-89.0,0.2631578947368421,227.88888888888889,0.2826236669770033,3.78243891954422,9,10
4602,-18.0,0.2857142857142857,192.14285714285714,0.28256784399595447,3.912540590763092,7,7
4603,-43.0,0.18181818181818182,193.75,0.28249343419207934,4.06744015455246,4,7
4604,-1.0,0.38461538461538464,204.0,0.2824143998610517,4.116186797618866,6,7
4605,-41.0,0.5,145.75,0.2823679216290576,4.142788889408112,8,2
4606,-21.0,0.375,137.66666666666666,0.28227499304736137,4.300207831859589,6,2
4607,48.0,0.7,145.125,0.282233187311242,4.2624872064590456,8,2
4608,-22.0,0.23076923076923078,165.4,0.2821170997418972,4.202549285888672,5,8
4609,-82.0,0.3,210.0,0.28206139832239685,4.166995675563812,7,3
4610,-48.0,0.3333333333333333,257.0,0.2819685923255047,4.116738562583923,4,5
4611,-78.0,0.21052631578947367,236.33333333333334,0.2818526370205839,4.1526326870918275,9,10
4612,51.0,1.0,113.25,0.2818340895515309,4.12597722530365,4,0
4613,-125.0,0.23529411764705882,189.57142857142858,0.28175064430033875,4.1225736045837404,7,10
4614,-182.0,0.2222222222222222,157.0,0.2816625957857819,4.103947196006775,9,9
4615,-23.0,0.25,118.4,0.28162090027124936,4.064118735790252,5,7
4616,-21.0,0.5714285714285714,157.5,0.28149585874935235,4.086813609600068,6,1
4617,-68.0,0.2631578947368421,136.375,0.28140790703491164,4.08024439573288,8,11
4618,-87.0,0.25,209.375,0.2813153623822622,4.0008482837677,8,12
4619,-129.0,0.3125,159.28571428571428,0.2812413533083832,3.890927941799164,7,9
4620,12.0,0.75,153.25,0.2811581214038339,3.9781634187698365,4,0
4621,-1.0,0.6,131.8,0.2811165166865181,3.888632369041443,5,0
4622,16.0,0.35714285714285715,195.71428571428572,0.281070298005203,3.8316653037071227,7,7
4623,-83.0,0.15789473684210525,206.875,0.2809409348633805,3.9301816749572756,8,11
4624,2.0,0.3888888888888889,281.3333333333333,0.28085781109000657,3.998684642314911,9,9
4625,-78.0,0.3333333333333333,143.44444444444446,0.280797795861441,4.006304601430893,9,3
4626,-25.0,0.6,232.0,0.2805440578674753,3.9236661231517793,3,2
4627,-165.0,0.09523809523809523,230.6,0.2804242061215389,3.8327449381351473,5,16
4628,-81.0,0.1,225.0,0.28036430361561043,3.771880065202713,5,5
4629,2.0,0.5,219.25,0.2802813873921246,3.7380766439437867,8,6
4630,-18.0,0.5,248.0,0.2802537552835972,3.7651722502708433,6,0
4631,-36.0,0.3125,194.14285714285714,0.2801524659165673,3.708426558971405,7,9
4632,-22.0,0.2631578947368421,203.42857142857142,0.28007422737946064,3.778129391670227,7,12
4633,-15.0,0.5714285714285714,238.33333333333334,0.27998681578231177,3.720151162147522,6,1
4634,-21.0,0.5,171.2,0.27994542188103383,3.707418999671936,5,1
4635,-42.0,0.3333333333333333,238.57142857142858,0.2798856438428265,3.7116771745681763,7,5
4636,-31.0,0.5454545454545454,219.66666666666666,0.2798350745640057,3.6804394793510435,9,2
4637,-9.0,0.625,84.0,0.27976153910644597,3.6857991504669187,6,2
4638,-4.0,0.25,184.16666666666666,0.2797201857513204,3.750024266242981,6,10
4639,-85.0,0.45,146.27272727272728,0.2796145387665442,3.7515116500854493,11,9
4640,-25.0,0.21052631578947367,149.0,0.2795502556957395,3.8035641217231753,7,12
4641,20.0,0.75,310.75,0.27952730181788293,3.8597357153892515,4,0
4642,13.0,0.29411764705882354,78.66666666666667,0.27944927580043943,3.8019169855117796,6,11
4643,-67.0,0.2222222222222222,199.75,0.2793758637787332,3.954898862838745,4,5
4644,-80.0,0.21052631578947367,164.5,0.2792978892414709,3.9844497418403626,8,11
4645,-15.0,0.5555555555555556,134.0,0.2792061884271599,4.067579417228699,7,2
4646,-46.0,0.3333333333333333,219.5,0.27910994204117634,4.038625032901764,4,2
4647,-64.0,0.4666666666666667,229.54545454545453,0.2790366385889011,4.036508076190948,11,4
4648,39.0,0.8333333333333334,188.33333333333334,0.27900915584126823,4.019792137145996,6,0
4649,4.0,0.6666666666666666,133.2,0.2789816763913673,4.048410813808442,5,1
4650,-28.0,0.42857142857142855,178.33333333333334,0.2788534825502137,3.89611998796463,3,4
4651,-38.0,0.42857142857142855,196.28571428571428,0.2788214453053162,3.8478159713745117,7,0
4652,-33.0,0.25,142.5,0.27869791508101366,3.631976342201233,4,4
4653,-5.0,0.6,197.375,0.2786521800716508,3.5924106287956237,8,2
4654,49.0,1.0,169.8,0.27860645420837526,3.513712408542633,5,0
4655,-35.0,0.3333333333333333,146.75,0.2784921795523158,3.5351683819293975,4,5
4656,-44.0,0.25,227.14285714285714,0.2784190737524109,3.4949664914608003,7,13
4657,-99.0,0.2,242.83333333333334,0.278323157885177,3.5073175823688505,6,4
4658,-32.0,0.38095238095238093,150.6,0.27820446070701765,3.660974351167679,10,11
4659,-18.0,0.5,144.6,0.27810407283125876,3.740432702302933,5,5
4660,-12.0,0.2222222222222222,163.33333333333334,0.2780584565784699,3.660247890949249,6,12
4661,-84.0,0.3,211.83333333333334,0.27800372911644916,3.6795996856689452,6,4
4662,34.0,0.8333333333333334,155.16666666666666,0.2779763703105164,3.7204450273513796,6,0
4663,40.0,0.8571428571428571,188.0,0.2779444558527371,3.7557671952247618,7,0
4664,-25.0,0.21428571428571427,153.4,0.27784873928316556,3.8328242659568788,5,9
4665,-12.0,0.47058823529411764,214.77777777777777,0.2777029627434929,3.6835819458961487,9,8
4666,-10.0,0.42105263157894735,116.0,0.2776301094525632,3.785374858379364,9,10
4667,-45.0,0.25,237.71428571428572,0.27756638194418404,3.752179708480835,7,5
4668,-63.0,0.3333333333333333,157.66666666666666,0.2775208732188194,3.7450127506256106,6,3
4669,36.0,1.0,140.25,0.27750267227700925,3.699999887943268,4,0
4670,26.0,0.7777777777777778,199.0,0.2774617254813216,3.6905389070510863,9,0
4671,-22.0,0.3,130.125,0.27737530644629527,3.6590831804275514,8,12
4672,-24.0,0.4666666666666667,186.77777777777777,0.2772798288692825,3.6299565267562866,9,6
4673,-6.0,0.3333333333333333,92.875,0.2772434670056901,3.627783920764923,8,7
4674,-122.0,0.11764705882352941,272.85714285714283,0.277179847742041,3.5132692611217498,7,10
4675,-36.0,0.2857142857142857,261.8,0.27708899397490905,3.5345264208316802,5,9
4676,-51.0,0.2857142857142857,140.83333333333334,0.2770163371225534,3.581424518823624,6,8
4677,2.0,0.2777777777777778,246.66666666666666,0.276952781446369,3.622393709421158,6,12
4678,-79.0,0.4,177.36363636363637,0.27688470582378905,3.7440705358982087,11,4
4679,-16.0,0.4,185.5,0.2767259421034974,3.871409261226654,2,3
4680,-41.0,0.35714285714285715,221.0,0.2765854155871148,3.8208890652656553,7,7
4681,-43.0,0.375,265.25,0.27654916482075953,3.788196158409119,8,0
4682,-85.0,0.10526315789473684,124.4,0.27647668068609693,3.7039410638809205,5,14
4683,-32.0,0.5,158.0,0.27643138987919136,3.6337576150894164,8,2
4684,28.0,1.0,202.0,0.276417804403367,3.655947368144989,3,0
4685,-122.0,0.35294117647058826,205.625,0.2763272553926151,3.6412812519073485,8,9
4686,-30.0,0.36363636363636365,102.42857142857143,0.27629104592858666,3.6274542200565336,7,4
4687,-24.0,0.625,229.83333333333334,0.2761462659937134,3.591008936166763,6,2
4688,-72.0,0.4117647058823529,201.0,0.2760693893330484,3.649577337503433,11,6
4689,27.0,0.8333333333333334,178.0,0.2760422626339629,3.6554592168331146,6,0
4690,49.0,0.375,42.166666666666664,0.27599705870198,3.6645510613918306,6,10
4691,50.0,1.0,243.8,0.2759699406820495,3.5819782888889313,5,0
4692,-71.0,0.375,189.4,0.2758886061444991,3.6071909415721892,10,6
4693,-23.0,0.5,211.4,0.2758615011380947,3.605379818677902,5,1
4694,-11.0,0.3333333333333333,292.0,0.27580730088211247,3.563333647251129,11,10
4695,-93.0,0.35714285714285715,162.0,0.27567185713876946,3.4761222982406617,8,6
4696,53.0,1.0,179.8,0.2756447781406852,3.50847838640213,5,0
4697,9.0,0.6666666666666666,179.88888888888889,0.2755906298919812,3.5746226286888123,9,3
4698,-23.0,0.2857142857142857,127.25,0.2755455162775146,3.529437084197998,4,3
4699,-6.0,0.45454545454545453,49.25,0.27545531611223933,3.5485742020606996,8,3
4700,-134.0,0.1,113.5,0.2754012133289661,3.495683720111847,6,4
4701,34.0,0.5,185.11111111111111,0.2753200834964137,3.7431099915504458,9,7
4702,-62.0,0.2,124.66666666666667,0.27517142130522565,4.030825207233429,6,9
4703,-10.0,0.6,243.75,0.27512188904128726,4.099315094947815,8,2
4704,-51.0,0.2727272727272727,243.44444444444446,0.27504986156180544,4.179202077388763,9,13
4705,-40.0,0.3333333333333333,226.0,0.27498235672956806,4.336624562740326,3,3
4706,-89.0,0.15,114.75,0.27490587573078656,4.356206424236298,4,16
4707,19.0,0.8,196.25,0.27488338626770537,4.346526327133179,4,1
4708,-16.0,0.5,196.0,0.27485640188044885,4.349592790603638,6,0
4709,-8.0,0.2777777777777778,172.16666666666666,0.27480244281934385,4.316199328899383,6,12
4710,2.0,0.625,147.875,0.2747619820212175,4.232349550724029,8,0
4711,-98.0,0.3333333333333333,182.83333333333334,0.2746226727826908,4.243989722728729,12,9
4712,-18.0,0.625,245.85714285714286,0.27447896026502094,4.221152806282044,7,1
4713,14.0,0.75,126.5,0.27442060332208335,4.243302488327027,4,0
4714,26.0,1.0,293.6666666666667,0.274407138489833,4.272938642501831,3,0
4715,-99.0,0.10526315789473684,262.0,0.2743398264455975,4.2935529232025145,4,15
4716,-51.0,0.1,107.6,0.27429944891092445,4.296009240150451,5,15
4717,-90.0,0.2222222222222222,215.44444444444446,0.2741962948916688,4.316603083610534,9,9
4718,-63.0,0.2857142857142857,192.5,0.2741111164845323,4.339134010076523,8,6
4719,-57.0,0.3333333333333333,142.2,0.27403493165708215,4.398136430978775,10,11
4720,-50.0,0.2857142857142857,255.0,0.2739139854524016,4.331793056726456,2,5
4721,23.0,0.2631578947368421,67.16666666666667,0.27388711738626353,4.2780127322673795,6,13
4722,-86.0,0.375,189.36363636363637,0.2737752018087963,4.27757710814476,11,5
4723,-41.0,0.42857142857142855,129.0,0.27360072520610645,4.080121409893036,4,3
4724,-8.0,0.6,128.6,0.27354706747124274,4.079022083282471,5,0
4725,-37.0,0.21428571428571427,295.14285714285717,0.2735023625283918,4.086388223171234,7,7
4726,-121.0,0.2857142857142857,244.25,0.2734397906273588,4.098643751144409,8,6
4727,-79.0,0.3076923076923077,142.5,0.2733772362440055,4.129758365154267,6,7
4728,11.0,0.6666666666666666,216.33333333333334,0.273350432583908,4.157349727153778,6,0
4729,-36.0,0.6,284.3333333333333,0.2731182688800724,4.296288342475891,3,2
4730,3.0,0.6666666666666666,274.2,0.27303350004499666,4.305026938915253,5,1
4731,-54.0,0.2,72.4,0.2730111978101225,4.3078138256073,5,0
4732,-39.0,0.2631578947368421,95.42857142857143,0.27295322243581716,4.271143686771393,7,12
4733,-30.0,0.21052631578947367,170.57142857142858,0.27285960174411555,4.157151076793671,7,12
4734,21.0,0.5714285714285714,131.8,0.272837316898202,4.1513821268081665,5,2
4735,-6.0,0.6,108.5,0.2728150342806616,4.156499485969544,4,1
4736,-63.0,0.2631578947368421,156.33333333333334,0.27270810872839246,4.067491960525513,9,10
4737,-32.0,0.26666666666666666,102.8,0.27259678250790265,3.9689105129241944,5,10
4738,48.0,1.0,103.25,0.2725745239425987,3.993862416744232,4,0
4739,-35.0,0.4,130.0,0.27244991710236255,3.9048696422576903,3,2
4740,-26.0,0.35294117647058826,187.75,0.2723476136720883,3.97109397649765,8,9
4741,-9.0,0.5,114.0,0.2722142451184522,4.0570280599594115,2,2
4742,-34.0,0.42857142857142855,170.8,0.27215647692491207,4.022336556911468,5,2
4743,16.0,0.6666666666666666,235.33333333333334,0.2721120500723604,4.0106065821647645,9,0
4744,-40.0,0.375,103.5,0.27200546187154034,4.004730644226075,4,4
4745,47.0,0.6363636363636364,264.5,0.271952186953937,4.073534832000733,8,3
4746,-37.0,0.42857142857142855,346.14285714285717,0.27191223915569496,4.015012803077698,7,0
4747,-30.0,0.3888888888888889,183.66666666666666,0.27182349201064504,3.9372906732559203,9,9
4748,-165.0,0.15,206.0,0.27173478035735427,3.9134147930145264,8,12
4749,17.0,0.5454545454545454,176.5,0.2716948716887779,3.9394080233573914,8,3
4750,29.0,0.7272727272727273,218.77777777777777,0.2716461041816288,3.9916699266433717,9,2
4751,-26.0,0.23076923076923078,240.5,0.2715796203234517,4.026493651866913,4,9
4752,-97.0,0.3888888888888889,216.76923076923077,0.2714998660167718,3.9424820351600647,13,5
4753,-139.0,0.16666666666666666,350.2,0.271397999509497,4.0201392436027525,5,7
4754,-35.0,0.29411764705882354,185.14285714285714,0.2713360167476259,4.125775043964386,7,10
4755,-8.0,0.5714285714285714,155.71428571428572,0.2712740513384987,4.025209715366364,7,0
4756,-15.0,0.38461538461538464,265.57142857142856,0.2711678652805489,4.007664697170258,7,6
4757,30.0,0.75,219.75,0.271110369110402,4.08476637840271,8,0
4758,-4.0,0.4444444444444444,91.0,0.27101310194833833,4.005527470111847,4,5
4759,-92.0,0.16666666666666666,74.66666666666667,0.2709423890703787,3.9279915428161623,6,12
4760,21.0,0.38461538461538464,143.16666666666666,0.270884951516426,3.971977462768555,6,7
4761,-73.0,0.17647058823529413,166.33333333333334,0.27080544724550754,4.070367002487183,6,11
4762,39.0,0.8571428571428571,124.14285714285714,0.27077453664668555,4.030195982456207,7,0
4763,-32.0,0.2631578947368421,184.125,0.2706818308108822,3.910526759624481,8,11
4764,1.0,0.38461538461538464,108.16666666666667,0.27059357573075066,4.078185548782349,6,7
4765,32.0,0.75,151.25,0.2705582835820809,4.062636189460754,8,0
4766,0.0,0.6666666666666666,263.3333333333333,0.2705318181760072,4.059490149021149,6,0
4767,-134.0,0.23076923076923078,168.125,0.2704744873566109,4.07786367893219,8,5
4768,-3.0,0.625,196.75,0.2704392142605568,4.024375586509705,8,0
4769,-43.0,0.4444444444444444,205.83333333333334,0.27033342882824657,3.929118857383728,6,3
4770,-19.0,0.42857142857142855,150.25,0.27016603903851416,4.054473781585694,4,3
4771,-16.0,0.4,204.125,0.2700735887180444,4.058224680423737,8,7
4772,-16.0,0.6,189.46153846153845,0.2699151927635537,3.954395031929016,13,2
4773,-104.0,0.375,165.5,0.26984483116032626,3.851220798492432,8,8
4774,-11.0,0.5714285714285714,200.6,0.2698096588012044,3.819685845375061,5,2
4775,-34.0,0.5,126.4,0.26976570126534427,3.851608556509018,10,0
4776,-60.0,0.25,133.5,0.2696822061639374,3.927801870107651,6,6
4777,-44.0,0.3157894736842105,228.22222222222223,0.26958995901060684,3.9815856158733367,9,10
4778,-12.0,0.46153846153846156,70.125,0.2695065306785698,4.011401554346085,8,5
4779,7.0,0.6,191.16666666666666,0.26936609144428414,4.0732018184661865,6,4
4780,29.0,0.8333333333333334,189.33333333333334,0.2693397690926835,3.9945121991634367,6,0
4781,6.0,0.6666666666666666,219.5,0.26931344989957556,3.9799054324626923,6,0
4782,-31.0,0.3125,200.0,0.26924328082325866,3.8403330290317537,8,8
4783,-107.0,0.3076923076923077,204.57142857142858,0.26918628498002534,3.8954483020305632,7,6
4784,-55.0,0.45454545454545453,207.71428571428572,0.26913368658369013,3.9489434802532197,7,4
4785,-81.0,0.07692307692307693,143.25,0.26906795633774494,3.9590441691875458,4,9
4786,7.0,0.375,175.25,0.26905043160223663,3.927458337545395,4,4
4787,29.0,0.8333333333333334,99.5,0.2690241471275444,3.917845592498779,6,0
4788,-28.0,0.23076923076923078,114.6,0.26898034667830983,3.9158414149284364,5,8
4789,-46.0,0.38461538461538464,201.5,0.26889277205573064,4.001090459823608,6,7
4790,-104.0,0.21428571428571427,148.16666666666666,0.2687614757853172,3.9376855587959287,6,8
4791,-31.0,0.5454545454545454,158.63636363636363,0.268713353554284,3.8705999183654787,11,0
4792,-15.0,0.6,202.25,0.26866524190897706,3.8574052667617797,8,2
4793,-4.0,0.2222222222222222,265.6666666666667,0.2686390036542748,3.8658698058128356,3,6
4794,37.0,0.75,166.75,0.26860402421212004,3.8274717831611635,8,0
4795,-90.0,0.3333333333333333,185.6,0.268464162397179,3.725730309486389,5,7
4796,-166.0,0.14285714285714285,109.57142857142857,0.2683986329783642,3.735900845527649,7,7
4797,15.0,0.7,171.22222222222223,0.26835495761945,3.7486719417572023,9,1
4798,6.0,0.6666666666666666,156.8,0.26828509521159316,3.7575543892383574,5,1
4799,-59.0,0.2777777777777778,199.5,0.2681323491123169,3.6642048680782318,6,12
4800,-12.0,0.6,137.5,0.2680756420737822,3.7855194985866545,4,1
4801,-12.0,0.25,142.75,0.2679840695356903,4.113208755254745,4,12
4802,-13.0,0.5714285714285714,133.16666666666666,0.2679535539020995,4.219889961481094,6,1
4803,-86.0,0.4,128.0,0.2678881776428581,4.3728915572166445,8,7
4804,-26.0,0.25,143.42857142857142,0.267814108254969,4.583433723449707,7,13
4805,6.0,0.36363636363636365,137.8,0.2677487738231473,4.710821917057038,5,6
4806,-82.0,0.2222222222222222,84.85714285714286,0.2676834589887154,4.861388754844666,7,11
4807,-12.0,0.2777777777777778,148.5,0.26763122122734023,4.814192914962769,8,10
4808,-52.0,0.29411764705882354,138.5,0.2675180824109436,4.639009146690369,6,11
4809,-28.0,0.2777777777777778,176.625,0.26746153506099085,4.645816082954407,8,10
4810,-92.0,0.3333333333333333,256.375,0.2674093505549674,4.586402592658996,8,4
4811,5.0,0.7142857142857143,166.33333333333334,0.26723549262696705,4.546462912559509,6,1
4812,15.0,0.8333333333333334,235.66666666666666,0.26713558728035003,4.441312685012817,6,0
4813,-50.0,0.36363636363636365,169.0,0.26699232507447335,4.312666063308716,5,6
4814,-13.0,0.4,266.75,0.2668968694532173,4.290047767162323,8,7
4815,-38.0,0.42857142857142855,199.2,0.266866506016984,4.32333714723587,5,2
4816,-28.0,0.3888888888888889,129.375,0.26671908692106555,4.198028118610382,8,10
4817,10.0,0.75,131.75,0.266658414071323,4.09837720155716,4,0
4818,-48.0,0.3333333333333333,188.66666666666666,0.26663241662151266,4.119779665470123,6,0
4819,-55.0,0.2857142857142857,132.33333333333334,0.26652412748774135,4.123312504291534,6,8
4820,-111.0,0.3888888888888889,204.27272727272728,0.26643320644895124,4.155129630565643,11,7
4821,-5.0,0.5714285714285714,114.5,0.2663726136345354,4.272497029304504,6,1
4822,-64.0,0.23076923076923078,212.0,0.26629473351288996,4.2876723504066465,6,7
4823,-46.0,0.4,217.71428571428572,0.26620390879933953,4.478876360654831,7,3
4824,-77.0,0.08333333333333333,196.0,0.26615634917115455,4.459926406145096,5,7
4825,38.0,0.42105263157894735,212.625,0.2660439770888591,4.345985468626022,8,11
4826,-21.0,0.5,84.75,0.2659446197133466,4.381242159605026,4,2
4827,-31.0,0.25,136.5,0.2658798460439688,4.293599783182144,4,8
4828,-1.0,0.625,93.2,0.2658453080317164,4.224395717382431,5,3
4829,40.0,0.8333333333333334,216.33333333333334,0.26581077554510396,4.263031362295151,6,0
4830,3.0,0.7142857142857143,97.33333333333333,0.26573309764876796,4.154407994747162,6,1
4831,-62.0,0.4,192.4,0.26559938458355925,4.217256023883819,5,5
4832,-1.0,0.6,211.5,0.2655778257230619,4.162764215469361,4,1
4833,26.0,1.0,228.66666666666666,0.2655648914415508,4.1304529714584355,3,0
4834,-34.0,0.35294117647058826,208.5,0.26551316207537706,4.076498484611511,10,7
4835,-26.0,0.3,173.375,0.26546575439475656,4.016120381355286,8,12
4836,-102.0,0.21428571428571427,288.0,0.26540543242899534,3.9486155009269712,5,9
4837,1.0,0.6,117.6,0.2653838929627437,3.939008332490921,5,0
4838,4.0,0.7142857142857143,111.8,0.2653063687164787,3.9108812415599825,5,2
4839,-34.0,0.18181818181818182,140.25,0.26525470138831414,3.905417660474777,4,7
4840,-18.0,0.2857142857142857,121.33333333333333,0.2651944385091222,3.8032410776615144,6,8
4841,0.0,0.4444444444444444,213.4,0.26505245703874536,3.8897086703777313,5,4
4842,5.0,0.6,206.0,0.2650180513981438,3.969601207971573,5,0
4843,-7.0,0.2857142857142857,179.33333333333334,0.26497505208793853,4.022584351301194,3,4
4844,-86.0,0.14285714285714285,222.6,0.26493206137673536,3.9763462114334107,5,2
4845,-46.0,0.3333333333333333,329.875,0.2648418088653112,4.023344180583954,8,4
4846,7.0,0.625,157.0,0.2647988448000879,3.985419020652771,8,0
4847,20.0,0.3333333333333333,174.85714285714286,0.26474729926304774,3.8860908901691436,7,11
4848,-67.0,0.23529411764705882,203.28571428571428,0.2646871784365626,3.9808966648578643,7,10
4849,-115.0,0.2857142857142857,213.57142857142858,0.26462707444155237,3.9810952043533323,7,7
4850,-73.0,0.2222222222222222,193.125,0.2645412407796526,3.9184473848342893,8,10
4851,-89.0,0.4117647058823529,201.625,0.2644683091568659,3.8997016382217407,8,9
4852,2.0,0.6,203.2,0.26443828569527533,3.932209937572479,5,0
4853,3.0,0.36363636363636365,217.25,0.264352527533773,3.962356491088867,4,7
4854,-14.0,0.3333333333333333,199.75,0.26425394804612784,3.945552192926407,8,10
4855,-11.0,0.5714285714285714,67.8,0.2642239545929921,4.004001793861389,5,2
4856,50.0,1.0,121.6,0.2642025332686168,3.9742454504966735,5,0
4857,7.0,0.6666666666666666,335.44444444444446,0.26415541389461894,4.055600199699402,9,0
4858,-71.0,0.17647058823529413,84.0,0.2641083048857431,4.176630744934082,5,12
4859,1.0,0.75,85.33333333333333,0.26396704002704985,4.244952795505523,3,1
4860,-4.0,0.5454545454545454,221.66666666666666,0.2638258683724025,4.3206432867050175,6,5
4861,14.0,0.7142857142857143,203.0,0.2637959348462261,4.3257451510429386,6,1
4862,-41.0,0.2631578947368421,128.625,0.2636805162072463,4.224601202011108,8,11
4863,-9.0,0.42857142857142855,167.5,0.2635779741715243,4.321763269901275,6,8
4864,-23.0,0.4444444444444444,165.6,0.26347121187723627,4.492561700344086,5,4
4865,-49.0,0.3333333333333333,264.25,0.263360235703366,4.526747393608093,4,5
4866,-69.0,0.42857142857142855,167.11111111111111,0.26330050320030973,4.502010722160339,9,5
4867,-2.0,0.35714285714285715,172.66666666666666,0.2632024075325709,4.467987360954285,6,8
4868,17.0,0.42857142857142855,153.28571428571428,0.2631000949339434,4.3412883496284485,7,7
4869,-3.0,0.38461538461538464,228.42857142857142,0.263048957047951,4.245832457542419,7,6
4870,-31.0,0.2727272727272727,178.5,0.26297653271538896,4.250732572078705,4,7
4871,-129.0,0.3125,155.125,0.2629083911281554,4.265469517707825,8,8
4872,-4.0,0.625,252.625,0.2628658137078137,4.131758559942245,8,0
4873,-4.0,0.6,198.4,0.2628317579021576,4.226394795179367,5,0
4874,27.0,0.75,178.14285714285714,0.2627806844093254,4.234515632390976,7,1
4875,38.0,0.8571428571428571,169.42857142857142,0.26274238733297195,4.137552686929703,7,0
4876,10.0,0.7142857142857143,234.42857142857142,0.26271260548352343,4.127569350004197,7,0
4877,-11.0,0.3888888888888889,206.0909090909091,0.26264029549105433,4.1510911047458645,11,7
4878,37.0,0.5333333333333333,217.66666666666666,0.2625637587621154,4.106962023973465,9,6
4879,-51.0,0.11764705882352941,297.5,0.2625340019189163,4.070275357961655,6,11
4880,-56.0,0.2777777777777778,135.11111111111111,0.26244475638098524,4.111960999965667,9,9
4881,-28.0,0.2222222222222222,156.0,0.2623725374417311,4.09940465927124,3,6
4882,8.0,0.29411764705882354,149.57142857142858,0.26232582062253246,4.035106389522553,7,10
4883,-119.0,0.35294117647058826,222.53846153846155,0.26222392868465505,3.940425910949707,13,4
4884,-7.0,0.5714285714285714,102.57142857142857,0.26218997557238694,3.955625224113464,7,0
4885,-68.0,0.4375,234.8,0.2621008744951825,3.8910197162628175,10,6
4886,-24.0,0.5,118.6,0.26206694107000966,3.9074913334846495,5,3
4887,-2.0,0.5714285714285714,72.66666666666667,0.2620330130737506,3.9061940479278565,6,1
4888,4.0,0.7142857142857143,213.66666666666666,0.26189311745575405,3.920729672908783,6,1
4889,-80.0,0.2222222222222222,315.8,0.26185921726904837,3.9174114537239073,5,4
4890,6.0,0.625,225.75,0.26181684966249646,3.945257256031036,8,0
4891,-16.0,0.5555555555555556,245.71428571428572,0.2617024994410172,3.9712560176849365,7,2
4892,-93.0,0.2222222222222222,289.8333333333333,0.26165169693769563,3.958953204154968,6,3
4893,12.0,0.75,134.0,0.2615882109519883,3.9195234179496765,4,0
4894,-28.0,0.2,155.75,0.26152474400922016,4.033579766750336,4,6
4895,-53.0,0.42857142857142855,215.5,0.2614190080734023,4.0247611951828,10,4
4896,23.0,0.8,47.4,0.26139786722965475,4.000106208324432,5,0
4897,-8.0,0.23076923076923078,256.6,0.2613767284998859,4.042276256084442,5,8
4898,-37.0,0.3333333333333333,156.875,0.2612921947163698,4.175938804149627,8,10
4899,-2.0,0.625,179.16666666666666,0.26119502265808714,4.160592252016068,6,2
4900,-43.0,0.2,147.0,0.26117812773208054,4.148016835451126,4,1
4901,-58.0,0.2857142857142857,110.83333333333333,0.26110633937336414,4.2123089325428005,6,1
4902,27.0,0.8,178.8,0.2610852297949233,4.219911338090896,5,0
4903,-2.0,0.6,152.6,0.26106412232733484,4.299766827821731,5,0
4904,-189.0,0.21052631578947367,198.11111111111111,0.26098393319775,4.438869735002518,9,10
4905,31.0,0.3157894736842105,212.85714285714286,0.26095439751464833,4.454609047174454,7,12
4906,-59.0,0.4,172.44444444444446,0.2608911206873926,4.603888429403305,9,1
4907,61.0,0.875,143.0,0.26085738080734505,4.691396275758743,8,0
4908,-34.0,0.2,260.0,0.2607983490055569,4.8382780909538265,6,9
4909,-25.0,0.5,78.5,0.26077305472136364,4.8417080616950985,6,0
4910,-93.0,0.2727272727272727,227.8,0.26072668974965885,4.8105718970298765,5,6
4911,-41.0,0.3684210526315789,117.44444444444444,0.2606045037069817,4.744416542053223,9,10
4912,-38.0,0.2777777777777778,249.22222222222223,0.26049922777630413,4.6506888604164125,9,9
4913,20.0,0.38095238095238093,145.36363636363637,0.2603940044704346,4.461482429504395,11,10
4914,7.0,0.35714285714285715,257.2857142857143,0.26034772288061264,4.457805709838867,7,7
4915,-22.0,0.3333333333333333,282.1666666666667,0.26029303958180056,4.451271715164185,6,6
4916,3.0,0.4666666666666667,160.4,0.26020893918716814,4.502827379703522,10,5
4917,-28.0,0.4166666666666667,161.0,0.260141683088178,4.5441650223732,7,5
4918,24.0,0.3,265.6666666666667,0.26007024706074083,4.556072533130646,6,14
4919,-56.0,0.2857142857142857,174.0,0.26004083928474464,4.4912094664573665,6,1
4920,7.0,0.6666666666666666,191.5,0.2600156358962641,4.487274866104126,6,0
4921,-60.0,0.42857142857142855,166.9,0.2599442427175875,4.642506320476532,10,4
4922,-28.0,0.4,165.9,0.25986028181380066,4.607710030078888,10,10
4923,-22.0,0.3333333333333333,166.0,0.2598057252331919,4.524453349113465,4,2
4924,-37.0,0.23529411764705882,139.83333333333334,0.2597469878537435,4.491015920639038,6,11
4925,5.0,0.42105263157894735,231.9,0.2596714925280901,4.418860497474671,10,9
4926,-2.0,0.26666666666666666,283.8,0.2596337550559094,4.424361050128937,5,10
4927,26.0,0.35294117647058826,171.375,0.259587640702562,4.367236804962158,8,9
4928,-78.0,0.2857142857142857,234.66666666666666,0.25942003764016375,4.346810464859009,6,1
4929,-25.0,0.3333333333333333,217.14285714285714,0.25936559550816113,4.4344933891296385,7,8
4930,-33.0,0.2631578947368421,107.125,0.25928605169614943,4.450231795310974,8,11
4931,14.0,0.6666666666666666,131.6,0.25921490653393575,4.468956615924835,5,1
4932,-34.0,0.5,181.4,0.25912705472336317,4.355210485458374,10,6
4933,-5.0,0.5714285714285714,169.83333333333334,0.2590977789850513,4.352563583850861,6,1
4934,-19.0,0.5454545454545454,134.7,0.25904760153962925,4.181349999904633,10,1
4935,26.0,0.7142857142857143,175.14285714285714,0.25900579619999464,4.117125709056854,7,0
4936,-62.0,0.21052631578947367,216.66666666666666,0.25895146175676637,4.128883159160614,6,13
4937,-34.0,0.5,191.14285714285714,0.2588637205697676,4.027396733760834,7,1
4938,-81.0,0.23529411764705882,154.83333333333334,0.2587760162263296,4.082452955245972,6,11
4939,-36.0,0.42857142857142855,159.16666666666666,0.25874678962996744,4.131747448444367,6,1
4940,-93.0,0.23076923076923078,208.33333333333334,0.2586466152147281,4.157281849384308,6,7
4941,-7.0,0.4166666666666667,209.57142857142858,0.25854231798360133,4.158735933303833,7,5
4942,36.0,0.375,233.66666666666666,0.2584213985092082,4.175579843521118,6,10
4943,-7.0,0.3333333333333333,157.22222222222223,0.2583463803098309,4.102303876876831,9,12
4944,-5.0,0.3333333333333333,120.11111111111111,0.2582963831784523,4.082886962890625,9,9
4945,10.0,0.6666666666666666,125.8,0.2582713891121449,4.097481784820556,5,1
4946,1.0,0.7142857142857143,159.66666666666666,0.2581048386299308,4.218093745708465,6,1
4947,-7.0,0.6,176.33333333333334,0.2580632218240241,4.264600045681,9,1
4948,39.0,0.8571428571428571,81.66666666666667,0.25803409501189317,4.2110628056526185,6,1
4949,56.0,1.0,291.0,0.25801329264252776,4.227222635746002,5,0
4950,-2.0,0.3888888888888889,193.88888888888889,0.25794673903802684,4.227089171409607,9,9
4951,-66.0,0.2631578947368421,150.55555555555554,0.2578802067272721,4.14079909324646,9,10
4952,-92.0,0.4444444444444444,159.91666666666666,0.25779707127278056,4.076621443033218,12,6
4953,69.0,0.8888888888888888,196.33333333333334,0.2577555160141904,4.108536294698715,9,0
4954,-11.0,0.5714285714285714,67.8,0.2577264322778574,4.095148953199387,5,2
4955,-69.0,0.3333333333333333,305.25,0.2576890448850137,4.070177553892136,8,1
4956,10.0,0.6666666666666666,129.16666666666666,0.25766412369492886,4.088452616930008,6,0
4957,10.0,0.5833333333333334,200.71428571428572,0.25752711059258754,4.038037139177322,7,5
4958,-37.0,0.5,305.57142857142856,0.2574524142789174,4.117066861391067,7,1
4959,22.0,0.8,196.4,0.257431670074717,4.041694382429123,5,0
4960,-17.0,0.375,257.75,0.2573735973376587,4.018056566715241,8,8
4961,-17.0,0.5,228.0,0.25734042021632514,3.958129179477692,6,0
4962,18.0,0.4,164.25,0.25726993645636975,3.982158181667328,8,7
4963,15.0,0.6666666666666666,222.0,0.25721605327800784,4.093098037242889,7,2
4964,3.0,0.23076923076923078,129.33333333333334,0.257112471149059,4.062560019493103,3,10
4965,-33.0,0.42857142857142855,142.4,0.25708347743270565,3.9880455923080445,5,2
4966,23.0,0.7142857142857143,134.0,0.25705448777518847,4.027767753601074,7,0
4967,-102.0,0.1111111111111111,275.6666666666667,0.2570006606062021,4.040328135490418,6,12
4968,39.0,0.8571428571428571,120.57142857142857,0.2569716825422291,4.041603314876556,7,0
4969,-123.0,0.25,131.5,0.2568475367801567,4.076591789722443,6,10
4970,41.0,1.0,159.5,0.2568309896391088,4.088374896049499,4,0
4971,-30.0,0.45454545454545453,249.71428571428572,0.2567358692632385,4.0518527555465695,7,4
4972,13.0,0.5,185.1,0.25664905842969915,4.168082265853882,10,6
4973,-86.0,0.4444444444444444,221.5,0.2565746781579166,4.193821971416473,12,6
4974,-41.0,0.36363636363636365,105.33333333333333,0.2565085848364016,4.13913768529892,6,5
4975,48.0,1.0,158.6,0.25648793501042644,4.15607029914856,5,0
4976,-48.0,0.3125,91.57142857142857,0.25640535635325473,4.205585548877716,7,9
4977,-11.0,0.5714285714285714,190.85714285714286,0.25637233413808586,4.221019296646118,7,0
4978,-15.0,0.5714285714285714,145.42857142857142,0.256343444033661,4.217394726276398,7,0
4979,4.0,0.2777777777777778,163.57142857142858,0.256265048421038,4.163965718746185,7,11
4980,46.0,1.0,122.8,0.2562444229474867,4.138064761161804,5,0
4981,-17.0,0.375,288.25,0.25611659103724643,4.227530448436737,4,4
4982,-21.0,0.42857142857142855,147.25,0.2559600019394524,4.170341956615448,4,3
4983,-18.0,0.5,141.25,0.25587351690176713,4.175186636447907,4,0
4984,8.0,0.23529411764705882,129.83333333333334,0.25584881356196887,4.156747739315033,6,11
4985,35.0,0.7272727272727273,163.1,0.2557994157746856,4.081391685009002,10,1
4986,-126.0,0.3333333333333333,188.76923076923077,0.2557088839502067,3.9589020681381224,13,5
4987,-44.0,0.4166666666666667,225.75,0.2555649381183605,3.9138236451148987,8,4
4988,-28.0,0.21052631578947367,238.57142857142858,0.2555156084530087,3.8777057361602782,7,12
4989,-57.0,0.375,176.83333333333334,0.25543341864868424,3.869799942970276,6,2
4990,10.0,0.6363636363636364,141.44444444444446,0.2553882282677057,3.84889609336853,9,2
4991,-46.0,0.3888888888888889,244.22222222222223,0.2553266210407715,3.84390629529953,9,9
4992,-26.0,0.4166666666666667,109.33333333333333,0.2552486117474804,3.8835319972038267,6,6
4993,-30.0,0.4,87.33333333333333,0.25517063209208923,3.888421471118927,3,2
4994,-13.0,0.3333333333333333,160.0,0.25507217382056063,3.962879617214203,8,10
4995,-86.0,0.3333333333333333,175.83333333333334,0.25499016135461905,3.9709690368175505,6,9
4996,-61.0,0.4,165.71428571428572,0.25489178968825754,3.9041572535037994,7,3
4997,-56.0,0.2,243.5,0.2548713015337135,3.9735046350955963,4,1
4998,-81.0,0.15,142.375,0.25483033137055966,3.977000423669815,8,12
4999,-48.0,0.125,134.5,0.25465834613611954,3.8376141464710236,2,6
5000,-63.0,0.2857142857142857,210.2,0.2546296959732187,3.91064172744751,5,2
